country,year,iso_code,population,gdp,co2,co2_per_capita,total_ghg,coal_co2,oil_co2,gas_co2,cement_co2,co2_per_gdp,energy_per_capita,cumulative_co2,share_global_co2,development_level,carbon_intensity
Afghanistan,1950.0,AFG,7776180.0,9421400000.0,0.084,0.011,19.869,0.021,0.063,0.0,0.0,0.009,-961.7718079644573,0.099,0.001,Bajo,Baja
Afghanistan,1951.0,AFG,7879343.0,9692280000.0,0.092,0.012,21.069,0.026,0.066,0.0,0.0,0.009,-956.1739515712736,0.191,0.001,Bajo,Baja
Afghanistan,1952.0,AFG,7987784.0,10017325000.0,0.092,0.011,22.094,0.032,0.06,0.0,0.0,0.009,-959.8847896223579,0.282,0.001,Bajo,Baja
Afghanistan,1953.0,AFG,8096703.0,10630520000.0,0.106,0.013,23.256,0.038,0.068,0.0,0.0,0.01,-946.5096463322153,0.388,0.002,Bajo,Baja
Afghanistan,1954.0,AFG,8207954.0,10866360000.0,0.106,0.013,24.251,0.043,0.064,0.0,0.0,0.01,-944.490065135917,0.495,0.002,Bajo,Baja
Afghanistan,1955.0,AFG,8326981.0,11078186000.0,0.154,0.018,25.571,0.062,0.092,0.0,0.0,0.014,-929.4783780599972,0.649,0.002,Bajo,Baja
Afghanistan,1956.0,AFG,8454303.0,11581236000.0,0.183,0.022,26.774,0.062,0.121,0.0,0.0,0.016,-913.3523008356027,0.832,0.002,Bajo,Baja
Afghanistan,1957.0,AFG,8588340.0,11578973000.0,0.293,0.034,28.113,0.077,0.216,0.0,0.0,0.025,-862.6215694884763,1.125,0.004,Bajo,Baja
Afghanistan,1958.0,AFG,8723412.0,12238842000.0,0.33,0.038,29.559,0.092,0.238,0.0,0.0,0.027,-847.4007201170638,1.455,0.004,Bajo,Baja
Afghanistan,1959.0,AFG,8869270.0,12579875000.0,0.385,0.043,30.751,0.11,0.256,0.0,0.018,0.031,-828.6440768776217,1.839,0.004,Bajo,Baja
Afghanistan,1960.0,AFG,9035048.0,13033254000.0,0.414,0.046,30.541,0.127,0.269,0.0,0.018,0.032,-813.0712807679163,2.253,0.004,Bajo,Baja
Afghanistan,1961.0,AFG,9214082.0,13146287000.0,0.491,0.053,27.355,0.176,0.293,0.0,0.022,0.037,-780.0518530111873,2.744,0.005,Bajo,Baja
Afghanistan,1962.0,AFG,9404410.0,13367634000.0,0.689,0.073,26.394,0.297,0.363,0.0,0.029,0.052,-705.6823820305522,3.432,0.007,Bajo,Baja
Afghanistan,1963.0,AFG,9604491.0,13630298000.0,0.707,0.074,26.303,0.264,0.392,0.0,0.051,0.052,-690.6805140454203,4.139,0.007,Bajo,Baja
Afghanistan,1964.0,AFG,9814317.0,13870504000.0,0.839,0.085,24.742,0.3,0.476,0.0,0.062,0.06,-644.046982197459,4.978,0.008,Bajo,Baja
Afghanistan,1965.0,AFG,10036003.0,14187420000.0,1.007,0.1,25.25,0.381,0.542,0.0,0.084,0.071,-585.1884094255499,5.985,0.009,Bajo,Baja
Afghanistan,1966.0,AFG,10266397.0,14325264000.0,1.091,0.106,24.825,0.429,0.575,0.0,0.087,0.076,-563.1351401308863,7.076,0.009,Bajo,Baja
Afghanistan,1967.0,AFG,10505961.0,14734026000.0,1.282,0.122,23.815,0.399,0.557,0.26,0.065,0.087,-479.7561448689005,8.358,0.01,Bajo,Baja
Afghanistan,1968.0,AFG,10756924.0,15254250000.0,1.223,0.114,23.469,0.332,0.497,0.347,0.047,0.08,-494.2609580017365,9.581,0.009,Bajo,Baja
Afghanistan,1969.0,AFG,11017417.0,15493194000.0,0.941,0.085,22.325,0.363,0.528,0.0,0.051,0.061,-625.0145112650374,10.522,0.007,Bajo,Baja
Afghanistan,1970.0,AFG,11290134.0,15812232000.0,1.67,0.148,23.143,0.437,0.672,0.217,0.047,0.106,-620.6711215820303,12.193,0.011,Bajo,Baja
Afghanistan,1971.0,AFG,11567672.0,15770513000.0,1.894,0.164,22.65,0.359,0.747,0.44,0.043,0.12,-544.7296700784922,14.086,0.012,Bajo,Baja
Afghanistan,1972.0,AFG,11853698.0,13170553000.0,1.53,0.129,19.424,0.191,0.627,0.3,0.046,0.116,-759.9158787223224,15.617,0.009,Bajo,Baja
Afghanistan,1973.0,AFG,12158000.0,13568631000.0,1.635,0.135,19.576,0.311,0.702,0.333,0.067,0.121,-611.2636657898204,17.252,0.01,Bajo,Baja
Afghanistan,1974.0,AFG,12469127.0,14309108000.0,1.913,0.153,20.115,0.305,0.771,0.4,0.07,0.134,-651.6538042039043,19.165,0.011,Bajo,Baja
Afghanistan,1975.0,AFG,12773966.0,15177768000.0,2.121,0.166,20.737,0.399,0.874,0.475,0.069,0.14,-536.8740740830085,21.287,0.012,Bajo,Baja
Afghanistan,1976.0,AFG,13059861.0,16023605000.0,1.981,0.152,20.578,0.425,0.883,0.3,0.079,0.124,-574.8470174537364,23.267,0.011,Bajo,Baja
Afghanistan,1977.0,AFG,13340758.0,15207360000.0,2.384,0.179,20.478,0.451,0.975,0.513,0.065,0.157,-551.4251881269875,25.652,0.013,Bajo,Media
Afghanistan,1978.0,AFG,13611444.0,16337830000.0,2.153,0.158,19.846,0.576,0.936,0.301,0.058,0.132,-549.2995270125189,27.805,0.011,Bajo,Baja
Afghanistan,1979.0,AFG,13655575.0,15913788000.0,2.233,0.164,19.59,0.352,1.165,0.385,0.064,0.14,-501.90543078752466,30.038,0.011,Bajo,Baja
Afghanistan,1980.0,AFG,13169313.0,15329836000.0,1.756,0.133,18.968,0.316,0.925,0.187,0.023,0.115,481.209,31.794,0.009,Bajo,Baja
Afghanistan,1981.0,AFG,11937586.0,15645344000.0,1.978,0.166,19.135,0.333,1.015,0.304,0.033,0.126,610.639,33.772,0.01,Bajo,Baja
Afghanistan,1982.0,AFG,10991380.0,15980410000.0,2.095,0.191,18.866,0.385,0.993,0.396,0.039,0.131,717.766,35.867,0.011,Bajo,Baja
Afghanistan,1983.0,AFG,10917985.0,16755333000.0,2.52,0.231,18.479,0.385,1.22,0.616,0.006,0.15,905.127,38.387,0.013,Bajo,Media
Afghanistan,1984.0,AFG,11190222.0,17072153000.0,2.822,0.252,17.374,0.393,1.134,0.932,0.048,0.165,887.371,41.209,0.015,Bajo,Media
Afghanistan,1985.0,AFG,11426855.0,17108480000.0,3.501,0.306,16.834,0.4,1.548,1.192,0.032,0.205,842.731,44.71,0.017,Bajo,Media
Afghanistan,1986.0,AFG,11420074.0,17641344000.0,3.134,0.274,14.6,0.425,1.14,1.202,0.038,0.178,875.0,47.844,0.015,Bajo,Media
Afghanistan,1987.0,AFG,11387822.0,15810816000.0,3.114,0.273,14.899,0.443,2.013,0.392,0.043,0.197,1486.687,50.957,0.015,Bajo,Media
Afghanistan,1988.0,AFG,11523299.0,14499069000.0,2.857,0.248,14.973,0.366,1.821,0.44,0.043,0.197,2697.882,53.814,0.013,Bajo,Media
Afghanistan,1989.0,AFG,11874089.0,13489497000.0,2.765,0.233,14.537,0.337,1.865,0.48,0.043,0.205,2569.342,56.579,0.012,Bajo,Media
Afghanistan,1990.0,AFG,12045664.0,13065984000.0,2.024,0.168,13.519,0.278,1.271,0.403,0.046,0.155,2506.867,58.603,0.009,Bajo,Media
Afghanistan,1991.0,AFG,12238879.0,12047361847.0,1.914,0.156,13.711,0.25,1.204,0.389,0.046,0.159,1021.075,60.518,0.008,Bajo,Media
Afghanistan,1992.0,AFG,13278983.0,12677539626.0,1.482,0.112,11.543,0.022,1.03,0.363,0.046,0.117,618.055,62.0,0.007,Bajo,Baja
Afghanistan,1993.0,AFG,14943175.0,9834582315.0,1.487,0.1,10.454,0.018,1.048,0.352,0.047,0.151,545.758,63.487,0.007,Bajo,Media
Afghanistan,1994.0,AFG,16250800.0,7919856426.0,1.454,0.089,10.98,0.015,1.032,0.338,0.047,0.184,484.346,64.941,0.006,Bajo,Media
Afghanistan,1995.0,AFG,17065837.0,12307525468.0,1.417,0.083,12.11,0.015,1.011,0.322,0.047,0.115,386.49,66.358,0.006,Bajo,Baja
Afghanistan,1996.0,AFG,17763266.0,12070125316.0,1.37,0.077,14.851,0.007,0.986,0.308,0.047,0.114,368.899,67.728,0.006,Bajo,Baja
Afghanistan,1997.0,AFG,18452100.0,11850752863.0,1.304,0.071,18.057,0.004,0.949,0.282,0.047,0.11,341.218,69.032,0.005,Bajo,Baja
Afghanistan,1998.0,AFG,19159996.0,11692171422.0,1.279,0.067,16.691,0.004,0.942,0.264,0.047,0.109,321.278,70.311,0.005,Bajo,Baja
Afghanistan,1999.0,AFG,19887792.0,11517315926.0,1.092,0.055,18.338,0.004,0.777,0.242,0.047,0.095,309.214,71.402,0.004,Bajo,Baja
Afghanistan,2000.0,AFG,20130334.0,11283794151.0,1.047,0.052,16.009,0.004,0.788,0.224,0.01,0.093,262.68,72.449,0.004,Bajo,Baja
Afghanistan,2001.0,AFG,20284303.0,11021272927.0,1.069,0.053,14.895,0.07,0.762,0.209,0.007,0.097,179.892,73.519,0.004,Bajo,Baja
Afghanistan,2002.0,AFG,21378123.0,18804871508.0,1.341,0.063,20.037,0.055,0.729,0.546,0.011,0.071,155.695,74.86,0.005,Bajo,Baja
Afghanistan,2003.0,AFG,22733053.0,21074343420.0,1.56,0.069,20.769,0.092,0.993,0.465,0.01,0.074,174.558,76.419,0.006,Bajo,Baja
Afghanistan,2004.0,AFG,23560656.0,22332570533.0,1.237,0.053,18.934,0.092,0.909,0.227,0.01,0.055,157.758,77.657,0.004,Bajo,Baja
Afghanistan,2005.0,AFG,24404575.0,25397686814.0,1.89,0.077,19.199,0.106,1.447,0.33,0.006,0.074,205.468,79.546,0.006,Bajo,Baja
Afghanistan,2006.0,AFG,25424100.0,28704399925.0,2.159,0.085,19.426,0.161,1.657,0.329,0.012,0.075,256.867,81.705,0.007,Bajo,Baja
Afghanistan,2007.0,AFG,25909852.0,34507529735.0,2.8,0.108,20.244,0.747,1.733,0.308,0.012,0.081,299.434,84.505,0.009,Bajo,Baja
Afghanistan,2008.0,AFG,26482631.0,36561043230.0,4.254,0.161,23.057,1.077,2.865,0.297,0.015,0.116,567.922,88.76,0.013,Bajo,Baja
Afghanistan,2009.0,AFG,27466102.0,44358722212.0,6.388,0.233,25.67,1.513,4.591,0.271,0.013,0.144,919.612,95.148,0.02,Bajo,Baja
Afghanistan,2010.0,AFG,28284088.0,47399425562.0,8.365,0.296,29.565,2.246,5.833,0.271,0.015,0.176,1139.987,103.513,0.025,Bajo,Media
Afghanistan,2011.0,AFG,29347708.0,53326336000.0,11.41,0.389,32.977,3.749,7.338,0.308,0.015,0.214,1410.376,114.922,0.033,Bajo,Media
Afghanistan,2012.0,AFG,30560036.0,59166900000.0,9.731,0.318,30.964,2.821,6.573,0.308,0.029,0.164,1276.868,124.654,0.028,Bajo,Media
Afghanistan,2013.0,AFG,31622709.0,62993700000.0,8.891,0.281,30.17,2.97,5.589,0.297,0.036,0.141,1007.797,133.545,0.025,Bajo,Baja
Afghanistan,2014.0,AFG,32792528.0,64346106000.0,8.698,0.265,30.691,3.239,5.159,0.271,0.029,0.135,812.082,142.243,0.025,Bajo,Baja
Afghanistan,2015.0,AFG,33831767.0,62783392000.0,9.384,0.277,30.707,2.439,6.622,0.282,0.041,0.149,914.925,151.627,0.027,Bajo,Baja
Afghanistan,2016.0,AFG,34700613.0,64372217488.0,8.606,0.248,29.947,2.421,5.79,0.319,0.076,0.134,809.074,160.233,0.024,Bajo,Baja
Afghanistan,2017.0,AFG,35688941.0,65169281649.0,9.311,0.261,33.678,2.893,6.073,0.3,0.045,0.143,1023.214,169.544,0.026,Bajo,Baja
Afghanistan,2018.0,AFG,36743040.0,65996738862.0,10.192,0.277,33.581,3.221,6.621,0.293,0.057,0.154,1265.342,179.736,0.028,Bajo,Media
Afghanistan,2019.0,AFG,37856125.0,73085701943.0,10.4,0.275,36.551,3.273,6.843,0.246,0.038,0.142,1244.489,190.136,0.028,Bajo,Baja
Afghanistan,2020.0,AFG,39068977.0,71417706295.0,11.119,0.285,35.765,3.635,7.269,0.154,0.061,0.156,1200.742,201.254,0.032,Bajo,Media
Afghanistan,2021.0,AFG,40000410.0,56638852656.0,9.869,0.247,33.333,2.993,6.701,0.158,0.016,0.174,1189.22,211.123,0.027,Bajo,Media
Afghanistan,2022.0,AFG,40578847.0,53303471617.0,10.17,0.251,36.65,3.488,6.528,0.143,0.011,0.191,1111.573,221.293,0.027,Bajo,Media
Afghanistan,2023.0,AFG,41454762.0,280746411045.31946,10.516,0.254,38.675,3.867,6.498,0.141,0.011,0.22544003778487376,990.47,231.809,0.028,,
Afghanistan,2024.0,AFG,42647502.0,288863938126.6196,10.826,0.254,39.886,3.894,6.795,0.126,0.011,0.23088835808866254,285.6983393778355,242.635,0.028,,
Albania,1950.0,ALB,1247854.0,1958540985.0,0.297,0.238,5.594,0.043,0.246,0.7917629286341221,0.007,0.152,1220.7821433962545,7.463,0.005,Bajo,Media
Albania,1951.0,ALB,1276365.0,2089362284.0,0.403,0.316,6.043,0.073,0.311,0.011,0.007,0.193,-41.01084351492568,7.866,0.006,Bajo,Media
Albania,1952.0,ALB,1308368.0,2138255934.0,0.374,0.286,6.481,0.076,0.279,0.011,0.007,0.175,-141.35332679685052,8.24,0.006,Bajo,Media
Albania,1953.0,ALB,1343581.0,2282159543.0,0.414,0.308,6.798,0.114,0.275,0.018,0.007,0.181,-51.99524959810651,8.654,0.006,Bajo,Media
Albania,1954.0,ALB,1381088.0,2415072969.0,0.502,0.363,7.233,0.158,0.308,0.029,0.007,0.208,150.4570564407295,9.156,0.007,Bajo,Media
Albania,1955.0,ALB,1418855.0,2620052535.0,0.663,0.467,7.687,0.22,0.385,0.037,0.022,0.253,549.9163829453564,9.819,0.009,Bajo,Media
Albania,1956.0,ALB,1456823.0,2728373260.0,0.839,0.576,8.2,0.249,0.509,0.048,0.033,0.307,953.3568706585584,10.658,0.011,Bajo,Media
Albania,1957.0,ALB,1497954.0,2986969624.0,1.506,1.005,9.41,0.275,1.136,0.059,0.036,0.504,2566.59924387978,12.163,0.018,Bajo,Alta
Albania,1958.0,ALB,1543982.0,3216275521.0,1.201,0.778,9.302,0.289,0.806,0.066,0.04,0.374,1769.5048247749282,13.365,0.014,Bajo,Alta
Albania,1959.0,ALB,1595021.0,3458495083.0,1.443,0.905,11.203,0.337,0.993,0.077,0.036,0.417,2277.941311899789,14.808,0.016,Bajo,Alta
Albania,1960.0,ALB,1649393.0,3754262713.0,2.022,1.226,10.294,0.326,1.576,0.084,0.036,0.539,3549.227772039585,16.83,0.022,Medio,Alta
Albania,1961.0,ALB,1698801.0,3909912842.0,2.279,1.341,9.548,0.322,1.814,0.084,0.058,0.583,4008.1384697772683,19.109,0.024,Medio,Alta
Albania,1962.0,ALB,1743739.0,4163081943.0,2.462,1.412,9.37,0.363,1.957,0.084,0.058,0.591,4328.867654442192,21.571,0.025,Medio,Alta
Albania,1963.0,ALB,1791289.0,4433269979.0,2.081,1.162,8.402,0.282,1.649,0.084,0.065,0.469,3406.3099654404978,23.651,0.02,Medio,Alta
Albania,1964.0,ALB,1841445.0,4719963732.0,2.015,1.094,8.999,0.333,1.535,0.084,0.062,0.427,3172.6532803125383,25.666,0.019,Medio,Alta
Albania,1965.0,ALB,1894317.0,5029350780.0,2.172,1.147,9.398,0.395,1.62,0.084,0.073,0.432,3410.5684395666503,27.838,0.019,Medio,Alta
Albania,1966.0,ALB,1950049.0,5354307545.0,2.55,1.307,9.888,0.477,1.901,0.103,0.069,0.476,4072.450698038828,30.388,0.021,Medio,Alta
Albania,1967.0,ALB,2008524.0,5706156728.0,2.677,1.333,9.593,0.524,1.916,0.128,0.109,0.469,4223.723649249407,33.065,0.022,Medio,Alta
Albania,1968.0,ALB,2068848.0,6073281336.0,3.069,1.484,9.903,0.59,2.184,0.147,0.149,0.505,4870.812878670547,36.134,0.024,Medio,Alta
Albania,1969.0,ALB,2126885.0,6468809853.0,3.241,1.524,10.014,0.689,2.22,0.169,0.164,0.501,5068.176932987292,39.376,0.024,Medio,Alta
Albania,1970.0,ALB,2181226.0,6888218921.0,3.739,1.714,10.2,0.891,2.483,0.187,0.178,0.543,5865.654409207613,43.115,0.025,Medio,Alta
Albania,1971.0,ALB,2234995.0,7337364498.0,4.348,1.945,10.608,0.989,2.939,0.242,0.178,0.593,6856.538600419743,47.463,0.028,Medio,Alta
Albania,1972.0,ALB,2289265.0,7811524698.0,5.638,2.463,11.831,1.081,4.082,0.278,0.197,0.722,9043.670090343505,53.101,0.035,Medio,Alta
Albania,1973.0,ALB,2344108.0,8317288195.0,5.286,2.255,11.418,1.169,3.495,0.366,0.256,0.636,8250.517465824689,58.388,0.031,Medio,Alta
Albania,1974.0,ALB,2399397.0,8539399850.0,4.342,1.809,9.875,1.21,2.424,0.429,0.278,0.508,6423.104701625103,62.729,0.026,Medio,Alta
Albania,1975.0,ALB,2454861.0,8761642764.0,4.591,1.87,10.638,1.26,2.455,0.553,0.323,0.524,6698.194111069914,67.32,0.027,Medio,Alta
Albania,1976.0,ALB,2510579.0,8996929866.0,4.947,1.971,12.604,1.272,2.655,0.671,0.349,0.55,7136.069113941134,72.267,0.028,Medio,Alta
Albania,1977.0,ALB,2566603.0,9235806040.0,5.717,2.228,12.462,1.699,2.944,0.699,0.375,0.619,8193.618840421881,77.985,0.031,Medio,Alta
Albania,1978.0,ALB,2624620.0,9474237609.0,6.491,2.473,13.237,2.126,3.285,0.678,0.402,0.685,9198.032776241249,84.476,0.034,Medio,Alta
Albania,1979.0,ALB,2681393.0,9727294997.0,7.584,2.828,14.26,2.681,3.772,0.707,0.424,0.78,10662.503861321584,92.06,0.039,Medio,Alta
Albania,1980.0,ALB,2735424.0,9993752701.0,5.171,1.89,11.777,2.323,1.572,0.773,0.503,0.517,15280.113,97.231,0.027,Medio,Alta
Albania,1981.0,ALB,2790413.0,10248711161.0,7.343,2.632,13.802,2.645,3.495,0.806,0.396,0.716,14787.413,104.574,0.039,Medio,Alta
Albania,1982.0,ALB,2846910.0,10517106662.0,7.308,2.567,14.056,2.88,3.144,0.865,0.419,0.695,14521.8,111.882,0.039,Medio,Alta
Albania,1983.0,ALB,2905128.0,10795983352.0,7.631,2.627,14.863,3.103,3.129,0.975,0.424,0.707,14811.815,119.512,0.04,Medio,Alta
Albania,1984.0,ALB,2964961.0,11080088527.0,7.826,2.639,14.523,3.4,2.946,1.044,0.436,0.706,14592.307,127.338,0.04,Medio,Alta
Albania,1985.0,ALB,3026245.0,11371456744.0,7.882,2.604,14.435,3.723,2.755,0.971,0.433,0.693,14210.347,135.22,0.039,Medio,Alta
Albania,1986.0,ALB,3087658.0,11669745014.0,8.058,2.61,14.6,3.708,2.869,1.052,0.43,0.691,13516.784,143.278,0.039,Medio,Alta
Albania,1987.0,ALB,3148843.0,11975300148.0,7.447,2.365,14.47,3.737,2.821,0.451,0.438,0.622,12914.778,150.725,0.035,Medio,Alta
Albania,1988.0,ALB,3212924.0,12296424628.0,7.329,2.281,13.912,4.018,2.577,0.356,0.379,0.596,13037.287,158.054,0.033,Medio,Alta
Albania,1989.0,ALB,3260369.0,12617018592.0,8.986,2.756,16.214,4.056,4.096,0.447,0.387,0.712,11985.987,167.041,0.04,Medio,Alta
Albania,1990.0,ALB,3277965.0,12947849077.0,5.521,1.684,12.001,2.499,2.173,0.465,0.384,0.426,8505.582,172.561,0.024,Medio,Alta
Albania,1991.0,ALB,3282608.0,9375856841.0,4.29,1.307,10.52,1.48,2.228,0.275,0.307,0.458,6415.621,176.851,0.018,Medio,Alta
Albania,1992.0,ALB,3282506.0,8745674435.0,2.517,0.767,7.667,0.8,1.416,0.198,0.103,0.288,5544.973,179.368,0.011,Medio,Media
Albania,1993.0,ALB,3277831.0,9636341649.0,2.338,0.713,7.19,0.6,1.478,0.157,0.103,0.243,4578.229,181.706,0.01,Medio,Media
Albania,1994.0,ALB,3269417.0,10596114842.0,1.924,0.588,7.232,0.169,1.605,0.099,0.052,0.182,3980.571,183.63,0.008,Medio,Media
Albania,1995.0,ALB,3258573.0,11600732968.0,2.089,0.641,7.302,0.161,1.773,0.051,0.103,0.18,4391.918,185.719,0.009,Medio,Media
Albania,1996.0,ALB,3245680.0,12468867839.0,2.018,0.622,6.818,0.114,1.755,0.044,0.105,0.162,4159.798,187.737,0.008,Medio,Media
Albania,1997.0,ALB,3229665.0,11020137102.0,1.543,0.478,5.991,0.044,1.411,0.037,0.052,0.14,4001.062,189.28,0.006,Medio,Baja
Albania,1998.0,ALB,3210134.0,12026242682.0,1.755,0.547,6.219,0.055,1.623,0.033,0.044,0.146,4636.601,191.035,0.007,Medio,Baja
Albania,1999.0,ALB,3188598.0,13673692880.0,2.986,0.937,7.264,0.11,2.792,0.029,0.055,0.218,3659.295,194.021,0.012,Medio,Media
Albania,2000.0,ALB,3166147.0,14736835655.0,3.025,0.955,7.124,0.07,2.84,0.022,0.094,0.205,6216.746,197.046,0.012,Medio,Media
Albania,2001.0,ALB,3147943.0,16103903904.0,3.221,1.023,7.202,0.081,3.125,0.015,0.0,0.2,6383.707,200.266,0.013,Medio,Media
Albania,2002.0,ALB,3134095.0,17037279441.0,3.748,1.196,7.704,0.084,3.638,0.026,0.0,0.22,7213.592,204.015,0.014,Medio,Media
Albania,2003.0,ALB,3118093.0,18171076149.0,4.303,1.38,8.847,0.084,3.891,0.026,0.302,0.237,7441.479,208.318,0.016,Medio,Media
Albania,2004.0,ALB,3098662.0,19346601376.0,4.177,1.348,7.716,0.084,3.759,0.033,0.3,0.216,8072.544,212.495,0.015,Medio,Media
Albania,2005.0,ALB,3076156.0,20562850324.0,4.261,1.385,10.937,0.073,3.91,0.022,0.256,0.207,8044.378,216.756,0.014,Medio,Media
Albania,2006.0,ALB,3050805.0,21889974405.0,3.911,1.282,8.405,0.073,3.54,0.022,0.276,0.179,7711.403,220.667,0.013,Medio,Media
Albania,2007.0,ALB,3022887.0,23259283502.0,4.004,1.324,11.476,0.073,3.43,0.033,0.468,0.172,7655.497,224.671,0.013,Medio,Media
Albania,2008.0,ALB,2992933.0,25006230217.0,4.448,1.486,10.527,0.103,3.847,0.015,0.484,0.178,7983.493,229.119,0.014,Alto,Media
Albania,2009.0,ALB,2961487.0,25821550979.0,4.37,1.476,9.234,0.407,3.36,0.018,0.585,0.169,8136.838,233.489,0.014,Alto,Media
Albania,2010.0,ALB,2928731.0,26747818608.0,4.817,1.645,9.359,0.447,3.506,0.026,0.838,0.18,7582.633,238.306,0.014,Alto,Media
Albania,2011.0,ALB,2911499.0,27431048326.0,5.175,1.778,9.83,0.586,3.583,0.029,0.976,0.189,8232.201,243.481,0.015,Alto,Media
Albania,2012.0,ALB,2910003.0,27819814441.0,4.93,1.694,9.602,0.686,3.175,0.029,1.039,0.177,7727.736,248.411,0.014,Alto,Media
Albania,2013.0,ALB,2907571.0,28098562696.0,5.346,1.839,9.96,0.846,3.338,0.033,1.129,0.19,9065.398,253.757,0.015,Alto,Media
Albania,2014.0,ALB,2903748.0,28597169040.0,6.072,2.091,10.844,1.096,3.862,0.059,1.045,0.212,8866.902,259.83,0.017,Alto,Media
Albania,2015.0,ALB,2898634.0,29231663899.0,4.712,1.626,10.131,0.322,3.338,0.062,0.954,0.161,8292.746,264.542,0.013,Alto,Media
Albania,2016.0,ALB,2897868.0,30200694449.0,4.555,1.572,9.365,0.191,3.364,0.081,0.88,0.151,9234.724,269.097,0.013,Alto,Media
Albania,2017.0,ALB,2898245.0,31348975722.0,5.344,1.844,10.08,0.44,3.778,0.084,1.011,0.17,10106.212,274.441,0.015,Alto,Media
Albania,2018.0,ALB,2894229.0,32609000823.0,5.195,1.795,9.622,0.847,3.333,0.073,0.928,0.159,9672.062,279.635,0.014,Alto,Media
Albania,2019.0,ALB,2885011.0,33289747424.0,4.941,1.712,8.936,0.451,3.426,0.132,0.928,0.148,8630.006,284.576,0.013,Alto,Baja
Albania,2020.0,ALB,2871950.0,32130726850.0,4.865,1.694,8.303,0.572,2.876,0.095,1.322,0.151,7352.821,289.441,0.014,Alto,Media
Albania,2021.0,ALB,2849641.0,34866976278.0,5.137,1.803,8.336,0.861,2.862,0.103,1.312,0.147,8944.888,294.578,0.014,Alto,Baja
Albania,2022.0,ALB,2827614.0,36171005594.0,4.498,1.591,7.418,0.542,2.946,0.088,0.907,0.124,9147.205,299.076,0.012,Alto,Baja
Albania,2023.0,ALB,2811660.0,17709697136.715237,4.417,1.571,7.044,0.514,2.908,0.088,0.907,0.24211158308137642,8032.07,303.494,0.012,,
Albania,2024.0,ALB,2791756.0,17572350089.321186,4.444,1.592,6.708,0.495,2.956,0.086,0.907,0.248706238842452,6083.136972960421,307.938,0.012,,
Algeria,1950.0,DZA,9018423.0,19350553875.0,3.784,0.42,31.082,1.883,1.74,0.4830501585504079,0.16,0.196,2136.583117793451,11.08,0.064,Bajo,Media
Algeria,1951.0,DZA,9269870.0,19480383067.0,4.131,0.446,33.317,2.041,1.869,0.44398125826914114,0.222,0.212,2213.8765379222104,15.211,0.065,Bajo,Media
Algeria,1952.0,DZA,9521212.0,20349999181.0,3.889,0.408,32.729,1.843,1.806,0.47264801942766055,0.24,0.191,2088.880869521786,19.1,0.06,Bajo,Media
Algeria,1953.0,DZA,9772644.0,20798191134.0,3.999,0.409,36.135,1.548,2.197,0.4523291996184584,0.255,0.192,2099.671436733842,23.099,0.06,Bajo,Media
Algeria,1954.0,DZA,10014393.0,22019013543.0,4.152,0.415,37.567,1.484,2.341,0.44868209052333174,0.327,0.189,2155.02623445136,27.252,0.061,Bajo,Media
Algeria,1955.0,DZA,10247429.0,22665781899.0,4.607,0.45,40.798,1.594,2.678,0.40988038098358537,0.334,0.203,2269.9681655115637,31.858,0.062,Bajo,Media
Algeria,1956.0,DZA,10482183.0,24891403710.0,4.995,0.477,43.202,1.761,2.911,0.3994308447306558,0.323,0.201,2393.2933175034013,36.853,0.063,Medio,Media
Algeria,1957.0,DZA,10717503.0,27721041545.0,5.537,0.517,46.113,1.975,3.21,0.38770569083132767,0.353,0.2,2599.568726708816,42.39,0.068,Medio,Media
Algeria,1958.0,DZA,10953641.0,28728693964.0,5.214,0.476,44.291,1.81,2.986,0.4174621587232865,0.418,0.181,2457.398373575348,47.604,0.062,Medio,Media
Algeria,1959.0,DZA,11189621.0,33993148027.0,5.657,0.506,49.56,1.462,3.723,0.4176611163710766,0.472,0.166,2664.3607358018894,53.262,0.064,Medio,Media
Algeria,1960.0,DZA,11424930.0,36306130250.0,6.151,0.538,54.116,1.257,4.371,0.3883535196344665,0.523,0.169,2821.0594272014946,59.413,0.066,Medio,Media
Algeria,1961.0,DZA,11628877.0,31896876515.0,6.056,0.521,44.785,0.765,4.31,0.45,0.53,0.19,1612.7067228057067,65.469,0.064,Medio,Media
Algeria,1962.0,DZA,11800768.0,25126165785.0,5.661,0.48,38.421,0.406,4.134,0.688,0.432,0.225,1348.869452767668,71.13,0.058,Bajo,Media
Algeria,1963.0,DZA,11982121.0,31766970005.0,5.419,0.452,33.21,0.253,4.126,0.605,0.436,0.171,1308.1024113350331,76.549,0.053,Medio,Media
Algeria,1964.0,DZA,12179807.0,33433419329.0,5.643,0.463,33.785,0.282,3.781,1.191,0.389,0.169,1401.0809029252569,82.192,0.052,Medio,Media
Algeria,1965.0,DZA,12365979.0,35661973735.0,6.589,0.533,37.041,0.264,4.179,1.778,0.367,0.185,2008.143,88.78,0.058,Medio,Media
Algeria,1966.0,DZA,12590068.0,33932634033.0,8.421,0.669,46.321,0.271,5.972,1.85,0.327,0.248,2369.529,97.201,0.071,Medio,Media
Algeria,1967.0,DZA,12876115.0,37094770661.0,8.432,0.655,42.102,0.19,6.091,1.791,0.36,0.227,2193.783,105.633,0.069,Medio,Media
Algeria,1968.0,DZA,13172615.0,41423886061.0,9.05,0.687,41.667,0.202,6.536,1.884,0.429,0.218,2303.642,114.683,0.07,Medio,Media
Algeria,1969.0,DZA,13475959.0,45387458950.0,11.263,0.836,46.659,0.451,7.868,2.476,0.469,0.248,2488.817,125.946,0.082,Medio,Media
Algeria,1970.0,DZA,13783722.0,49945666845.0,15.059,1.093,57.045,0.971,6.837,0.136,0.458,0.302,2666.834,141.005,0.101,Medio,Media
Algeria,1971.0,DZA,14098937.0,45701215972.0,18.642,1.322,62.57,0.901,7.617,0.674,0.469,0.408,2818.145,159.647,0.12,Medio,Alta
Algeria,1972.0,DZA,14427075.0,55293908511.0,28.308,1.962,79.812,0.649,7.258,3.136,0.443,0.512,3094.726,187.955,0.174,Medio,Alta
Algeria,1973.0,DZA,14771150.0,57097847688.0,38.254,2.59,88.987,0.821,9.376,3.147,0.474,0.67,3605.046,226.209,0.224,Medio,Alta
Algeria,1974.0,DZA,15133508.0,60577884755.0,31.847,2.104,89.549,0.7,9.607,2.451,0.436,0.526,3892.616,258.056,0.187,Medio,Alta
Algeria,1975.0,DZA,15678603.0,64883812851.0,31.964,2.039,91.031,0.791,11.291,4.459,0.432,0.493,4488.262,290.02,0.188,Medio,Alta
Algeria,1976.0,DZA,16409171.0,69150103648.0,39.068,2.381,93.148,0.586,11.035,6.063,0.625,0.565,5003.428,329.088,0.219,Medio,Alta
Algeria,1977.0,DZA,17015988.0,75438035015.0,41.753,2.454,96.323,0.605,13.868,3.605,0.782,0.553,5301.638,370.841,0.227,Medio,Alta
Algeria,1978.0,DZA,17506977.0,85103913585.0,62.299,3.559,118.324,0.572,13.165,23.856,1.165,0.732,6475.217,433.14,0.327,Medio,Alta
Algeria,1979.0,DZA,18036655.0,92753892187.0,45.303,2.512,103.286,0.894,15.359,8.167,1.599,0.488,8235.463,478.443,0.232,Medio,Alta
Algeria,1980.0,DZA,18607175.0,94481648187.0,66.124,3.554,120.856,1.608,18.62,25.479,1.729,0.7,9520.142,544.567,0.341,Medio,Alta
Algeria,1981.0,DZA,19220708.0,96860512464.0,45.999,2.393,98.061,1.909,18.157,11.165,1.823,0.475,11195.538,590.566,0.244,Medio,Alta
Algeria,1982.0,DZA,19872353.0,103073663847.0,38.808,1.953,87.834,1.975,18.642,7.17,1.761,0.377,12485.292,629.374,0.207,Medio,Alta
Algeria,1983.0,DZA,20558120.0,108430390837.0,52.074,2.533,110.712,3.148,22.022,16.61,1.889,0.48,13180.519,681.448,0.275,Medio,Alta
Algeria,1984.0,DZA,21271969.0,114406671796.0,70.417,3.31,128.428,4.027,22.768,30.51,2.131,0.615,12231.881,751.865,0.362,Medio,Alta
Algeria,1985.0,DZA,22008542.0,120364208777.0,71.988,3.271,131.022,3.078,22.504,27.7,2.299,0.598,11917.944,823.853,0.357,Medio,Alta
Algeria,1986.0,DZA,22745501.0,119145030269.0,75.382,3.314,137.133,2.726,22.761,33.086,2.384,0.633,12199.799,899.235,0.369,Medio,Alta
Algeria,1987.0,DZA,23443627.0,118321211437.0,83.02,3.541,144.349,2.968,25.091,40.117,2.727,0.702,12163.992,982.255,0.393,Medio,Alta
Algeria,1988.0,DZA,24109538.0,115821713281.0,82.839,3.436,143.595,2.975,27.285,38.972,2.546,0.715,12668.091,1065.093,0.378,Medio,Alta
Algeria,1989.0,DZA,24754488.0,119762433617.0,78.942,3.189,140.996,2.986,25.153,36.673,2.357,0.659,12000.583,1144.035,0.356,Medio,Alta
Algeria,1990.0,DZA,25375815.0,117843179781.0,75.892,2.991,146.321,2.942,23.204,38.908,2.143,0.644,12412.359,1219.927,0.334,Medio,Alta
Algeria,1991.0,DZA,25987937.0,121105141795.0,77.976,3.0,154.618,2.689,26.066,38.428,2.138,0.644,12009.229,1297.903,0.336,Medio,Alta
Algeria,1992.0,DZA,26628570.0,127982696018.0,79.284,2.977,149.155,2.378,28.678,31.932,2.399,0.619,12025.688,1377.188,0.352,Medio,Alta
Algeria,1993.0,DZA,27277042.0,130275774703.0,81.306,2.981,153.619,1.924,27.993,36.098,2.35,0.624,10924.754,1458.494,0.357,Medio,Alta
Algeria,1994.0,DZA,27887277.0,134279859768.0,87.848,3.15,158.236,2.286,30.45,37.386,2.061,0.654,10826.482,1546.342,0.382,Medio,Alta
Algeria,1995.0,DZA,28470194.0,145054664533.0,95.906,3.369,174.484,1.935,27.081,47.222,2.294,0.661,10999.042,1642.248,0.408,Medio,Alta
Algeria,1996.0,DZA,29033045.0,156579113896.0,99.56,3.429,177.947,1.407,27.407,50.567,2.526,0.636,10674.896,1741.807,0.411,Medio,Alta
Algeria,1997.0,DZA,29579299.0,164644463404.0,87.517,2.959,157.481,1.381,30.019,39.007,2.419,0.532,10069.873,1829.324,0.359,Medio,Alta
Algeria,1998.0,DZA,30054135.0,179962887740.0,105.74,3.518,172.446,2.11,33.09,54.641,2.65,0.588,10259.786,1935.064,0.435,Medio,Alta
Algeria,1999.0,DZA,30474360.0,193179776879.0,90.613,2.973,156.844,2.173,22.188,50.92,2.599,0.469,10219.548,2025.677,0.365,Medio,Alta
Algeria,2000.0,DZA,30903894.0,208554150552.0,84.552,2.736,156.96,1.96,26.828,38.534,2.943,0.405,9705.756,2110.23,0.331,Medio,Alta
Algeria,2001.0,DZA,31331226.0,223420294027.0,86.019,2.745,150.513,2.096,28.458,41.029,2.946,0.385,9920.229,2196.249,0.335,Medio,Alta
Algeria,2002.0,DZA,31750832.0,245360923720.0,89.658,2.824,150.197,2.609,29.495,44.653,3.024,0.365,10139.907,2285.907,0.341,Medio,Alta
Algeria,2003.0,DZA,32175813.0,273568638765.0,94.078,2.924,162.177,2.788,31.943,44.027,3.529,0.344,10471.285,2379.985,0.34,Alto,Alta
Algeria,2004.0,DZA,32628286.0,296773569597.0,90.853,2.784,155.878,1.924,32.818,41.209,4.035,0.306,10720.079,2470.838,0.318,Alto,Media
Algeria,2005.0,DZA,33109258.0,326854481030.0,109.564,3.309,173.606,2.363,31.052,61.211,4.233,0.335,11062.512,2580.402,0.37,Alto,Alta
Algeria,2006.0,DZA,33623505.0,345705309468.0,103.798,3.087,171.777,2.7,35.233,49.306,4.442,0.3,11278.422,2684.2,0.339,Alto,Media
Algeria,2007.0,DZA,34189420.0,371665260161.0,107.549,3.146,171.844,3.012,38.322,51.076,4.66,0.289,11688.989,2791.749,0.341,Alto,Media
Algeria,2008.0,DZA,34816963.0,395658515586.0,108.596,3.119,176.144,3.008,37.363,51.551,5.092,0.274,12165.246,2900.344,0.339,Alto,Media
Algeria,2009.0,DZA,35490442.0,418247711085.0,116.328,3.278,177.874,1.594,44.891,54.894,5.692,0.278,12647.33,3016.673,0.369,Alto,Media
Algeria,2010.0,DZA,36188237.0,450705801593.0,117.847,3.257,184.522,1.216,45.365,53.368,7.746,0.261,12130.873,3134.52,0.354,Alto,Media
Algeria,2011.0,DZA,36903374.0,482028679734.0,124.715,3.38,191.634,1.121,46.92,56.721,7.735,0.259,12586.607,3259.235,0.362,Alto,Media
Algeria,2012.0,DZA,37646165.0,498417638719.0,135.593,3.602,203.436,1.107,48.541,64.116,7.543,0.272,13485.354,3394.829,0.388,Alto,Media
Algeria,2013.0,DZA,38414176.0,512373332647.0,141.534,3.684,209.305,0.777,52.018,65.45,7.896,0.276,13978.61,3536.363,0.401,Alto,Media
Algeria,2014.0,DZA,39205035.0,531843509827.0,152.435,3.888,223.066,0.579,53.582,73.833,8.087,0.287,14937.195,3688.798,0.43,Alto,Media
Algeria,2015.0,DZA,40019528.0,551521739825.0,160.322,4.006,231.053,0.535,55.59,78.769,8.263,0.291,15430.422,3849.119,0.453,Alto,Media
Algeria,2016.0,DZA,40850719.0,569170418715.0,158.308,3.875,230.961,0.0,54.628,78.679,8.928,0.278,15103.672,4007.427,0.447,Alto,Media
Algeria,2017.0,DZA,41689302.0,577138830559.0,165.252,3.964,237.597,0.923,55.324,82.354,10.1,0.286,14962.943,4172.679,0.459,Alto,Media
Algeria,2018.0,DZA,42505033.0,584064441740.0,174.461,4.104,248.318,1.546,56.231,88.889,11.404,0.299,15753.894,4347.141,0.475,Alto,Media
Algeria,2019.0,DZA,43294551.0,589905104177.0,182.425,4.214,254.628,1.275,59.637,91.998,12.542,0.309,16037.789,4529.565,0.492,Alto,Media
Algeria,2020.0,DZA,44042094.0,559819958223.0,171.139,3.886,239.32,0.575,54.13,87.026,11.879,0.306,14733.604,4700.704,0.487,Alto,Media
Algeria,2021.0,DZA,44761099.0,578853830170.0,182.036,4.067,256.166,1.176,57.343,96.259,11.925,0.314,15808.98,4882.74,0.494,Alto,Alta
Algeria,2022.0,DZA,45477391.0,595820067103.0,192.779,4.239,269.216,0.758,61.61,101.379,12.836,0.324,16145.337,5075.519,0.514,Alto,Alta
Algeria,2023.0,DZA,46164222.0,312826601985.4475,202.847,4.394,278.953,0.734,64.676,109.222,12.836,0.37756844324880195,16994.377,5278.365,0.532,,
Algeria,2024.0,DZA,46814302.0,317251365452.093,198.203,4.234,276.134,0.606,68.143,101.8,12.836,0.35081932510221864,16237.188,5476.568,0.513,,
Andorra,1950.0,AND,6018.0,-1370510809.3249233,66.43131037636162,5.370538509511136,0.078,42.50545578313255,12.003165705811682,11.490633018854652,0.0,0.4166517819872919,24281.784226781845,2285.638753314975,0.2346568242640958,,
Andorra,1951.0,AND,5843.0,-1371702102.2489643,66.43114537538958,5.370522497149948,0.072,42.505619788582834,12.002846759085244,11.490632373569504,0.0,0.41665131282747864,24281.70456872531,2285.6384858080914,0.23465635906963322,,
Andorra,1952.0,AND,5474.0,-1374213638.6909535,66.43150236100382,5.370579696452347,0.085,42.505245011359186,12.00358343547061,11.490632407538456,0.0,0.4166518315868326,24281.978541222463,2285.637343964096,0.2346545075413961,,
Andorra,1953.0,AND,5346.0,-1375084993.6633675,66.4313648725049,5.370565816367525,0.08,42.505382145751724,12.003316559008958,11.490631902316714,0.0,0.4166514524847976,24281.909743009597,2285.637162074065,0.2346541880373088,,
Andorra,1954.0,AND,5623.0,-1373199537.04693,66.43128262364903,5.370546845539827,0.077,42.50547361561028,12.003134857489904,11.49063224427509,0.0,0.4166514604059085,24281.82052254664,2285.637866991639,0.23465534853792014,,
Andorra,1955.0,AND,6187.0,-1369360266.4321253,66.4316402533536,5.370575978955396,0.09,42.50512307113145,12.00381463711426,11.490633979403647,0.0,0.4166525998880321,24281.968069231512,2285.6388718693347,0.23465706288152735,,
Andorra,1956.0,AND,6788.0,-1365269384.8570583,66.43155822816897,5.370547261774712,0.087,42.5052229562197,12.00361317723447,11.490634912118423,0.0,0.41665282336560316,24281.834945271,2285.640322272255,0.23465946169133206,,
Andorra,1957.0,AND,7420.0,-1360966791.4171536,66.43274030562678,5.370680732634669,0.13,42.504031424334016,12.00593690344509,11.490638402251797,0.0,0.4166557717515365,24282.49013446848,2285.6408078736417,0.23466041770009471,,
Andorra,1958.0,AND,8090.0,-1356406631.0856485,66.43194384737393,5.370557741263218,0.101,42.50486348797854,12.004302888150562,11.4906380472261,0.0,0.41665451262622666,24281.899718105746,2285.643002675369,0.23466396268720552,,
Andorra,1959.0,AND,8794.0,-1351614885.3180056,66.43142221286269,5.370469188118079,0.082,42.50541551684734,12.003216163915361,11.49063829786629,0.0,0.41665386400889415,24281.47698019483,2285.645050461638,0.23466729821137688,,
Andorra,1960.0,AND,9532.0,-1346591493.3330953,66.4312853222011,5.370429257595964,0.077,42.50557514379826,12.002896476526573,11.490639371641592,0.0,0.41665406105468117,24281.290834979318,2285.646861134294,0.2346702885090228,,
Andorra,1961.0,AND,10307.0,-1341316049.7247314,66.43150569743315,5.370434313353684,0.085,42.50537053853559,12.003288706589629,11.490641219654684,0.0,0.4166550469706952,24281.323647384477,2285.6484641205193,0.23467297898686526,,
Andorra,1962.0,AND,11107.0,-1335870631.9761326,66.43136884957283,5.370392517788713,0.08,42.505531775808215,12.002965238279948,11.490642406475978,0.0,0.41665528526494067,24281.12910088243,2285.650417447778,0.23467620624491228,,
Andorra,1963.0,AND,11936.0,-1330227799.88472,66.43125950175948,5.370353395964162,0.076,42.50566567451033,12.002694937921767,11.490643700540907,0.0,0.41665560164160537,24280.947853307192,2285.6524149760385,0.2346795103983794,,
Andorra,1964.0,AND,12787.0,-1324435201.520587,66.43117764916065,5.370317158449386,0.073,42.50577205283137,12.002478232393251,11.490645089086236,0.0,0.41665599144360543,24280.780853191212,2285.6544405991303,0.23468286469367303,,
Andorra,1965.0,AND,13656.0,-1318520064.3523588,66.431123289015,5.37028392556973,0.071,42.505850806879636,12.002315365624796,11.490646564818626,0.0,0.4166564520097497,24280.628642552907,2285.6564851135404,0.2346862538430251,,
Andorra,1966.0,AND,14649.0,-1311760845.266189,66.43112397452593,5.370254054802717,0.071,42.505876598000285,12.002254809908095,11.490648375377603,0.0,0.4166571126503819,24280.49408646327,2285.6587698880735,0.23469004903138657,,
Andorra,1967.0,AND,15860.0,-1303517774.7258012,66.43104237045073,5.37020698800685,0.068,42.5059923265766,12.002016150645446,11.490650420318879,0.0,0.4166577419595598,24280.278304683383,2285.661623828221,0.2346947792257842,,
Andorra,1968.0,AND,17201.0,-1294389720.283404,66.43112573628213,5.370177287232306,0.071,42.50594288092066,12.00209918232602,11.49065302849587,0.0,0.4166588104901535,24280.148278668003,2285.664641735622,0.2346998026272561,,
Andorra,1969.0,AND,18581.0,-1284996258.803043,66.4310992089289,5.370132228888942,0.07,42.50600681535122,12.001960089898326,11.490655490313216,0.0,0.4166596698122163,24279.944053728777,2285.667839475525,0.23470511084805085,,
Andorra,1970.0,AND,19999.0,-1275344090.784896,66.43115514788975,5.3700966657523255,0.072,42.50598746139656,12.00198348947233,11.4906581845187,0.0,0.4166607307819491,24279.786365296593,2285.671057075279,0.23471046247995006,,
Andorra,1971.0,AND,21466.0,-1265358371.0808098,66.4312386007044,5.3700631747294,0.075,42.50594128832997,12.002058837345942,11.490661022434281,0.0,0.4166618831400552,24279.639265698865,2285.674364893646,0.23471596744610845,,
Andorra,1972.0,AND,22978.0,-1255066342.3546917,66.4313220845845,5.370028330046338,0.078,42.50589628404529,12.002131441002774,11.490663942399344,0.0,0.41666306543655873,24279.48606839315,2285.6777762516435,0.23472164439965484,,
Andorra,1973.0,AND,24544.0,-1244406727.606853,66.43143308577015,5.369995407070288,0.082,42.505824590513356,12.002255688046247,11.490667015191121,0.0,0.4166643424479243,24279.34278239871,2285.681289332661,0.23472749379717023,,
Andorra,1974.0,AND,26153.0,-1233454402.3760126,66.43157159666755,5.369964736695949,0.087,42.50572592203189,12.002432249284915,11.490670220753046,0.0,0.416665706855877,24279.210898266425,2285.6848788270086,0.23473347359729313,,
Andorra,1975.0,AND,27799.0,-1222250283.84152,66.43160021299968,5.369918768915462,0.088,42.50574058169108,12.002386808380514,11.490673276308726,0.0,0.4166668607247034,24279.005086219546,2285.6886435521005,0.23473973057285463,,
Andorra,1976.0,AND,29457.0,-1210964422.1200225,66.4317387577239,5.369886624555643,0.093,42.50564318588329,12.002560381472023,11.49067657121342,0.0,0.4166682577322444,24278.866562360807,2285.6923457896014,0.23474589764813342,,
Andorra,1977.0,AND,31125.0,-1199610491.7269626,66.43187730935153,5.369854179382458,0.098,42.5055460498048,12.002733344737571,11.490679884351302,0.0,0.41666966139276285,24278.72668345583,2285.696071035906,0.23475210294283175,,
Andorra,1978.0,AND,32758.0,-1188494847.270219,66.4319333967362,5.369812148758521,0.1,42.505532280030316,12.002743633053669,11.490682970571108,0.0,0.4166708654015041,24278.539861529945,2285.699783325012,0.23475827629225116,,
Andorra,1979.0,AND,34326.0,-1177821603.5927854,66.43207187932953,5.3697827117189725,0.105,42.50543254665873,12.002922694578707,11.490686101376788,0.0,0.4166722025322508,24278.413533087176,2285.7032784832486,0.234764099392754,,
Andorra,1980.0,AND,35802.0,-1167774606.8890104,66.43218281838428,5.369752496063197,0.109,42.50535851556296,12.003052430055725,11.49068901006958,0.0,0.4166734196668219,24278.282442508727,2285.7065844850035,0.23476960481549336,,
Andorra,1981.0,AND,37194.0,-1158299387.0263615,66.43229369945017,5.369724807239671,0.113,42.505282302741,12.003187288070706,11.490691765603259,0.0,0.4166745809163847,24278.162734318506,2285.709697212777,0.23477478919510858,,
Andorra,1982.0,AND,38785.0,-1147469585.4043336,66.43243219792139,5.36969467832939,0.118,42.50518316674682,12.003364946996072,11.490694938345356,0.0,0.4166759333489788,24278.033289269453,2285.7132452912724,0.23478070020027636,,
Andorra,1983.0,AND,40586.0,-1135210280.8983607,66.43268076147271,5.36967241673517,0.127,42.504977117926025,12.003749545363547,11.490698711454336,0.0,0.4166776606492354,24277.94430249336,2285.717186456554,0.23478727804966845,,
Andorra,1984.0,AND,42291.0,-1123604496.4205189,66.43281933864307,5.369638858552541,0.132,42.50488094284597,12.00392025227309,11.490702092055194,0.0,0.416679088925769,24277.799409917363,2285.7209968354496,0.2347936247562189,,
Andorra,1985.0,AND,43845.0,-1113026624.8596852,66.4328204114366,5.369592112155826,0.132,42.50492130478103,12.003825485320661,11.490704925497901,0.0,0.41668012279842015,24277.588835734812,2285.7245724040554,0.23479956405401725,,
Andorra,1986.0,AND,45758.0,-1100004996.818058,66.43298661222536,5.369555843154406,0.138,42.50480244028512,12.00403844429723,11.490708739717086,0.0,0.4166817482456642,24277.432986758362,2285.728838841595,0.23480667178359782,,
Andorra,1987.0,AND,47677.0,-1086942633.9404705,66.43296045696722,5.369494570970739,0.137,42.504880374125584,12.003866482250935,11.49071218430511,0.0,0.41668296616319583,24277.155724827888,2285.733276756199,0.2348140400311063,,
Andorra,1988.0,AND,49441.0,-1074935320.2768214,66.43296167473285,5.369441507493387,0.137,42.50492619037617,12.003758908953593,11.490715400645492,0.0,0.4166841397483672,24276.916694674717,2285.737335509753,0.23482078193671513,,
Andorra,1989.0,AND,50638.0,-1066787500.2907739,66.43296250107382,5.369405500133755,0.137,42.504957279974796,12.003685912787539,11.490717583162166,0.0,0.4166849361097336,24276.754495642217,2285.7400896639506,0.2348253568012355,,
Andorra,1990.0,AND,52616.0,-1047118492.9680135,0.403,7.66,0.54,0.0,0.403,0.744553637983046,0.0,0.6579052481918091,34402.38510789364,0.403,0.002,,
Andorra,1991.0,AND,56691.0,-1021544160.6060314,0.403,7.109,0.553,0.0,0.403,0.7515869376977452,0.0,0.6193688355463787,31944.94594984155,0.806,0.002,,
Andorra,1992.0,AND,60217.0,-999176440.9307574,0.403,6.693,0.565,0.0,0.403,0.7568806780785121,0.0,0.5902708892851762,30089.623005219848,1.209,0.002,,
Andorra,1993.0,AND,63293.0,-979286363.3142431,0.407,6.426,0.59,0.0,0.407,0.7601092891755872,0.0,0.5715836976760122,28898.819428063576,1.616,0.002,,
Andorra,1994.0,AND,64631.0,-970924418.3481423,0.403,6.236,0.59,0.0,0.403,0.7626816883845751,0.0,0.5582897215640403,28051.551256604518,2.019,0.002,,
Andorra,1995.0,AND,63936.0,-974035263.9272304,0.425,6.648,0.615,0.0,0.425,0.7564877325700208,0.0,0.5870472640750146,29888.997506421994,2.444,0.002,,
Andorra,1996.0,AND,64006.0,-971789273.6475813,0.454,7.098,0.636,0.0,0.454,0.7494859567438932,0.0,0.6184537828075445,31895.83461486361,2.898,0.002,,
Andorra,1997.0,AND,64722.0,-966552874.6597803,0.465,7.19,0.641,0.0,0.465,0.7478165092126466,0.0,0.6248539544039651,32306.16250109528,3.364,0.002,,
Andorra,1998.0,AND,65400.0,-960690778.470228,0.491,7.507,0.653,0.0,0.491,0.7426302966591396,0.0,0.6469654197248114,33719.840934739375,3.855,0.002,,
Andorra,1999.0,AND,65732.0,-957262517.1493917,0.513,7.804,0.671,0.0,0.513,0.7378841096650328,0.0,0.6676812998925121,35044.38214957094,4.367,0.002,,
Andorra,2000.0,AND,65703.0,-956786810.722769,0.524,7.975,0.679,0.0,0.524,0.7352153324859287,0.0,0.6796008881515889,35807.08925325949,4.891,0.002,,
Andorra,2001.0,AND,65874.0,-955704283.3461417,0.524,7.954,0.676,0.0,0.524,0.7354620622479748,0.0,0.6781111869624761,35713.583001813735,5.415,0.002,,
Andorra,2002.0,AND,66528.0,-951125602.3014463,0.531,7.986,0.679,0.0,0.531,0.7347305896523844,0.0,0.6803184656625798,35856.374529722205,5.947,0.002,,
Andorra,2003.0,AND,69507.0,-931985898.2121536,0.535,7.696,0.685,0.0,0.535,0.7382315557842745,0.0,0.6600194238085197,34563.01939487686,6.482,0.002,,
Andorra,2004.0,AND,74342.0,-899488987.8071458,0.564,7.59,0.717,0.0,0.564,0.7383094306380258,0.0,0.6525540992735857,34090.010514293244,7.046,0.002,,
Andorra,2005.0,AND,77436.0,-878874684.0031009,0.579,7.476,0.734,0.0,0.579,0.7390904389173716,0.0,0.6445444757903962,33581.514476879136,7.625,0.002,,
Andorra,2006.0,AND,79609.0,-866510778.3259529,0.546,6.858,0.697,0.0,0.546,0.7483041258694788,0.0,0.6013610560579288,30825.681511722105,8.171,0.002,,
Andorra,2007.0,AND,81901.0,-852016233.104367,0.539,6.576,0.692,0.0,0.539,0.7521481408685169,0.0,0.5816351785995653,29568.1405944728,8.709,0.002,,
Andorra,2008.0,AND,83513.0,-841541301.2458096,0.539,6.449,0.692,0.0,0.539,0.7537266874991281,0.0,0.5727360918369884,29001.84452180858,9.248,0.002,,
Andorra,2009.0,AND,83907.0,-840006000.916654,0.517,6.157,0.665,0.0,0.517,0.758336669825809,0.0,0.55232925267845,27699.89578238699,9.765,0.002,,
Andorra,2010.0,AND,80727.0,-860696406.1951466,0.517,6.4,0.661,0.0,0.517,0.7552659594979702,0.0,0.5692917684793568,28783.911491921503,10.281,0.002,,
Andorra,2011.0,AND,77801.0,-880966294.006301,0.491,6.311,0.622,0.0,0.491,0.7572364192948732,0.0,0.5629831650113148,28382.317599019796,10.772,0.001,,
Andorra,2012.0,AND,76858.0,-887270434.284385,0.487,6.34,0.614,0.0,0.487,0.7570258177255945,0.0,0.5649942842847713,28511.86912798054,11.259,0.001,,
Andorra,2013.0,AND,75220.0,-898450946.9344647,0.476,6.332,0.6,0.0,0.476,0.7575928177404639,0.0,0.5644267757875017,28476.487624195815,11.736,0.001,,
Andorra,2014.0,AND,73755.0,-908709324.2285302,0.462,6.259,0.581,0.0,0.462,0.7591129007550268,0.0,0.5593197772323304,28151.225917418396,12.197,0.001,,
Andorra,2015.0,AND,72195.0,-918596424.9315186,0.465,6.445,0.579,0.0,0.465,0.7566105862200492,0.0,0.5722985049258449,28980.934827104807,12.663,0.001,,
Andorra,2016.0,AND,72197.0,-918180964.6471688,0.473,6.547,0.586,0.0,0.473,0.7549588901503106,0.0,0.5793996596979815,29435.91640474755,13.135,0.001,,
Andorra,2017.0,AND,73780.0,-910708820.3818848,0.473,6.406,0.588,0.0,0.469,0.004,0.0,0.5924327684269175,27266.638721659863,13.608,0.001,,
Andorra,2018.0,AND,75181.0,-900298419.4512436,0.498,6.628,0.613,0.0,0.495,0.004,0.0,0.6078345245175782,28263.206427855417,14.106,0.001,,
Andorra,2019.0,AND,76492.0,-892194928.4583651,0.491,6.419,0.61,0.0,0.487,0.004,0.0,0.5932706580099192,27325.683663283377,14.597,0.001,,
Andorra,2020.0,AND,77397.0,-892098302.7459049,0.377,4.876,0.486,0.0,0.374,0.004,0.0,0.48589144877113033,20408.616675699923,14.975,0.001,,
Andorra,2021.0,AND,78379.0,-883817170.037343,0.414,5.282,0.527,0.0,0.407,0.007,0.0,0.5141247966627903,22228.61735332047,15.389,0.001,,
Andorra,2022.0,AND,79722.0,-874560449.9188226,0.423,5.311,0.533,0.0,0.416,0.007,0.0,0.5161155851138168,22358.95812130836,15.812,0.001,,
Andorra,2023.0,AND,80869.0,-867306100.4982846,0.418,5.17,0.527,0.0,0.411,0.007,0.0,0.5062806537276171,21727.06422490537,16.23,0.001,,
Andorra,2024.0,AND,81955.0,-859865733.0313578,0.425,5.182,0.531,0.0,0.417,0.007,0.0,0.507100079112212,21780.322137222774,16.655,0.001,,
Angola,1950.0,AGO,4551869.0,6905244023.0,0.187,0.041,104.695,0.06,0.127,1.0269743487886505,0.0,0.027,713.5654009515656,0.187,0.003,Bajo,Baja
Angola,1951.0,AGO,4602567.0,7156858293.0,0.249,0.054,115.75,0.095,0.154,1.0246190319041169,0.0,0.035,754.4748619918582,0.436,0.004,Bajo,Baja
Angola,1952.0,AGO,4651693.0,7427327102.0,0.311,0.067,118.872,0.121,0.191,1.013178501551252,0.0,0.042,796.3913634745663,0.747,0.005,Bajo,Baja
Angola,1953.0,AGO,4706357.0,7707442519.0,0.275,0.058,122.235,0.07,0.191,1.0255965164432845,0.015,0.036,773.9087332305285,1.022,0.004,Bajo,Baja
Angola,1954.0,AGO,4766716.0,7494946191.0,0.348,0.073,124.47,0.076,0.25,1.0089769818868763,0.022,0.046,817.7372278803032,1.37,0.005,Bajo,Baja
Angola,1955.0,AGO,4832775.0,8094498354.0,0.414,0.086,124.388,0.084,0.293,0.9985815693294791,0.036,0.051,867.9439599612344,1.784,0.006,Bajo,Baja
Angola,1956.0,AGO,4904275.0,7944565179.0,0.502,0.102,124.624,0.04,0.418,0.970859184788891,0.044,0.063,904.780327328242,2.285,0.006,Bajo,Baja
Angola,1957.0,AGO,4980650.0,8703076482.0,0.619,0.124,125.537,0.081,0.473,0.9555398112812618,0.065,0.071,992.3902165756926,2.904,0.008,Bajo,Baja
Angola,1958.0,AGO,5061137.0,9169780066.0,0.593,0.117,124.445,0.044,0.465,0.9621685482226726,0.084,0.065,977.8103840712397,3.497,0.007,Bajo,Baja
Angola,1959.0,AGO,5145107.0,9207761800.0,0.619,0.12,127.025,0.055,0.487,0.9594254154107906,0.076,0.067,983.750024905698,4.116,0.007,Bajo,Baja
Angola,1960.0,AGO,5231664.0,9580296443.0,0.549,0.105,131.796,0.124,0.346,0.9831516874625862,0.079,0.057,941.5443646531567,4.664,0.006,Bajo,Baja
Angola,1961.0,AGO,5301584.0,10574287512.0,0.454,0.086,96.708,0.063,0.314,0.9628988158232957,0.077,0.043,883.1663231345126,5.118,0.005,Bajo,Baja
Angola,1962.0,AGO,5354315.0,10269760210.0,1.179,0.22,77.366,0.091,1.004,0.7959634382680953,0.083,0.115,1295.358116299008,6.297,0.012,Bajo,Baja
Angola,1963.0,AGO,5408334.0,10823089062.0,1.15,0.213,68.247,0.022,1.033,0.7976430430863921,0.094,0.106,1287.6259794906264,7.447,0.011,Bajo,Baja
Angola,1964.0,AGO,5464186.0,12097687776.0,1.223,0.224,61.927,0.077,1.041,0.7963418467015516,0.105,0.101,1351.192837059853,8.67,0.011,Bajo,Baja
Angola,1965.0,AGO,5521982.0,13062976664.0,1.186,0.215,58.234,0.055,1.011,0.8080043040264768,0.12,0.091,1337.9083498667255,9.856,0.01,Medio,Baja
Angola,1966.0,AGO,5581391.0,13762507500.0,1.552,0.278,57.36,0.088,1.334,0.7581247433792551,0.131,0.113,1571.3028768238341,11.409,0.013,Medio,Baja
Angola,1967.0,AGO,5641810.0,14446282812.0,0.992,0.176,54.341,0.055,0.799,0.8429432111482786,0.138,0.069,1219.6980802168573,12.4,0.008,Medio,Baja
Angola,1968.0,AGO,5702706.0,14258772797.0,1.67,0.293,54.829,0.102,1.415,0.7440256671919999,0.152,0.117,1629.0146328666929,14.07,0.013,Medio,Baja
Angola,1969.0,AGO,5763693.0,14746072800.0,2.783,0.483,54.653,0.092,2.502,0.587862921201356,0.189,0.189,2310.444892911553,16.853,0.02,Medio,Media
Angola,1970.0,AGO,5852790.0,15796654001.0,3.578,0.611,63.494,0.048,1.742,0.084,0.221,0.226,289.1390417534608,20.431,0.024,Medio,Media
Angola,1971.0,AGO,5991114.0,15843643664.0,3.405,0.568,45.547,0.029,1.643,0.084,0.261,0.215,202.39092752771103,23.836,0.022,Medio,Media
Angola,1972.0,AGO,6174269.0,16088033313.0,4.501,0.729,47.072,0.007,2.475,0.11,0.309,0.28,704.0452693844572,28.337,0.028,Medio,Media
Angola,1973.0,AGO,6388534.0,17187186685.0,4.874,0.763,48.635,0.022,2.51,0.125,0.382,0.284,688.73877964397,33.211,0.029,Medio,Media
Angola,1974.0,AGO,6613368.0,16327891195.0,4.866,0.736,44.865,0.0,2.449,0.132,0.374,0.298,481.7733509856607,38.077,0.029,Medio,Media
Angola,1975.0,AGO,6842952.0,10064128183.0,4.409,0.644,42.904,0.0,2.18,0.125,0.323,0.438,-158.87947501177814,42.486,0.026,Bajo,Alta
Angola,1976.0,AGO,7074668.0,9040011512.0,3.28,0.464,37.098,0.0,1.935,0.11,0.147,0.363,-346.7971215889545,45.766,0.018,Bajo,Alta
Angola,1977.0,AGO,7317837.0,9245570800.0,3.528,0.482,40.863,0.0,1.074,0.136,0.146,0.382,-1178.8443322100152,49.293,0.019,Bajo,Alta
Angola,1978.0,AGO,7576742.0,9619385668.0,5.4,0.713,42.963,0.0,2.678,0.136,0.19,0.561,-579.8235056523426,54.693,0.028,Bajo,Alta
Angola,1979.0,AGO,7847207.0,9853037586.0,5.489,0.7,50.841,0.0,2.77,0.136,0.187,0.557,-628.7932045321741,60.182,0.028,Bajo,Alta
Angola,1980.0,AGO,8133867.0,10330398679.0,5.334,0.656,45.168,0.0,2.658,0.147,0.113,0.516,1969.775,65.517,0.027,Bajo,Alta
Angola,1981.0,AGO,8435605.0,10119853675.0,5.267,0.624,40.002,0.0,2.763,0.172,0.115,0.52,1880.663,70.783,0.028,Bajo,Alta
Angola,1982.0,AGO,8751653.0,9643454557.0,4.635,0.53,42.511,0.0,2.156,0.172,0.114,0.481,1935.001,75.419,0.025,Bajo,Alta
Angola,1983.0,AGO,9082985.0,9325809281.0,5.101,0.562,43.35,0.0,2.535,0.198,0.099,0.547,2001.53,80.519,0.027,Bajo,Alta
Angola,1984.0,AGO,9425921.0,9370042336.0,4.986,0.529,37.179,0.0,2.292,0.22,0.157,0.532,1731.142,85.505,0.026,Bajo,Alta
Angola,1985.0,AGO,9779125.0,9420208558.0,4.676,0.478,37.64,0.0,1.96,0.22,0.155,0.496,2084.221,90.181,0.023,Bajo,Alta
Angola,1986.0,AGO,10139459.0,8569986810.0,4.634,0.457,37.612,0.0,1.869,0.245,0.153,0.541,1971.569,94.815,0.023,Bajo,Alta
Angola,1987.0,AGO,10497863.0,9540737551.0,5.786,0.551,47.865,0.0,2.924,0.297,0.151,0.606,1968.469,100.601,0.027,Bajo,Alta
Angola,1988.0,AGO,10861299.0,10911810585.0,5.049,0.465,41.553,0.0,1.905,0.3,0.422,0.463,1967.967,105.65,0.023,Bajo,Alta
Angola,1989.0,AGO,11238562.0,11089228164.0,4.923,0.438,44.358,0.0,1.745,0.319,0.416,0.444,1833.264,110.573,0.022,Bajo,Alta
Angola,1990.0,AGO,11626361.0,11482503320.0,5.09,0.438,64.11,1.687515116725245,2.475,1.011,0.107,0.443,1880.223,115.663,0.022,Bajo,Alta
Angola,1991.0,AGO,12023532.0,12341156472.0,5.064,0.421,65.828,1.8432502999565892,2.281,1.084,0.107,0.41,1911.448,120.727,0.022,Bajo,Alta
Angola,1992.0,AGO,12423717.0,12363420423.0,5.164,0.416,62.663,1.9008117880268118,2.29,1.066,0.123,0.418,1861.284,125.891,0.023,Bajo,Alta
Angola,1993.0,AGO,12827136.0,9985477687.0,5.748,0.448,67.038,1.5327388437990637,2.968,1.048,0.102,0.576,1760.35,131.64,0.025,Bajo,Alta
Angola,1994.0,AGO,13249763.0,10760814258.0,11.353,0.857,86.739,5.823160511461541,3.465,0.972,0.098,1.055,1658.592,142.993,0.049,Bajo,Alta
Angola,1995.0,AGO,13699780.0,13143769844.0,12.617,0.921,93.837,7.645593790967766,3.012,1.048,0.081,0.96,1729.505,155.61,0.054,Bajo,Alta
Angola,1996.0,AGO,14170973.0,15819838004.0,15.249,1.076,103.158,9.925351274536427,3.268,1.048,0.11,0.964,1597.94,170.859,0.063,Bajo,Alta
Angola,1997.0,AGO,14660419.0,17972296931.0,15.884,1.083,108.504,10.594463872480354,3.331,1.066,0.122,0.884,1759.714,186.743,0.065,Bajo,Alta
Angola,1998.0,AGO,15159378.0,19905045075.0,16.513,1.089,118.943,11.854434960905579,2.763,1.085,0.142,0.83,1496.548,203.256,0.068,Bajo,Alta
Angola,1999.0,AGO,15667235.0,21527478033.0,17.261,1.102,119.963,11.732184245651823,3.708,1.048,0.084,0.802,1652.085,220.517,0.069,Bajo,Alta
Angola,2000.0,AGO,16194873.0,23512184116.0,15.995,0.988,116.786,10.689162398161145,3.668,1.085,0.081,0.68,1893.218,236.513,0.063,Bajo,Alta
Angola,2001.0,AGO,16747204.0,26015021059.0,15.908,0.95,126.604,10.022138835748134,4.302,0.989,0.221,0.612,1982.507,252.421,0.062,Bajo,Alta
Angola,2002.0,AGO,17327701.0,31389808151.0,16.08,0.928,137.304,9.42513696631937,5.02,1.158,0.239,0.512,2038.03,268.501,0.061,Bajo,Alta
Angola,2003.0,AGO,17943718.0,35081368421.0,17.484,0.974,141.321,8.822512074753012,6.837,1.216,0.28,0.498,2187.965,285.985,0.063,Bajo,Alta
Angola,2004.0,AGO,18600426.0,41307235678.0,17.016,0.915,144.092,9.01695212725926,6.108,1.44,0.3,0.412,2298.005,303.001,0.059,Bajo,Alta
Angola,2005.0,AGO,19291160.0,51967661783.0,15.387,0.798,144.177,8.965075197564826,4.734,1.249,0.521,0.296,1815.006,318.388,0.052,Medio,Media
Angola,2006.0,AGO,20015281.0,66749579296.0,17.145,0.857,140.936,7.497956960322478,7.757,1.304,0.539,0.257,2215.237,335.533,0.056,Medio,Media
Angola,2007.0,AGO,20778570.0,87086353818.0,17.588,0.846,161.5,6.6627669333492,8.801,1.594,0.542,0.202,2511.339,353.121,0.056,Medio,Media
Angola,2008.0,AGO,21578656.0,105593132748.0,18.75,0.869,194.451,6.593240933951485,10.219,1.271,0.685,0.178,2818.649,371.871,0.059,Medio,Media
Angola,2009.0,AGO,22414775.0,115247846475.0,20.668,0.922,209.619,6.297472326771265,12.296,1.29,0.693,0.179,3137.766,392.539,0.066,Medio,Media
Angola,2010.0,AGO,23294822.0,126984175354.0,22.983,0.987,226.011,7.486494166941702,13.37,1.37,0.578,0.181,3278.897,415.523,0.069,Medio,Media
Angola,2011.0,AGO,24218358.0,140477268750.0,23.397,0.966,207.032,6.600988641708151,14.345,1.403,0.765,0.167,3298.733,438.92,0.068,Medio,Media
Angola,2012.0,AGO,25177398.0,152476849129.0,25.941,1.03,202.332,5.610614884796927,17.268,1.422,1.147,0.17,3419.703,464.861,0.074,Medio,Media
Angola,2013.0,AGO,26165616.0,160032073258.0,25.71,0.983,205.22,5.4515854540619735,17.441,0.766,1.557,0.161,3570.166,490.57,0.073,Medio,Media
Angola,2014.0,AGO,27160767.0,167750415635.0,26.092,0.961,201.202,6.077174497438811,16.977,0.579,1.976,0.156,3800.598,516.662,0.074,Medio,Media
Angola,2015.0,AGO,28157802.0,169333972139.0,27.505,0.977,211.532,7.406918433757387,16.167,1.44,2.03,0.162,3852.95,544.168,0.078,Medio,Media
Angola,2016.0,AGO,29183072.0,164965166058.0,25.466,0.873,198.189,7.864614636336842,14.172,1.495,1.5,0.154,3330.99,569.633,0.072,Medio,Media
Angola,2017.0,AGO,30234836.0,164717711409.0,23.601,0.781,193.46,6.667615684540721,13.888,1.572,0.996,0.143,2774.095,593.234,0.066,Medio,Baja
Angola,2018.0,AGO,31297160.0,162550037080.0,23.278,0.744,178.217,4.6463737979396775,15.411,1.608,1.007,0.143,2910.07,616.512,0.063,Medio,Baja
Angola,2019.0,AGO,32375633.0,161408924528.0,22.21,0.686,172.219,3.815306341024044,14.286,2.429,1.124,0.138,2937.561,638.722,0.06,Medio,Baja
Angola,2020.0,AGO,33451139.0,152308692850.0,16.549,0.495,158.351,3.213356225307251,9.468,2.488,1.085,0.109,2281.591,655.272,0.047,Medio,Baja
Angola,2021.0,AGO,34532427.0,153971902307.0,19.219,0.557,157.436,2.867951448357333,12.282,2.466,1.085,0.125,2491.884,674.49,0.052,Medio,Baja
Angola,2022.0,AGO,35635028.0,158346237030.0,21.089,0.592,161.249,2.4465423536490007,14.887,1.927,1.124,0.133,2713.824,695.579,0.056,Medio,Baja
Angola,2023.0,AGO,36749909.0,248722892536.21832,21.675,0.59,160.814,2.5133191629818477,15.356,1.742,1.124,0.1778217359916307,2680.342,717.254,0.057,,
Angola,2024.0,AGO,37885854.0,256454456122.64786,22.334,0.589,159.462,2.8076633859411864,15.569,1.766,1.124,0.18106446045183758,1815.29710352249,739.588,0.058,,
Anguilla,1950.0,AIA,5022.0,-1376784542.3627975,90.16079578300435,5.386072541726274,124.62237142280694,48.40258374693202,24.815870361357277,10.686419045812826,5.486169650284223,0.41022019674911225,25071.808267608507,2098.2720373817033,0.24066356502694553,,
Anguilla,1951.0,AIA,5229.0,-1375375511.2494788,90.16079581722403,5.386068479272299,124.62276531629269,48.402596552898416,24.815857224676776,10.686420807284513,5.4861616782168365,0.4102203821182997,25071.789116561642,2098.2735060433693,0.24066440563294256,,
Anguilla,1952.0,AIA,5389.0,-1374286405.074933,90.16079584367402,5.386065339211253,124.62306977502604,48.40260645122992,24.81584707072085,10.686422168808512,5.486155516232378,0.4102205253988311,25071.774313820086,2098.27464124079,0.24066505537670846,,
Anguilla,1953.0,AIA,5522.0,-1373381085.5673418,90.16079586566057,5.386062729035512,124.62332285634804,48.40261467921802,24.815838630244983,10.686423300575328,5.486150394082776,0.4102206445007729,25071.762009041227,2098.2755848736474,0.2406655954762138,,
Anguilla,1954.0,AIA,5668.0,-1372387276.1830685,90.16079588979619,5.386059863729812,124.62360067494197,48.402623711445536,24.815829364760184,10.68642454296598,5.486144771271951,0.41022077524425826,25071.748501539554,2098.276620741293,0.2406661883674002,,
Anguilla,1955.0,AIA,5763.0,-1371740619.391932,90.16079590550089,5.386057999318566,124.62378144731471,48.40262958857989,24.815823335848847,10.686425351370843,5.486141112593691,0.4102208603170738,25071.739712411767,2098.2772947647622,0.24066657415276127,,
Anguilla,1956.0,AIA,5802.0,-1371475149.7618864,90.1607959119481,5.386057233928689,124.62385565913124,48.40263200129818,24.815820860822114,10.686425683242327,5.486139610609973,0.41022089524170313,25071.736104243526,2098.2775714691375,0.24066673252780407,,
Anguilla,1957.0,AIA,5823.0,-1371332204.5764773,90.16079591541965,5.386056821795673,124.62389561934012,48.40263330045417,24.815819528115398,10.686425861942375,5.486138801849519,0.41022091404727257,25071.73416138371,2098.2777204637982,0.2406668178066732,,
Anguilla,1958.0,AIA,5819.0,-1371359432.230841,90.16079591475841,5.3860569002971985,124.62388800787139,48.40263305299589,24.81581978196428,10.686425827904294,5.4861389558991345,0.4102209104652592,25071.734531452228,2098.2776920838637,0.2406668015630791,,
Anguilla,1959.0,AIA,5800.0,-1371488763.5890682,90.16079591161747,5.386057273179449,124.62385185339721,48.402631877569036,24.815820987746562,10.686425666223286,5.486139687634781,0.41022089345069634,25071.736289277786,2098.2775572791684,0.24066672440600703,,
Anguilla,1960.0,AIA,5801.0,-1371481956.6754773,90.16079591178277,5.3860572535540685,124.62385375626391,48.4026319394336,24.815820924284324,10.686425674732803,5.486139649122391,0.4102208943461998,25071.736196760667,2098.277564374153,0.2406667284669055,,
Anguilla,1961.0,AIA,5846.0,-1371175645.5638862,90.16079591922184,5.386056370411899,124.62393938528257,48.40263472333936,24.815818068484212,10.686426057661421,5.486137916064257,0.41022093464384934,25071.732033489603,2098.277883648427,0.24066691120733977,,
Anguilla,1962.0,AIA,5899.0,-1370814879.143568,90.1607959279834,5.386055330266678,124.62404023723818,48.402638002161645,24.815814704986323,10.686426508666258,5.486135874906905,0.41022098210552516,25071.72713008148,2098.278259682574,0.24066712643496213,,
Anguilla,1963.0,AIA,5943.0,-1370515374.9455678,90.16079593525714,5.386054466749892,124.62412396338974,48.40264072420281,24.815811912648442,10.686426883085367,5.486134180361168,0.4102210215076715,25071.72305932754,2098.278571861862,0.24066730511449774,,
Anguilla,1964.0,AIA,5994.0,-1370168222.3524313,90.1607959436881,5.386053465855435,124.62422100961115,48.40264387929598,24.815808676075,10.686427317071143,5.486132216228638,0.4102210671783407,25071.71834095372,2098.2789337060444,0.24066751222032304,,
Anguilla,1965.0,AIA,6040.0,-1369855104.3272495,90.16079595129247,5.386052563087884,124.6243085414965,48.40264672506631,24.81580575681265,10.6864277085093,5.4861304446581,0.4102211083714937,25071.714085165517,2098.2792600753032,0.24066769902165575,,
Anguilla,1966.0,AIA,6095.0,-1369480724.0797493,90.16079596038465,5.386051483691901,124.6244131991862,48.40265012761777,24.8158022663903,10.686428176533155,5.48612832647594,0.4102211576241762,25071.708996723104,2098.2796502994156,0.24066792237107532,,
Anguilla,1967.0,AIA,6150.0,-1369106343.8322492,90.16079596947682,5.386050404295916,124.62451785687571,48.402653530169225,24.81579877596794,10.68642864455704,5.486126208293774,0.4102212068768591,25071.703908280684,2098.280040523528,0.2406681457204948,,
Anguilla,1968.0,AIA,6207.0,-1368718349.7575672,90.16079597889967,5.386049285649172,124.62462632029943,48.40265705644987,24.81579515862115,10.686429129599958,5.4861240130868065,0.41022125792054864,25071.69863480404,2098.2804449376094,0.24066837719171152,,
Anguilla,1969.0,AIA,6257.0,-1368378004.0780215,90.16079598716529,5.386048304380096,124.62472146365369,48.40266014967843,24.815791985509946,10.686429555076202,5.486122087466667,0.41022130269571444,25071.694008947317,2098.2807996868064,0.24066858023663829,,
Anguilla,1970.0,AIA,6324.0,-1367921940.8674304,90.16079599824123,5.386046989479532,124.62484895574826,48.40266429460473,24.815787733540894,10.686430125214386,5.4861195071356885,0.4102213626944367,25071.68781029931,2098.281275050727,0.24066885231684015,,
Anguilla,1971.0,AIA,6376.0,-1367567981.360703,90.16079600683747,5.386045968959693,124.62494790483666,48.40266751156248,24.815784433505222,10.686430567709692,5.486117504490734,0.4102214092606094,25071.682999408305,2098.2816439898884,0.2406690634835641,,
Anguilla,1972.0,AIA,6427.0,-1367220828.7675667,90.16079601526842,5.386044968065234,124.62504495105756,48.40267066665567,24.815781196931745,10.686431001695475,5.486115540358197,0.41022145493127893,25071.678281034427,2098.282005834067,0.24066927058938947,,
Anguilla,1973.0,AIA,6466.0,-1366955359.137521,90.16079602171561,5.386044202675356,124.62511916287363,48.402673079373955,24.81577872190499,10.686431333566965,5.486114038374486,0.41022148985590845,25071.67467286617,2098.2822825384396,0.24066942896443239,,
Anguilla,1974.0,AIA,6502.0,-1366710310.248248,90.16079602766685,5.38604349616162,124.62518766608875,48.4026753064986,24.8157764372649,10.686431639909813,5.486112651927973,0.4102215220940282,25071.671342249352,2098.2825379578567,0.24066957515677984,,
Anguilla,1975.0,AIA,6519.0,-1366594592.7172027,90.16079603047717,5.386043162530136,124.6252200148293,48.40267635819629,24.8157753584071,10.686431784571774,5.486111997217121,0.4102215373175845,25071.66976945806,2098.2826585725848,0.24066964419205483,,
Anguilla,1976.0,AIA,6545.0,-1366417612.963839,90.16079603477527,5.386042652270215,124.62526948937344,48.40267796667516,24.81577370838925,10.686432005819412,5.486110995894647,0.41022156060067094,25071.66736401255,2098.2828430421637,0.24066974977541683,,
Anguilla,1977.0,AIA,6567.0,-1366267860.8648388,90.16079603841216,5.38604222051182,124.62531135244936,48.40267932769572,24.815772312220325,10.686432193028985,5.486110148621789,0.41022158030174377,25071.665328635576,2098.282999131811,0.24066983911518458,,
Anguilla,1978.0,AIA,6587.0,-1366131722.5930207,90.16079604171841,5.386041828004193,124.62534940979108,48.40268056498718,24.81577104297584,10.686432363219467,5.486109378373724,0.4102215982118103,25071.6634782929,2098.283141031488,0.24066992033315537,,
Anguilla,1979.0,AIA,6602.0,-1366029618.889157,90.1607960441981,5.386041533623467,124.62537795279732,48.40268149295575,24.815770091042467,10.686432490862337,5.486108800687687,0.41022161164435983,25071.662090535883,2098.283247456246,0.24066998124663336,,
Anguilla,1980.0,AIA,6612.0,-1365961549.753248,90.16079604585123,5.386041337369654,124.62539698146796,48.402682111601464,24.81576945642022,10.686432575957625,5.486108415563654,0.4102216205993932,25071.661165364527,2098.283318406088,0.24067002185561864,,
Anguilla,1981.0,AIA,6628.0,-1365852639.1357932,90.16079604849622,5.386041023363549,124.62542742734112,48.40268310143463,24.81576844102461,10.686432712110005,5.486107799365213,0.4102216349274466,25071.659685090377,2098.2834319258277,0.24067008682999536,,
Anguilla,1982.0,AIA,6653.0,-1365682466.2960205,90.16079605262905,5.386040532729011,124.62547499901822,48.40268464804893,24.815766854469004,10.686432924848134,5.48610683655515,0.41022165731502935,25071.65737216202,2098.2836093004294,0.24067018835245868,,
Anguilla,1983.0,AIA,6672.0,-1365553134.9377933,90.16079605576996,5.386040159846763,124.62551115349274,48.40268582347582,24.81576564868672,10.6864330865291,5.486106104819475,0.41022167432959294,25071.65561433646,2098.2837441051174,0.2406702655095309,,
Anguilla,1984.0,AIA,6764.0,-1364926898.8874292,90.16079607097872,5.386038354311663,124.62568621726436,48.40269151501644,24.81575981016207,10.686433869405398,5.486102561678413,0.41022175671589856,25071.64710276009,2098.284396843636,0.24067063911219633,,
Anguilla,1985.0,AIA,6978.0,-1363470219.3789742,90.1607961063556,5.386034154480016,124.6260934308198,48.40270475403484,24.815746229246002,10.686435690443759,5.486094320024206,0.41022194835360914,25071.627304093276,2098.28591517019,0.24067150814448313,,
Anguilla,1986.0,AIA,7245.0,-1361652773.4502008,90.16079615049404,5.38602891450315,124.62660149633112,48.402721271875535,24.815729284832067,10.686437962486941,5.486084037212633,0.41022218745299577,25071.602602018345,2098.2878095308874,0.24067259240439234,,
Anguilla,1987.0,AIA,7519.0,-1359787679.126291,90.16079619578967,5.3860235371486125,124.62712288191173,48.402738222768264,24.815711896182535,10.686440294096805,5.486073484814254,0.4102224328209058,25071.57725232348,2098.289753556473,0.24067370509059138,,
Anguilla,1988.0,AIA,7807.0,-1357827288.0121083,90.16079624339967,5.386017885038733,124.62767090763114,48.40275603976502,24.81569361906184,10.68644274484,5.486062393242227,0.41022269072586265,25071.550607388726,2098.291796911832,0.24067487462936993,,
Anguilla,1989.0,AIA,8116.0,-1355723951.7125165,90.16079629448126,5.3860118207958445,124.62825889355977,48.40277515591775,24.81567400923447,10.686445374283252,5.486050492909731,0.41022296743638886,25071.522019594147,2098.2939892618556,0.24067612944701774,,
Anguilla,1990.0,AIA,8422.0,-1358172606.358275,0.044,5.221,-22.979107349445655,-8.259558385492822,0.044,8.834159544501013,0.0,0.49157724309059814,24102.206093567216,0.044,0.0,,
Anguilla,1991.0,AIA,8728.0,-1356807221.156121,0.044,5.038,-22.4443731112314,-8.24052873191352,0.044,8.818480064703142,0.0,0.47871977492529777,23282.656833662255,0.088,0.0,,
Anguilla,1992.0,AIA,9005.0,-1353933354.5260417,0.048,5.29,-23.15155543029057,-8.267190706119719,0.048,8.840370052288723,0.0,0.49641402721898853,24411.22273542574,0.136,0.0,,
Anguilla,1993.0,AIA,9252.0,-1349702909.8166096,0.055,5.94,-24.99990967248587,-8.335608751125521,0.055,8.896605458299431,0.0,0.54206256929561,27322.20575393235,0.191,0.0,,
Anguilla,1994.0,AIA,9489.0,-1348669934.242116,0.055,5.792,-24.567810582394657,-8.320236716385587,0.055,8.88394167109902,0.0,0.5316634216754884,26659.406926562006,0.245,0.0,,
Anguilla,1995.0,AIA,9738.0,-1347555273.0965068,0.055,5.644,-24.1356965388847,-8.304866212950664,0.055,8.871278930422445,0.0,0.5212642595985355,25996.608200656243,0.3,0.0,,
Anguilla,1996.0,AIA,10000.0,-1344916820.4840267,0.059,5.862,-24.743779016812567,-8.32799231999422,0.059,8.890257656531782,0.0,0.5365694271055907,26972.91031166684,0.359,0.0,,
Anguilla,1997.0,AIA,10278.0,-1343643964.3836577,0.059,5.704,-24.282439624541638,-8.311584087497224,0.059,8.876739712704305,0.0,0.5254676334761264,26265.327758849846,0.418,0.0,,
Anguilla,1998.0,AIA,10557.0,-1339615274.7549796,0.066,6.247,-25.8182729933488,-8.368854257870016,0.066,8.923792230888072,0.0,0.5635986971754218,28697.11874173676,0.484,0.0,,
Anguilla,1999.0,AIA,10864.0,-1336894014.0890837,0.07,6.408,-26.259870462219546,-8.386047166222198,0.07,8.937883246959213,0.0,0.57489912064143,29418.151140660066,0.553,0.0,,
Anguilla,2000.0,AIA,11196.0,-1331528047.197318,0.081,7.2,-28.494139410304385,-8.469623400050128,0.081,9.006535233310013,0.0,0.6305145191958648,32965.06620563075,0.634,0.0,,
Anguilla,2001.0,AIA,11497.0,-1328969172.715835,0.084,7.33,-28.85275491036903,-8.483518418333158,0.084,9.017928738031786,0.0,0.6396385418970094,33547.27520669927,0.718,0.0,,
Anguilla,2002.0,AIA,11714.0,-1328025220.976965,0.084,7.194,-28.45631779199256,-8.469427315807698,0.084,9.00632345951631,0.0,0.6300811931124153,32938.227759603964,0.802,0.0,,
Anguilla,2003.0,AIA,11903.0,-1325977737.1632316,0.088,7.388,-28.995005630855303,-8.490076147746453,0.088,9.023266129079893,0.0,0.6436989667247828,33807.0574178049,0.89,0.0,,
Anguilla,2004.0,AIA,12092.0,-1321581210.9542747,0.099,8.181,-31.23291823784629,-8.573768532539404,0.099,9.092019169778617,0.0,0.699383595534411,37358.45923454128,0.989,0.0,,
Anguilla,2005.0,AIA,12290.0,-1317241045.5129087,0.11,8.944,-33.383351945427506,-8.654343309772367,0.11,9.158204873834775,0.0,0.7529602038966539,40775.51065816327,1.099,0.0,,
Anguilla,2006.0,AIA,12493.0,-1312980547.232807,0.121,9.678,-35.44923959409812,-8.731904606608314,0.121,9.221909119325579,0.0,0.8044990366468263,44062.69021824468,1.22,0.0,,
Anguilla,2007.0,AIA,12697.0,-1311070098.4993238,0.125,9.811,-35.81032870714864,-8.746228880144367,0.125,9.233645006830518,0.0,0.8138299103110362,44658.34545168228,1.345,0.0,,
Anguilla,2008.0,AIA,12911.0,-1310248449.432809,0.125,9.649,-35.33866001658461,-8.729466028379388,0.125,9.219842705458495,0.0,0.802444370189497,43932.87086988939,1.469,0.0,,
Anguilla,2009.0,AIA,13138.0,-1309357915.268546,0.125,9.482,-34.852364619736534,-8.712183240402943,0.125,9.205611864274974,0.0,0.7907075510605059,43185.004084003915,1.594,0.0,,
Anguilla,2010.0,AIA,13372.0,-1307341295.9289296,0.128,9.59,-35.1476851045966,-8.723824941036519,0.128,9.215155054484645,0.0,0.7982840999434662,43668.702204104935,1.722,0.0,,
Anguilla,2011.0,AIA,13593.0,-1307503368.888738,0.125,9.165,-33.9294961575439,-8.67939386466997,0.125,9.178613589124897,0.0,0.768428101755728,41765.40522483995,1.847,0.0,,
Anguilla,2012.0,AIA,13401.0,-1309366954.1424444,0.121,9.023,-33.54654820748328,-8.664378876961603,0.121,9.16633155193707,0.0,0.7584551443427427,41129.521802392104,1.968,0.0,,
Anguilla,2013.0,AIA,13272.0,-1312068377.7090597,0.114,8.558,-32.241453950272145,-8.61543092632186,0.114,9.126147463617563,0.0,0.7257970073599525,39047.104664108876,2.081,0.0,,
Anguilla,2014.0,AIA,13748.0,-1307898584.6368012,0.121,8.795,-32.88367266340047,-8.640848560252103,0.121,9.146961450751288,0.0,0.7424287715368834,40108.50157165615,2.202,0.0,,
Anguilla,2015.0,AIA,14235.0,-1301724457.0353947,0.136,9.524,-34.905221402449605,-8.718233258739627,0.136,9.210444036998831,0.0,0.7936080828866066,43373.27284495774,2.338,0.0,,
Anguilla,2016.0,AIA,14344.0,-1300264576.202435,0.139,9.707,-35.42022173534964,-8.737703223223205,0.139,9.226440038225142,0.0,0.8064529267658958,44192.86102450063,2.477,0.0,,
Anguilla,2017.0,AIA,14450.0,-1302805547.4611733,0.128,8.875,-33.071669833135715,-8.650184330117442,0.128,9.154548654005263,0.0,0.7480199746831815,40466.86615929127,2.605,0.0,,
Anguilla,2018.0,AIA,14747.0,-1300513012.2773292,0.132,8.944,-33.2456343255052,-8.657844372237383,0.132,9.160793122894912,0.0,0.7528545528268178,40775.900660311425,2.737,0.0,,
Anguilla,2019.0,AIA,14845.0,-1297171121.0079875,0.143,9.626,-35.16027810547648,-8.729999487844122,0.143,9.220048781224138,0.0,0.8007391099943142,43830.20931024905,2.88,0.0,,
Anguilla,2020.0,AIA,14864.0,-1299021930.1535702,0.136,9.121,-33.73830315298458,-8.67690805783537,0.136,9.176449746919165,0.0,0.7652702750625004,41568.65819376521,3.015,0.0,,
Anguilla,2021.0,AIA,14503.0,-1299600562.9032345,0.139,9.6,-35.11947144440387,-8.72723192304947,0.139,9.21787394533304,0.0,0.7989090674529542,43713.87858110039,3.155,0.0,,
Anguilla,2022.0,AIA,14202.0,-1299837429.8906963,0.143,10.062,-36.44355341856652,-8.775867642085911,0.143,9.257888693974351,0.0,0.8313514960579729,45782.96115092166,3.298,0.0,,
Anguilla,2023.0,AIA,14435.0,-1298968765.0204868,0.143,9.879,-35.91080161841629,-8.756933382959506,0.143,9.242298892422793,0.0,0.8184899570609747,44963.4443370549,3.44,0.0,,
Anguilla,2024.0,AIA,14623.0,-1296716205.2964249,0.148,10.127,-36.60105506427413,-8.78335420196933,0.148,9.263984353204473,0.0,0.8358969465540644,46074.12586653503,3.588,0.0,,
Antarctica,1950.0,ATA,3950750.5,25483843245.236954,71.71765354654653,5.938505528789867,125.62758328610695,37.00988744025338,22.17546842925079,11.754103839956201,0.0,0.4372838303836415,27129.41007812662,2379.835543431668,0.2599152780975064,,
Antarctica,1951.0,ATA,3950750.5,25483843245.236954,71.71765354654653,5.938505528789867,125.62758328610695,37.00988744025338,22.17546842925079,11.754103839956201,0.0,0.4372838303836415,27129.41007812662,2379.835543431668,0.2599152780975064,,
Antarctica,1952.0,ATA,3950750.5,25483843245.236954,71.71765354654653,5.938505528789867,125.62758328610695,37.00988744025338,22.17546842925079,11.754103839956201,0.0,0.4372838303836415,27129.41007812662,2379.835543431668,0.2599152780975064,,
Antarctica,1953.0,ATA,3950750.5,25483843245.236954,71.71765354654653,5.938505528789867,125.62758328610695,37.00988744025338,22.17546842925079,11.754103839956201,0.0,0.4372838303836415,27129.41007812662,2379.835543431668,0.2599152780975064,,
Antarctica,1954.0,ATA,3950750.5,25483843245.236954,71.71765354654653,5.938505528789867,125.62758328610695,37.00988744025338,22.17546842925079,11.754103839956201,0.0,0.4372838303836415,27129.41007812662,2379.835543431668,0.2599152780975064,,
Antarctica,1955.0,ATA,3950750.5,25483843245.236954,71.71765354654653,5.938505528789867,125.62758328610695,37.00988744025338,22.17546842925079,11.754103839956201,0.0,0.4372838303836415,27129.41007812662,2379.835543431668,0.2599152780975064,,
Antarctica,1956.0,ATA,3950750.5,25483843245.236954,71.71765354654653,5.938505528789867,125.62758328610695,37.00988744025338,22.17546842925079,11.754103839956201,0.0,0.4372838303836415,27129.41007812662,2379.835543431668,0.2599152780975064,,
Antarctica,1957.0,ATA,3950750.5,25483843245.236954,71.71765354654653,5.938505528789867,125.62758328610695,37.00988744025338,22.17546842925079,11.754103839956201,0.0,0.4372838303836415,27129.41007812662,2379.835543431668,0.2599152780975064,,
Antarctica,1958.0,ATA,3950750.5,25483843245.236954,71.71765354654653,5.938505528789867,125.62758328610695,37.00988744025338,22.17546842925079,11.754103839956201,0.0,0.4372838303836415,27129.41007812662,2379.835543431668,0.2599152780975064,,
Antarctica,1959.0,ATA,3950750.5,25483843245.236954,71.71765354654653,5.938505528789867,125.62758328610695,37.00988744025338,22.17546842925079,11.754103839956201,0.0,0.4372838303836415,27129.41007812662,2379.835543431668,0.2599152780975064,,
Antarctica,1960.0,ATA,3950750.5,25483843245.236954,71.71765354654653,5.938505528789867,125.62758328610695,37.00988744025338,22.17546842925079,11.754103839956201,0.0,0.4372838303836415,27129.41007812662,2379.835543431668,0.2599152780975064,,
Antarctica,1961.0,ATA,3950750.5,25483843245.236954,71.71765354654653,5.938505528789867,125.62758328610695,37.00988744025338,22.17546842925079,11.754103839956201,0.0,0.4372838303836415,27129.41007812662,2379.835543431668,0.2599152780975064,,
Antarctica,1962.0,ATA,3950750.5,25483843245.236954,71.71765354654653,5.938505528789867,125.62758328610695,37.00988744025338,22.17546842925079,11.754103839956201,0.0,0.4372838303836415,27129.41007812662,2379.835543431668,0.2599152780975064,,
Antarctica,1963.0,ATA,3950750.5,25483843245.236954,71.71765354654653,5.938505528789867,125.62758328610695,37.00988744025338,22.17546842925079,11.754103839956201,0.0,0.4372838303836415,27129.41007812662,2379.835543431668,0.2599152780975064,,
Antarctica,1964.0,ATA,3950750.5,25483843245.236954,71.71765354654653,5.938505528789867,125.62758328610695,37.00988744025338,22.17546842925079,11.754103839956201,0.0,0.4372838303836415,27129.41007812662,2379.835543431668,0.2599152780975064,,
Antarctica,1965.0,ATA,3950750.5,25483843245.236954,71.71765354654653,5.938505528789867,125.62758328610695,37.00988744025338,22.17546842925079,11.754103839956201,0.0,0.4372838303836415,27129.41007812662,2379.835543431668,0.2599152780975064,,
Antarctica,1966.0,ATA,3950750.5,25483843245.236954,71.71765354654653,5.938505528789867,125.62758328610695,37.00988744025338,22.17546842925079,11.754103839956201,0.0,0.4372838303836415,27129.41007812662,2379.835543431668,0.2599152780975064,,
Antarctica,1967.0,ATA,3950750.5,25483843245.236954,71.71765354654653,5.938505528789867,125.62758328610695,37.00988744025338,22.17546842925079,11.754103839956201,0.0,0.4372838303836415,27129.41007812662,2379.835543431668,0.2599152780975064,,
Antarctica,1968.0,ATA,3950750.5,25483843245.236954,71.71765354654653,5.938505528789867,125.62758328610695,37.00988744025338,22.17546842925079,11.754103839956201,0.0,0.4372838303836415,27129.41007812662,2379.835543431668,0.2599152780975064,,
Antarctica,1969.0,ATA,3950750.5,25483843245.236954,71.71765354654653,5.938505528789867,125.62758328610695,37.00988744025338,22.17546842925079,11.754103839956201,0.0,0.4372838303836415,27129.41007812662,2379.835543431668,0.2599152780975064,,
Antarctica,1970.0,ATA,3950750.5,25483843245.236954,71.71765354654653,5.938505528789867,125.62758328610695,37.00988744025338,22.17546842925079,11.754103839956201,0.0,0.4372838303836415,27129.41007812662,2379.835543431668,0.2599152780975064,,
Antarctica,1971.0,ATA,3950750.5,25483843245.236954,71.71765354654653,5.938505528789867,125.62758328610695,37.00988744025338,22.17546842925079,11.754103839956201,0.0,0.4372838303836415,27129.41007812662,2379.835543431668,0.2599152780975064,,
Antarctica,1972.0,ATA,3950750.5,25483843245.236954,71.71765354654653,5.938505528789867,125.62758328610695,37.00988744025338,22.17546842925079,11.754103839956201,0.0,0.4372838303836415,27129.41007812662,2379.835543431668,0.2599152780975064,,
Antarctica,1973.0,ATA,3950750.5,25483843245.236954,71.71765354654653,5.938505528789867,125.62758328610695,37.00988744025338,22.17546842925079,11.754103839956201,0.0,0.4372838303836415,27129.41007812662,2379.835543431668,0.2599152780975064,,
Antarctica,1974.0,ATA,3950750.5,25483843245.236954,71.71765354654653,5.938505528789867,125.62758328610695,37.00988744025338,22.17546842925079,11.754103839956201,0.0,0.4372838303836415,27129.41007812662,2379.835543431668,0.2599152780975064,,
Antarctica,1975.0,ATA,3950750.5,25483843245.236954,71.71765354654653,5.938505528789867,125.62758328610695,37.00988744025338,22.17546842925079,11.754103839956201,0.0,0.4372838303836415,27129.41007812662,2379.835543431668,0.2599152780975064,,
Antarctica,1976.0,ATA,3950750.5,25483843245.236954,71.71765354654653,5.938505528789867,125.62758328610695,37.00988744025338,22.17546842925079,11.754103839956201,0.0,0.4372838303836415,27129.41007812662,2379.835543431668,0.2599152780975064,,
Antarctica,1977.0,ATA,3950750.5,25483843245.236954,71.71765354654653,5.938505528789867,125.62758328610695,37.00988744025338,22.17546842925079,11.754103839956201,0.0,0.4372838303836415,27129.41007812662,2379.835543431668,0.2599152780975064,,
Antarctica,1978.0,ATA,3950750.5,25483843245.236954,71.71765354654653,5.938505528789867,125.62758328610695,37.00988744025338,22.17546842925079,11.754103839956201,0.0,0.4372838303836415,27129.41007812662,2379.835543431668,0.2599152780975064,,
Antarctica,1979.0,ATA,3950750.5,25483843245.236954,71.71765354654653,5.938505528789867,125.62758328610695,37.00988744025338,22.17546842925079,11.754103839956201,0.0,0.4372838303836415,27129.41007812662,2379.835543431668,0.2599152780975064,,
Antarctica,1980.0,ATA,3950750.5,25483843245.236954,71.71765354654653,5.938505528789867,125.62758328610695,37.00988744025338,22.17546842925079,11.754103839956201,0.0,0.4372838303836415,27129.41007812662,2379.835543431668,0.2599152780975064,,
Antarctica,1981.0,ATA,3950750.5,25483843245.236954,71.71765354654653,5.938505528789867,125.62758328610695,37.00988744025338,22.17546842925079,11.754103839956201,0.0,0.4372838303836415,27129.41007812662,2379.835543431668,0.2599152780975064,,
Antarctica,1982.0,ATA,3950750.5,25483843245.236954,71.71765354654653,5.938505528789867,125.62758328610695,37.00988744025338,22.17546842925079,11.754103839956201,0.0,0.4372838303836415,27129.41007812662,2379.835543431668,0.2599152780975064,,
Antarctica,1983.0,ATA,3950750.5,25483843245.236954,71.71765354654653,5.938505528789867,125.62758328610695,37.00988744025338,22.17546842925079,11.754103839956201,0.0,0.4372838303836415,27129.41007812662,2379.835543431668,0.2599152780975064,,
Antarctica,1984.0,ATA,3950750.5,25483843245.236954,71.71765354654653,5.938505528789867,125.62758328610695,37.00988744025338,22.17546842925079,11.754103839956201,0.0,0.4372838303836415,27129.41007812662,2379.835543431668,0.2599152780975064,,
Antarctica,1985.0,ATA,3950750.5,25483843245.236954,71.71765354654653,5.938505528789867,125.62758328610695,37.00988744025338,22.17546842925079,11.754103839956201,0.0,0.4372838303836415,27129.41007812662,2379.835543431668,0.2599152780975064,,
Antarctica,1986.0,ATA,3950750.5,25483843245.236954,71.71765354654653,5.938505528789867,125.62758328610695,37.00988744025338,22.17546842925079,11.754103839956201,0.0,0.4372838303836415,27129.41007812662,2379.835543431668,0.2599152780975064,,
Antarctica,1987.0,ATA,3950750.5,25473001093.954536,0.004,4.150880294009627,-9.34063599300718,-8.314503233569386,0.004,8.778640343401499,0.0,0.4247146702354006,19242.422207475698,0.004,0.0,,
Antarctica,1988.0,ATA,3950750.5,25473000970.683712,0.007,4.1508392192762,-9.318733747534058,-8.314743878325391,0.007,8.778786521122136,0.0,0.4247053026705735,19242.228944527058,0.011,0.0,,
Antarctica,1989.0,ATA,3950750.5,25473000986.399822,0.007,4.150839838930554,-9.31886251239029,-8.31475099402989,0.007,8.77879304102762,0.0,0.42470506697166915,19242.233931798008,0.018,0.0,,
Antarctica,1990.0,ATA,3950750.5,25473000825.78066,0.011,4.150785220156067,-9.289690176725216,-8.315073547919924,0.011,8.778989497013587,0.0,0.42469252076644604,19241.97743531194,0.029,0.0,,
Antarctica,1991.0,ATA,3950750.5,25473000674.142124,0.015,4.1507309554697835,-9.260591420978013,-8.31540016792681,0.015,8.779189678659828,0.0,0.42467983987613495,19241.723788695,0.044,0.0,,
Antarctica,1992.0,ATA,3950750.5,25473000707.819508,0.015,4.150732283300543,-9.260867345669936,-8.315415415865028,0.015,8.779203649885877,0.0,0.4246793348070544,19241.734475704183,0.059,0.0,,
Antarctica,1993.0,ATA,3950750.5,25473000739.251728,0.015,4.1507335226092525,-9.2611248753824,-8.31542964727403,0.015,8.77921668969686,0.0,0.4246788634092459,19241.74445024609,0.073,0.0,,
Antarctica,1994.0,ATA,3950750.5,25473000772.929108,0.015,4.150734850440011,-9.261400800074341,-8.315444895212242,0.015,8.779230660922906,0.0,0.42467835834016526,19241.755137255266,0.088,0.0,,
Antarctica,1995.0,ATA,3950750.5,25473001291.52849,0.004,4.1508880839500835,-9.342254751199853,-8.31459268814024,0.004,8.778722307927648,0.0,0.42471170716346135,19242.48490459624,0.092,0.0,,
Antarctica,1996.0,ATA,3950750.5,25473001298.26396,0.004,4.150888349516234,-9.342309936138228,-8.314595737727883,0.004,8.77872510217286,0.0,0.42471160614964515,19242.487041998073,0.095,0.0,,
Antarctica,1997.0,ATA,3950750.5,25473001307.2446,0.004,4.150888703604437,-9.342383516056088,-8.31459980384474,0.004,8.778728827833138,0.0,0.42471147146455707,19242.48989186719,0.099,0.0,,
Antarctica,1998.0,ATA,3950750.5,25473001316.22523,0.004,4.15088905769264,-9.342457095973927,-8.314603869961596,0.004,8.778732553493416,0.0,0.42471133677946893,19242.492741736307,0.103,0.0,,
Antarctica,1999.0,ATA,3950750.5,25473001322.960705,0.004,4.1508893232587925,-9.34251228091231,-8.314606919549242,0.004,8.778735347738628,0.0,0.42471123576565284,19242.494879138147,0.106,0.0,,
Antarctica,2000.0,ATA,3950750.5,25473001331.941338,0.004,4.150889677346995,-9.342585860830166,-8.314610985666098,0.004,8.778739073398908,0.0,0.4247111010805647,19242.497729007257,0.11,0.0,,
Antarctica,2001.0,ATA,3950750.5,25473001340.921974,0.004,4.150890031435197,-9.342659440748022,-8.314615051782951,0.004,8.77874279905918,0.0,0.42471096639547656,19242.50057887637,0.114,0.0,,
Antarctica,2002.0,ATA,3950750.5,25473001347.65745,0.004,4.1508902970013475,-9.342714625686398,-8.314618101370597,0.004,8.778745593304397,0.0,0.4247108653816603,19242.502716278203,0.117,0.0,,
Antarctica,2003.0,ATA,3950750.5,25473001356.63809,0.004,4.150890651089552,-9.342788205604236,-8.314622167487455,0.004,8.778749318964676,0.0,0.4247107306965723,19242.505566147327,0.121,0.0,,
Antarctica,2004.0,ATA,3950750.5,25473001233.367264,0.007,4.150849576356124,-9.320885960131125,-8.314862812243463,0.007,8.778895496685312,0.0,0.42470136313174506,19242.312303198676,0.128,0.0,,
Antarctica,2005.0,ATA,3950750.5,25473001251.32853,0.007,4.150850284532528,-9.321033119966813,-8.314870944477173,0.007,8.778902948005868,0.0,0.4247010937615688,19242.318002936914,0.136,0.0,,
Antarctica,2006.0,ATA,3950750.5,25473001267.04464,0.007,4.150850904186881,-9.321161884823038,-8.314878060181675,0.007,8.778909467911362,0.0,0.42470085806266433,19242.322990207856,0.143,0.0,,
Antarctica,2007.0,ATA,3950750.5,25473001106.425476,0.011,4.150796285412396,-9.291989549157968,-8.315200614071706,0.011,8.779105923897323,0.0,0.42468831185744144,19242.066493721795,0.154,0.0,,
Antarctica,2008.0,ATA,3950750.5,25468469835.49942,0.0,2.9764354407312474,18.92699361133092,-12.258312358849297,3.8117207029634876,8.845425616777291,0.0,0.3321451486959979,14143.14965321163,0.154,0.0,,
Antarctica,2009.0,ATA,3950750.5,25468469835.49942,0.0,2.9764354407312474,18.92699361133092,-12.258312358849297,3.8117207029634876,8.845425616777291,0.0,0.3321451486959979,14143.14965321163,0.154,0.0,,
Antarctica,2010.0,ATA,3950750.5,25468469835.49942,0.0,2.9764354407312474,18.92699361133092,-12.258312358849297,3.8117207029634876,8.845425616777291,0.0,0.3321451486959979,14143.14965321163,0.154,0.0,,
Antarctica,2011.0,ATA,3950750.5,25468469835.49942,0.0,2.9764354407312474,18.92699361133092,-12.258312358849297,3.8117207029634876,8.845425616777291,0.0,0.3321451486959979,14143.14965321163,0.154,0.0,,
Antarctica,2012.0,ATA,3950750.5,25468469835.49942,0.0,2.9764354407312474,18.92699361133092,-12.258312358849297,3.8117207029634876,8.845425616777291,0.0,0.3321451486959979,14143.14965321163,0.154,0.0,,
Antarctica,2013.0,ATA,3950750.5,25468469835.49942,0.0,2.9764354407312474,18.92699361133092,-12.258312358849297,3.8117207029634876,8.845425616777291,0.0,0.3321451486959979,14143.14965321163,0.154,0.0,,
Antarctica,2014.0,ATA,3950750.5,25468469835.49942,0.0,2.9764354407312474,18.92699361133092,-12.258312358849297,3.8117207029634876,8.845425616777291,0.0,0.3321451486959979,14143.14965321163,0.154,0.0,,
Antarctica,2015.0,ATA,3950750.5,25468469835.49942,0.0,2.9764354407312474,18.92699361133092,-12.258312358849297,3.8117207029634876,8.845425616777291,0.0,0.3321451486959979,14143.14965321163,0.154,0.0,,
Antarctica,2016.0,ATA,3950750.5,25468469835.49942,0.0,2.9764354407312474,18.92699361133092,-12.258312358849297,3.8117207029634876,8.845425616777291,0.0,0.3321451486959979,14143.14965321163,0.154,0.0,,
Antarctica,2017.0,ATA,3950750.5,25468469835.49942,0.0,2.9764354407312474,18.92699361133092,-12.258312358849297,3.8117207029634876,8.845425616777291,0.0,0.3321451486959979,14143.14965321163,0.154,0.0,,
Antarctica,2018.0,ATA,3950750.5,25468469835.49942,0.0,2.9764354407312474,18.92699361133092,-12.258312358849297,3.8117207029634876,8.845425616777291,0.0,0.3321451486959979,14143.14965321163,0.154,0.0,,
Antarctica,2019.0,ATA,3950750.5,25468469835.49942,0.0,2.9764354407312474,18.92699361133092,-12.258312358849297,3.8117207029634876,8.845425616777291,0.0,0.3321451486959979,14143.14965321163,0.154,0.0,,
Antarctica,2020.0,ATA,3950750.5,25468469835.49942,0.0,2.9764354407312474,18.92699361133092,-12.258312358849297,3.8117207029634876,8.845425616777291,0.0,0.3321451486959979,14143.14965321163,0.154,0.0,,
Antarctica,2021.0,ATA,3950750.5,25468469835.49942,0.0,2.9764354407312474,18.92699361133092,-12.258312358849297,3.8117207029634876,8.845425616777291,0.0,0.3321451486959979,14143.14965321163,0.154,0.0,,
Antarctica,2022.0,ATA,3950750.5,25468469835.49942,0.0,2.9764354407312474,18.92699361133092,-12.258312358849297,3.8117207029634876,8.845425616777291,0.0,0.3321451486959979,14143.14965321163,0.154,0.0,,
Antarctica,2023.0,ATA,3950750.5,25468469835.49942,0.0,2.9764354407312474,18.92699361133092,-12.258312358849297,3.8117207029634876,8.845425616777291,0.0,0.3321451486959979,14143.14965321163,0.154,0.0,,
Antarctica,2024.0,ATA,3950750.5,25468469835.49942,0.0,2.9764354407312474,18.92699361133092,-12.258312358849297,3.8117207029634876,8.845425616777291,0.0,0.3321451486959979,14143.14965321163,0.154,0.0,,
Antigua and Barbuda,1950.0,ATG,45462.0,-1126835545.6286385,0.012,0.269,0.048,0.002,0.01,0.0,1.3361889524148989,0.15601699395227803,1078.5599037536922,0.012,0.0,,
Antigua and Barbuda,1951.0,ATG,46444.0,-1119556515.1008272,0.02,0.421,0.056,0.011,0.008,0.0,1.3332786481200951,0.1666481145723867,1755.674700571949,0.032,0.0,,
Antigua and Barbuda,1952.0,ATG,47416.0,-1113378146.4713035,0.015,0.309,0.05,0.002,0.012,0.0,1.335854958692018,0.15881693634742294,1256.7496164256818,0.046,0.0,,
Antigua and Barbuda,1953.0,ATG,48400.0,-1106507667.8002446,0.017,0.353,0.051,0.002,0.015,0.0,1.3339351226470884,0.161884017594596,1452.9349019844885,0.064,0.0,,
Antigua and Barbuda,1954.0,ATG,49392.0,-1100170030.3783603,0.012,0.247,0.045,0.0,0.012,0.0,1.3365940760884216,0.15448268743334573,980.5486017425364,0.076,0.0,,
Antigua and Barbuda,1955.0,ATG,50395.0,-1092602706.1371026,0.022,0.436,0.054,0.002,0.02,0.0,1.3317294087859184,0.1676797853576017,1822.8618031047708,0.098,0.0,,
Antigua and Barbuda,1956.0,ATG,51400.0,-1085792966.9160974,0.022,0.428,0.053,0.002,0.02,0.0,1.3319083511145207,0.16712204281464227,1787.2036801034624,0.12,0.0,,
Antigua and Barbuda,1957.0,ATG,52426.0,-1077464030.8205345,0.022,0.419,0.049,-7.77572108406255,0.022,8.450706869121568,0.0,0.15359633311501322,2613.1879992524864,0.142,0.0,,
Antigua and Barbuda,1958.0,ATG,53473.0,-1069831239.9026604,0.029,0.548,0.036,-7.788206230305315,0.029,8.461049158661368,0.0,0.16261336074645052,3191.1456426790437,0.171,0.0,,
Antigua and Barbuda,1959.0,ATG,54549.0,-1062549977.5977201,0.029,0.537,-0.044,-7.787814527786175,0.029,8.46063973723867,0.0,0.16185386393890125,3141.784355222204,0.2,0.0,,
Antigua and Barbuda,1960.0,ATG,55621.0,-1054774442.1320906,0.037,0.659,-0.03,-7.799646353147027,0.037,8.470423567431734,0.0,0.17037681451780684,3688.3881562155166,0.237,0.0,,
Antigua and Barbuda,1961.0,ATG,56554.0,-1047702202.0851765,0.048,0.842,-0.042,-7.8144728914237,0.048,8.482589442526473,0.0,0.18326014976822996,4514.0357016180615,0.285,0.001,,
Antigua and Barbuda,1962.0,ATG,57351.0,-1038563488.8431289,0.103,1.789,0.017,-7.905124973613905,0.103,8.557866482388437,0.0,0.24942181034928812,8757.055974575045,0.387,0.001,,
Antigua and Barbuda,1963.0,ATG,58157.0,-1034410105.8690549,0.084,1.449,0.001,-7.872813290492148,0.084,8.531002998272943,0.0,0.22566396403139938,7233.705620251427,0.471,0.001,,
Antigua and Barbuda,1964.0,ATG,59035.0,-1028029499.0198749,0.092,1.552,-0.01,-7.883153838222617,0.092,8.539522124668848,0.0,0.23285780444160245,7695.175389108994,0.563,0.001,,
Antigua and Barbuda,1965.0,ATG,59987.0,-1017815989.2628025,0.15,2.504,0.073,-7.974530368102441,0.15,8.615354766821184,0.0,0.299361162301017,11960.603513367778,0.713,0.001,,
Antigua and Barbuda,1966.0,ATG,60911.0,-998927336.3245534,0.348,5.715,0.28,-8.277299309060918,0.348,8.8663617794967,0.0,0.5238669650433683,26358.87277443944,1.061,0.003,,
Antigua and Barbuda,1967.0,ATG,61857.0,-979119895.5781355,0.564,9.122,0.502,-8.599814388772817,0.564,9.13364612950996,0.0,0.7620488887154309,41635.32738736727,1.626,0.005,,
Antigua and Barbuda,1968.0,ATG,62832.0,-946499835.6939917,0.989,15.745,0.934,-9.229875735716996,0.989,9.655810582386556,0.0,1.2249711882076206,71326.65618854553,2.615,0.008,,
Antigua and Barbuda,1969.0,ATG,63832.0,-924225187.6416254,1.257,19.688,1.213,-9.609683313775436,1.257,9.970407021206906,0.0,1.500448296862082,88998.9527521952,3.872,0.009,,
Antigua and Barbuda,1970.0,ATG,64549.0,-968522286.7746054,0.462,7.152,0.472,-8.421039277707907,0.462,8.98535280357812,0.0,0.6240875477276036,32798.11810539756,4.333,0.003,,
Antigua and Barbuda,1971.0,ATG,64747.0,-969479364.3967074,0.425,6.564,0.406,-8.365061266826507,0.425,8.938944790268401,0.0,0.5829952586450039,30163.745435730532,4.758,0.003,,
Antigua and Barbuda,1972.0,ATG,64631.0,-973338327.381207,0.374,5.782,0.346,-8.292974869197765,0.374,8.879337524474572,0.0,0.5282563090304104,26654.444019233328,5.132,0.002,,
Antigua and Barbuda,1973.0,ATG,64362.0,-977748965.8031335,0.33,5.124,0.301,-8.229667284804421,0.33,8.826923672043764,0.0,0.4822772311478791,23706.461749591144,5.462,0.002,,
Antigua and Barbuda,1974.0,ATG,64074.0,-973560323.8161254,0.429,6.691,0.403,-8.377835038514768,0.429,8.949753385344195,0.0,0.5918248554635162,30733.178729908723,5.89,0.003,,
Antigua and Barbuda,1975.0,ATG,63856.0,-957852447.5828357,0.707,11.074,0.686,-8.797317564697643,0.707,9.297608336457769,0.0,0.898085889396903,50376.847118563746,6.598,0.004,,
Antigua and Barbuda,1976.0,ATG,63779.0,-977028629.4007685,0.403,6.319,0.384,-8.34565027621263,0.403,8.92334634426043,0.0,0.5656969089701545,29061.11882076198,7.001,0.002,,
Antigua and Barbuda,1977.0,ATG,63882.0,-972538965.142221,0.465,7.284,0.451,-8.43606478870676,0.465,8.998249058901617,0.0,0.6331863623312368,33390.619182704715,7.466,0.003,,
Antigua and Barbuda,1978.0,ATG,64055.0,-969866411.1845529,0.491,7.665,0.486,-8.47335414262181,0.491,9.029184307179012,0.0,0.6597793774300609,35097.810430259575,7.957,0.003,,
Antigua and Barbuda,1979.0,ATG,64297.0,-973476450.6366436,0.407,6.325,0.413,-8.347776740357864,0.407,8.925169262286424,0.0,0.5660525820507043,29088.43324349933,8.364,0.002,,
Antigua and Barbuda,1980.0,ATG,64531.0,-974325737.4168174,0.143,2.214,0.156,-8.196873043905821,0.143,10.236627642961366,0.0,0.22860528401237246,26363.068,8.507,0.001,,
Antigua and Barbuda,1981.0,ATG,64686.0,-975867137.4684937,0.106,1.643,0.122,-8.144958677204116,0.106,10.159212901329369,0.0,0.19012251269368907,23417.893,8.613,0.001,,
Antigua and Barbuda,1982.0,ATG,64802.0,-967694420.8459604,0.293,4.523,0.314,-8.317700954302039,0.293,9.883436563592925,0.0,0.4053959986258143,31791.322,8.906,0.002,,
Antigua and Barbuda,1983.0,ATG,64952.0,-978252827.2471659,0.084,1.297,0.089,-8.077094678740083,0.084,9.81105768474381,0.0,0.17637077204783638,18657.592,8.99,0.0,,
Antigua and Barbuda,1984.0,ATG,64899.0,-976903964.3914535,0.147,2.258,0.166,-8.121301780554965,0.147,9.629393036884725,0.0,0.25105577557432324,20596.385,9.137,0.001,,
Antigua and Barbuda,1985.0,ATG,64606.0,-978865455.0795554,0.249,3.856,0.277,-8.156906272946173,0.249,9.005990043025704,0.0,0.3854452591422125,20633.264,9.386,0.001,,
Antigua and Barbuda,1986.0,ATG,64292.0,-980608529.9317682,0.249,3.875,0.281,-8.163343440706559,0.249,9.044366178567305,0.0,0.3855804782325013,21080.012,9.635,0.001,,
Antigua and Barbuda,1987.0,ATG,63964.0,-978174491.4662229,0.275,4.296,0.31,-8.243542621673342,0.275,9.421224782489295,0.0,0.40377926359693994,26372.535,9.91,0.001,,
Antigua and Barbuda,1988.0,ATG,63641.0,-980192134.8365567,0.286,4.491,0.323,-8.25060623659146,0.286,9.36574525505442,0.0,0.41951722866092345,26577.275,10.196,0.001,,
Antigua and Barbuda,1989.0,ATG,63346.0,-982153367.1463969,0.286,4.512,0.321,-8.251863337741733,0.286,9.363015104434718,0.0,0.4211035409653622,26629.824,10.481,0.001,,
Antigua and Barbuda,1990.0,ATG,63087.0,-982948748.4280207,0.242,3.833,0.279,-8.251815425515785,0.242,9.742050342466335,0.0,0.36036319214969675,27726.844,10.723,0.001,,
Antigua and Barbuda,1991.0,ATG,63406.0,-980984954.2746768,0.249,3.929,0.289,-8.251084904911767,0.249,9.680461802312552,0.0,0.36920186783733566,27490.848,10.972,0.001,,
Antigua and Barbuda,1992.0,ATG,64422.0,-974387023.8254225,0.249,3.867,0.293,-8.24562528069682,0.249,9.668337951992946,0.0,0.3651446554938944,27129.709,11.222,0.001,,
Antigua and Barbuda,1993.0,ATG,65601.0,-966853727.9758174,0.256,3.91,0.303,-8.239873342167623,0.256,9.594798266833243,0.0,0.37056948552649244,26571.008,11.478,0.001,,
Antigua and Barbuda,1994.0,ATG,66860.0,-957102913.546912,0.267,4.0,0.317,-8.260696775832699,0.267,9.697213387894061,0.0,0.3737718087738121,27909.777,11.746,0.001,,
Antigua and Barbuda,1995.0,ATG,68210.0,-946804410.3975278,0.271,3.975,0.324,-8.277963200944018,0.271,9.836471749478164,0.0,0.36755787557480946,29167.164,12.017,0.001,,
Antigua and Barbuda,1996.0,ATG,69629.0,-937601247.1891913,0.286,4.104,0.34,-8.274993573959431,0.286,9.733603346186145,0.0,0.3800850299619575,28649.453,12.302,0.001,,
Antigua and Barbuda,1997.0,ATG,71071.0,-927611361.5058169,0.308,4.331,0.365,-8.283838139736353,0.308,9.665521073796308,0.0,0.3985330828344296,28846.434,12.61,0.001,,
Antigua and Barbuda,1998.0,ATG,72430.0,-918837300.1624999,0.322,4.452,0.382,-8.280338602974771,0.322,9.563365566459959,0.0,0.41046214145466203,28305.189,12.933,0.001,,
Antigua and Barbuda,1999.0,ATG,73681.0,-910744805.3275542,0.344,4.674,0.406,-8.280066088728182,0.344,9.427921072715858,0.0,0.4306926458594827,27824.682,13.277,0.001,,
Antigua and Barbuda,2000.0,ATG,74929.0,-901644161.071821,0.355,4.743,0.417,-8.291946496946816,0.355,9.471931834989771,0.0,0.4342468744745511,28510.771,13.633,0.001,,
Antigua and Barbuda,2001.0,ATG,76082.0,-894175996.7688602,0.374,4.912,0.437,-8.291235692099216,0.374,9.362310324721527,0.0,0.44985625766064147,28078.699,14.006,0.001,,
Antigua and Barbuda,2002.0,ATG,77049.0,-886141767.268863,0.403,5.231,0.47,-8.31866213406893,0.403,9.40351493887838,0.0,0.47143388559036675,29724.633,14.409,0.002,,
Antigua and Barbuda,2003.0,ATG,77896.0,-879336564.4685869,0.432,5.55,0.501,-8.342882082202443,0.432,9.399999748202763,0.0,0.4944236579317912,30902.998,14.842,0.002,,
Antigua and Barbuda,2004.0,ATG,78734.0,-872919293.2305585,0.451,5.724,0.52,-8.358905886360489,0.451,9.415426131359503,0.0,0.506414004214433,31710.818,15.292,0.002,,
Antigua and Barbuda,2005.0,ATG,79628.0,-866724113.4444358,0.48,6.028,0.551,-8.36882977678509,0.48,9.309888627330322,0.0,0.5315721068506325,31834.326,15.772,0.002,,
Antigua and Barbuda,2006.0,ATG,80619.0,-859472786.8911209,0.517,6.408,0.591,-8.38683712348777,0.517,9.22076346630292,0.0,0.5616607981047083,32406.76,16.289,0.002,,
Antigua and Barbuda,2007.0,ATG,81716.0,-851035311.5365273,0.535,6.546,0.613,-8.406200307025514,0.535,9.280337941562747,0.0,0.5696663920402272,33506.125,16.824,0.002,,
Antigua and Barbuda,2008.0,ATG,82926.0,-842560510.5476651,0.539,6.495,0.622,-8.410083977462625,0.539,9.328949756323267,0.0,0.5644668413188609,33775.395,17.362,0.002,,
Antigua and Barbuda,2009.0,ATG,84193.0,-832983493.4382331,0.557,6.615,0.634,-8.429013413657472,0.557,9.393694937049876,0.0,0.5710214977680692,34854.703,17.919,0.002,,
Antigua and Barbuda,2010.0,ATG,85337.0,-826614669.084515,0.55,6.44,0.603,-8.404836501701006,0.55,9.298454092537378,0.0,0.5615076823546408,33244.883,18.469,0.002,,
Antigua and Barbuda,2011.0,ATG,86350.0,-820149184.4559174,0.546,6.322,0.597,-8.396697050626509,0.546,9.295480855716384,0.0,0.5531409048993087,32756.098,19.015,0.002,,
Antigua and Barbuda,2012.0,ATG,87275.0,-813366885.9058605,0.557,6.381,0.611,-8.406756383686236,0.557,9.329668731598833,0.0,0.5562863377227527,33306.035,19.572,0.002,,
Antigua and Barbuda,2013.0,ATG,88074.0,-808192522.5683835,0.557,6.323,0.619,-8.402400314733987,0.557,9.322341524518333,0.0,0.5523568446695942,33005.023,20.129,0.002,,
Antigua and Barbuda,2014.0,ATG,88784.0,-802942865.4133118,0.568,6.397,0.626,-8.411663752002147,0.568,9.342569691846736,0.0,0.5570214572229244,33476.52,20.697,0.002,,
Antigua and Barbuda,2015.0,ATG,89421.0,-798205315.5676508,0.579,6.474,0.635,-8.420732209184978,0.579,9.359835819245292,0.0,0.5619942173344783,33930.758,21.276,0.002,,
Antigua and Barbuda,2016.0,ATG,89980.0,-794144115.7510966,0.594,6.597,0.652,-8.428708119973624,0.594,9.342225872750566,0.0,0.5713736798617877,34220.047,21.869,0.002,,
Antigua and Barbuda,2017.0,ATG,90483.0,-792369033.0799756,0.601,6.641,0.667,-8.405633567163004,0.601,9.134111919924848,0.0,0.5811397504787188,32348.727,22.47,0.002,,
Antigua and Barbuda,2018.0,ATG,90942.0,-789480325.4648376,0.616,6.769,0.676,-8.406274152100448,0.616,9.057440347867034,0.0,0.5927563402222991,32080.172,23.086,0.002,,
Antigua and Barbuda,2019.0,ATG,91377.0,-785598474.7712542,0.638,6.977,0.695,-8.42645687561137,0.638,9.083840992694606,0.0,0.6068333090758652,33123.305,23.723,0.002,,
Antigua and Barbuda,2020.0,ATG,91864.0,-783419214.5233,0.616,6.701,0.671,-8.403227768147996,0.616,9.060332379421066,0.0,0.587778932610912,31833.912,24.339,0.002,,
Antigua and Barbuda,2021.0,ATG,92358.0,-779096217.6476581,0.634,6.863,0.69,-8.422853994557197,0.634,9.10928107745409,0.0,0.5978388364397267,32921.891,24.973,0.002,,
Antigua and Barbuda,2022.0,ATG,92850.0,-775768538.4578204,0.642,6.913,0.7,-8.424777713343762,0.642,9.087947504817821,0.0,0.6020989115199427,32896.395,25.614,0.002,,
Antigua and Barbuda,2023.0,ATG,93331.0,-773048957.4394767,0.641,6.863,0.699,-8.416113753616312,0.641,9.04374081212621,0.0,0.5999135314030916,32266.113,26.255,0.002,,
Antigua and Barbuda,2024.0,ATG,93782.0,-769727690.6866583,0.665,7.092,0.724,-8.464879970779888,0.665,9.018919017735096,0.0,0.6186335288708564,32528.787201006537,26.92,0.002,,
Argentina,1950.0,ARG,17018032.0,136328020367.0,29.921,1.758,155.389,3.561,25.582,0.0,0.778,0.219,10074.140944201796,541.877,0.505,Alto,Media
Argentina,1951.0,ARG,17356467.0,141645225769.0,34.963,2.014,168.883,5.47,27.304,1.418,0.77,0.247,11537.067632635564,576.84,0.548,Alto,Media
Argentina,1952.0,ARG,17698882.0,134416825232.0,36.099,2.04,176.262,4.507,29.289,1.535,0.767,0.269,11775.020274047642,612.939,0.558,Medio,Media
Argentina,1953.0,ARG,18041299.0,141635212660.0,35.135,1.947,180.548,3.114,30.008,1.194,0.818,0.248,11269.262472248547,648.073,0.528,Medio,Media
Argentina,1954.0,ARG,18381211.0,147492474117.0,36.75,1.999,185.898,3.722,30.976,1.209,0.843,0.249,11588.409495008918,684.824,0.541,Alto,Media
Argentina,1955.0,ARG,18716036.0,158009443968.0,39.56,2.114,193.029,3.21,34.2,1.227,0.923,0.25,12161.791568589755,724.384,0.531,Alto,Media
Argentina,1956.0,ARG,19049973.0,162343214718.0,44.297,2.325,202.506,3.814,38.157,1.304,1.021,0.273,13332.74030362589,768.681,0.559,Alto,Media
Argentina,1957.0,ARG,19383045.0,170709725537.0,47.608,2.456,210.343,3.36,41.619,1.458,1.17,0.279,14186.451826712911,816.288,0.582,Alto,Media
Argentina,1958.0,ARG,19714264.0,181174414304.0,44.193,2.242,209.817,3.781,37.71,1.48,1.221,0.244,12874.290119226724,860.481,0.525,Alto,Media
Argentina,1959.0,ARG,20049604.0,169428730363.0,48.949,2.441,218.119,3.73,42.576,1.473,1.17,0.289,13976.162876279212,909.43,0.553,Alto,Media
Argentina,1960.0,ARG,20386055.0,182678462533.0,48.764,2.392,208.946,3.906,41.191,2.363,1.305,0.267,13694.208773162463,958.194,0.519,Alto,Media
Argentina,1961.0,ARG,20726280.0,195762238500.0,51.127,2.467,233.596,3.539,42.121,4.03,1.436,0.261,14391.085585713521,1009.321,0.543,Alto,Media
Argentina,1962.0,ARG,21072543.0,192596954205.0,53.64,2.545,235.411,2.008,45.078,5.108,1.446,0.279,15003.86243791653,1062.961,0.55,Alto,Media
Argentina,1963.0,ARG,21421702.0,187954618378.0,50.033,2.336,227.262,2.305,40.645,5.829,1.254,0.266,13681.060159647037,1112.994,0.487,Alto,Media
Argentina,1964.0,ARG,21769451.0,207332560152.0,55.67,2.557,239.801,2.557,45.207,6.467,1.439,0.269,15013.194934525502,1168.664,0.514,Alto,Media
Argentina,1965.0,ARG,22112634.0,226284876533.0,58.805,2.659,281.738,2.601,47.324,7.247,1.632,0.26,14857.01,1227.469,0.52,Alto,Media
Argentina,1966.0,ARG,22453898.0,227834517023.0,63.073,2.809,287.897,2.587,48.57,7.848,1.723,0.277,15105.385,1290.541,0.532,Alto,Media
Argentina,1967.0,ARG,22799063.0,233929091015.0,65.476,2.872,326.578,2.939,49.777,8.208,1.756,0.28,15309.062,1356.017,0.535,Alto,Media
Argentina,1968.0,ARG,23150580.0,243886485849.0,69.009,2.981,291.434,2.367,52.56,9.142,2.064,0.283,15586.842,1425.026,0.535,Alto,Media
Argentina,1969.0,ARG,23508716.0,264721484806.0,77.249,3.286,275.046,2.59,60.573,9.105,2.148,0.292,15862.656,1502.275,0.561,Alto,Media
Argentina,1970.0,ARG,23878330.0,278897355187.0,82.648,3.461,270.613,3.287,63.926,10.281,2.344,0.296,14803.654,1584.923,0.555,Alto,Media
Argentina,1971.0,ARG,24257212.0,292438888324.0,88.85,3.663,273.603,2.928,69.319,11.021,2.739,0.304,15448.672,1673.773,0.573,Alto,Media
Argentina,1972.0,ARG,24644332.0,301570151738.0,90.073,3.655,277.598,2.858,69.297,12.469,2.705,0.299,15396.966,1763.846,0.555,Alto,Media
Argentina,1973.0,ARG,25046007.0,319937928734.0,93.984,3.752,283.533,2.88,71.21,14.187,2.579,0.294,15829.181,1857.83,0.55,Alto,Media
Argentina,1974.0,ARG,25461352.0,340686393609.0,95.492,3.75,282.921,3.367,71.452,14.923,2.687,0.28,16192.301,1953.323,0.562,Alto,Media
Argentina,1975.0,ARG,25874106.0,337656029605.0,94.86,3.666,283.822,3.594,68.913,15.722,2.729,0.281,15558.845,2048.183,0.558,Alto,Media
Argentina,1976.0,ARG,26282282.0,336841121953.0,99.718,3.794,290.491,3.243,71.866,16.466,2.86,0.296,16083.609,2147.901,0.558,Alto,Media
Argentina,1977.0,ARG,26701815.0,357157949062.0,100.729,3.772,294.606,2.704,72.702,16.905,3.01,0.282,16532.896,2248.63,0.549,Alto,Media
Argentina,1978.0,ARG,27132162.0,341466738351.0,102.583,3.781,288.841,3.836,72.896,16.425,3.175,0.3,16382.302,2351.214,0.539,Alto,Media
Argentina,1979.0,ARG,27568894.0,365906443800.0,110.649,4.014,295.368,3.602,79.073,18.016,3.36,0.302,17257.4,2461.862,0.567,Alto,Media
Argentina,1980.0,ARG,28011597.0,371076968671.0,108.695,3.88,289.7,2.865,76.508,19.566,3.601,0.293,16895.92,2570.558,0.56,Alto,Media
Argentina,1981.0,ARG,28463956.0,349782000000.0,102.009,3.584,278.06,2.957,70.059,20.485,3.363,0.292,16121.061,2672.566,0.54,Alto,Media
Argentina,1982.0,ARG,28924268.0,338761500000.0,103.388,3.574,275.475,2.66,69.032,23.249,2.852,0.305,16261.604,2775.954,0.552,Alto,Media
Argentina,1983.0,ARG,29391334.0,350706600000.0,105.182,3.579,280.141,2.191,68.674,26.264,2.858,0.3,16701.121,2881.137,0.556,Alto,Media
Argentina,1984.0,ARG,29863090.0,357844347000.0,106.492,3.566,282.625,2.147,67.237,27.301,2.658,0.298,16488.375,2987.628,0.547,Alto,Media
Argentina,1985.0,ARG,30336448.0,334171440000.0,100.569,3.315,274.944,2.774,60.435,28.809,2.363,0.301,16023.38,3088.198,0.499,Alto,Media
Argentina,1986.0,ARG,30811982.0,358634675000.0,104.199,3.382,275.895,3.393,62.2,30.964,2.838,0.291,16542.523,3192.396,0.51,Alto,Media
Argentina,1987.0,ARG,31291764.0,367893625000.0,114.936,3.673,284.543,3.778,66.454,36.699,3.228,0.312,17022.387,3307.332,0.545,Alto,Alta
Argentina,1988.0,ARG,31780534.0,360921156000.0,121.464,3.822,292.444,4.023,66.232,42.233,3.106,0.337,17035.045,3428.797,0.554,Alto,Alta
Argentina,1989.0,ARG,32270958.0,338520796000.0,117.067,3.628,289.025,4.144,59.753,44.609,2.3,0.346,16179.043,3545.864,0.527,Alto,Alta
Argentina,1990.0,ARG,32755907.0,338751144000.0,112.188,3.425,286.574,3.14,59.188,43.213,1.862,0.331,15680.393,3658.052,0.494,Alto,Alta
Argentina,1991.0,ARG,33230293.0,376057930424.0,117.727,3.543,316.994,2.939,61.233,47.284,2.168,0.313,15722.361,3775.779,0.507,Alto,Alta
Argentina,1992.0,ARG,33693532.0,416679827242.0,121.514,3.606,309.154,3.107,63.633,48.303,2.474,0.292,16630.447,3897.293,0.54,Alto,Media
Argentina,1993.0,ARG,34152719.0,444780261628.0,118.021,3.456,298.301,2.528,67.152,40.807,2.781,0.265,16948.301,4015.314,0.519,Alto,Media
Argentina,1994.0,ARG,34613492.0,472926751991.0,118.507,3.424,299.414,3.561,67.203,42.677,3.087,0.251,17657.168,4133.821,0.516,Alto,Media
Argentina,1995.0,ARG,35070016.0,461601030169.0,125.415,3.576,308.467,3.741,62.834,53.194,2.76,0.272,17982.643,4259.236,0.533,Alto,Media
Argentina,1996.0,ARG,35513795.0,489406483416.0,131.446,3.701,311.916,3.114,65.921,57.542,2.718,0.269,18559.109,4390.682,0.542,Alto,Media
Argentina,1997.0,ARG,35947790.0,531526379817.0,136.617,3.8,319.533,2.807,66.868,61.504,3.233,0.257,18609.811,4527.299,0.56,Alto,Media
Argentina,1998.0,ARG,36372862.0,554567078807.0,139.505,3.835,321.302,3.155,69.576,61.614,3.468,0.252,19087.227,4666.804,0.574,Alto,Media
Argentina,1999.0,ARG,36794687.0,538270560194.0,148.345,4.032,332.044,2.788,72.723,67.619,3.331,0.276,19175.273,4815.148,0.597,Alto,Media
Argentina,2000.0,ARG,37213986.0,536480965694.0,143.355,3.852,329.932,2.36,67.434,69.438,2.657,0.267,18907.803,4958.503,0.562,Alto,Media
Argentina,2001.0,ARG,37624817.0,514867255248.0,135.004,3.588,319.058,2.008,64.334,64.807,2.348,0.262,18268.281,5093.508,0.525,Alto,Media
Argentina,2002.0,ARG,38029345.0,460558541367.0,124.93,3.285,394.168,1.579,57.495,62.618,1.728,0.271,17306.4,5218.438,0.476,Alto,Media
Argentina,2003.0,ARG,38424283.0,503104157615.0,134.421,3.498,455.75,2.48,59.355,69.068,2.22,0.267,18341.469,5352.858,0.486,Alto,Media
Argentina,2004.0,ARG,38815915.0,550306327169.0,157.235,4.051,507.462,2.532,67.813,82.913,2.887,0.286,19351.779,5510.094,0.55,Alto,Media
Argentina,2005.0,ARG,39216786.0,601050418142.0,161.728,4.124,518.319,3.668,71.8,81.967,3.38,0.269,20306.785,5671.822,0.546,Alto,Media
Argentina,2006.0,ARG,39622113.0,652296814311.0,174.342,4.4,529.459,3.968,81.911,83.867,3.797,0.267,21100.816,5846.164,0.57,Alto,Media
Argentina,2007.0,ARG,40016767.0,714725198062.0,173.764,4.342,436.537,3.759,77.952,87.178,4.181,0.243,21717.797,6019.927,0.552,Alto,Media
Argentina,2008.0,ARG,40424151.0,747157417513.0,187.596,4.641,404.48,3.975,88.658,90.12,4.243,0.251,21746.203,6207.523,0.585,Alto,Media
Argentina,2009.0,ARG,40854832.0,705920838368.0,178.378,4.366,540.889,3.305,82.38,87.993,4.008,0.253,20858.098,6385.901,0.566,Alto,Media
Argentina,2010.0,ARG,41288694.0,785785170150.0,186.121,4.508,479.33,4.082,90.145,86.928,4.353,0.237,21368.264,6572.022,0.559,Alto,Media
Argentina,2011.0,ARG,41730655.0,837742673804.0,189.884,4.55,479.874,4.825,86.906,92.586,4.695,0.227,21743.625,6761.906,0.551,Alto,Media
Argentina,2012.0,ARG,42161718.0,829147409948.0,191.715,4.547,430.562,5.078,85.589,95.383,4.533,0.231,22393.107,6953.621,0.548,Alto,Media
Argentina,2013.0,ARG,42582453.0,849088398588.0,189.525,4.451,403.474,4.84,87.487,91.338,4.568,0.223,23705.746,7143.146,0.537,Alto,Media
Argentina,2014.0,ARG,43024071.0,827750786191.0,188.539,4.382,449.449,5.536,84.292,92.844,4.479,0.228,23080.285,7331.685,0.532,Alto,Media
Argentina,2015.0,ARG,43477011.0,850356641236.0,191.809,4.412,413.0,5.467,86.954,93.535,4.636,0.226,23230.486,7523.493,0.542,Alto,Media
Argentina,2016.0,ARG,43900312.0,832669278245.0,190.02,4.328,414.578,4.192,84.554,96.301,4.133,0.228,22909.215,7713.514,0.537,Alto,Media
Argentina,2017.0,ARG,44288898.0,856142153676.0,187.068,4.224,396.408,4.28,80.857,96.444,4.528,0.219,22511.016,7900.582,0.52,Alto,Media
Argentina,2018.0,ARG,44654876.0,833736983405.0,182.483,4.087,406.818,4.356,76.109,96.125,4.535,0.219,22081.684,8083.065,0.497,Alto,Media
Argentina,2019.0,ARG,44973469.0,817053926667.0,180.428,4.012,432.561,2.143,76.609,95.606,4.298,0.221,20582.312,8263.493,0.487,Alto,Media
Argentina,2020.0,ARG,45191960.0,735814250460.0,164.613,3.643,397.663,3.224,66.675,89.085,3.642,0.224,19117.824,8428.105,0.468,Alto,Media
Argentina,2021.0,ARG,45312282.0,812324184006.0,190.197,4.197,437.433,4.51,85.441,93.073,4.848,0.234,20925.615,8618.303,0.516,Alto,Media
Argentina,2022.0,ARG,45407904.0,854914363923.0,183.768,4.047,432.106,4.731,81.967,89.62,5.255,0.215,22049.938,8802.07,0.49,Alto,Media
Argentina,2023.0,ARG,45538402.0,308577593361.3723,178.407,3.918,427.118,4.226,79.241,87.849,5.037,-0.00393558035198216,22053.053,8980.478,0.468,,
Argentina,2024.0,ARG,45696153.0,309651224276.50586,171.059,3.743,416.982,3.162,72.461,89.168,3.731,-0.014472528255835337,21513.947,9151.537,0.443,,
Armenia,1950.0,ARM,1382896.0,7979548957.607895,1.483,1.072,2.495,0.647,0.749,0.067,0.02,0.22453559478873455,3495.404800569213,24.014,0.025,,
Armenia,1951.0,ARM,1417286.0,8213883599.335125,1.606,1.133,2.79,0.701,0.808,0.072,0.024,0.22868294592359478,3769.2235490104194,25.619,0.025,,
Armenia,1952.0,ARM,1454108.0,8464734032.280493,1.719,1.182,3.131,0.727,0.893,0.072,0.027,0.23211558640648156,4002.6799001861036,27.338,0.027,,
Armenia,1953.0,ARM,1493580.0,8733561479.541586,1.818,1.217,3.367,0.746,0.965,0.076,0.031,0.23442699092875635,4162.487818168407,29.156,0.027,,
Armenia,1954.0,ARM,1535981.0,9022486557.331905,1.984,1.291,3.691,0.803,1.061,0.082,0.037,0.23960876941746392,4506.7120910983,31.14,0.029,,
Armenia,1955.0,ARM,1581511.0,9332932776.89653,2.249,1.422,4.091,0.889,1.219,0.097,0.044,0.24853470712029807,5104.194613562394,33.389,0.03,,
Armenia,1956.0,ARM,1630823.0,9668972276.381636,2.468,1.514,4.378,0.924,1.369,0.126,0.049,0.2547585770368313,5529.031672078427,35.857,0.031,,
Armenia,1957.0,ARM,1684147.0,10032319776.678558,2.702,1.604,4.614,0.957,1.498,0.19,0.057,0.26096031761604116,5954.020604118082,38.559,0.033,,
Armenia,1958.0,ARM,1740888.0,10418784282.239641,2.886,1.658,4.675,0.947,1.603,0.271,0.065,0.2646030589127634,6215.253336521428,41.445,0.034,,
Armenia,1959.0,ARM,1801014.0,10828180297.10411,3.034,1.685,4.416,0.935,1.69,0.333,0.076,0.2663506858741284,6348.658996683022,44.479,0.034,,
Armenia,1960.0,ARM,1863710.0,11255005253.573828,3.16,1.695,4.262,0.898,1.767,0.405,0.09,0.2669211916394791,6408.1312478117425,47.639,0.034,,
Armenia,1961.0,ARM,1927488.0,11689148901.58318,3.262,1.692,4.346,0.841,1.821,0.5,0.1,0.2666674583195737,6416.41390575486,50.901,0.035,,
Armenia,1962.0,ARM,1991686.0,12126278781.701797,3.429,1.722,4.497,0.794,1.932,0.59,0.113,0.2685245649234212,6568.265073412193,54.33,0.035,,
Armenia,1963.0,ARM,2056024.0,12564518159.684433,3.682,1.791,4.773,0.802,2.057,0.703,0.121,0.2731125533070411,6900.748241516794,58.012,0.036,,
Armenia,1964.0,ARM,2120135.0,13001166442.972052,3.92,1.849,5.036,0.806,2.152,0.834,0.128,0.2768847058982643,7178.066437147436,61.932,0.036,,
Armenia,1965.0,ARM,2183635.0,13433651676.398987,4.161,1.905,5.147,0.818,2.252,0.947,0.143,0.28063803139976556,7451.3998090374935,66.093,0.037,,
Armenia,1966.0,ARM,2246162.0,13859493739.218027,4.396,1.957,5.505,0.833,2.37,1.034,0.159,0.2839549880944563,7700.914872677229,70.489,0.037,,
Armenia,1967.0,ARM,2307497.0,14277166085.23289,4.601,1.994,5.791,0.818,2.514,1.101,0.168,0.28627511680446144,7886.366063426898,75.09,0.038,,
Armenia,1968.0,ARM,2367326.0,14684461458.907564,4.736,2.001,6.086,0.789,2.611,1.163,0.174,0.2863712238144159,7925.859228438574,79.826,0.037,,
Armenia,1969.0,ARM,2424034.0,15070622250.370136,4.936,2.036,6.228,0.786,2.748,1.223,0.179,0.28836923100003997,8088.910323782411,84.763,0.036,,
Armenia,1970.0,ARM,2475628.0,15422067185.247936,5.191,2.097,6.555,0.844,3.016,1.141,0.19,0.2920212510387922,8356.948453378704,89.953,0.035,,
Armenia,1971.0,ARM,2525348.0,15760870287.869545,5.519,2.185,7.099,0.838,3.127,1.256,0.203,0.29870651913680046,8697.464344824402,95.472,0.036,,
Armenia,1972.0,ARM,2577081.0,16113314787.66042,5.813,2.256,7.545,0.853,3.353,1.304,0.214,0.3030439066046257,9034.36786689863,101.285,0.036,,
Armenia,1973.0,ARM,2630860.0,26603649271.0,6.067,2.306,7.906,0.846,3.536,1.353,0.228,0.228,9415.400075274389,107.353,0.036,Alto,Media
Armenia,1974.0,ARM,2686442.0,16858136895.948986,6.308,2.348,8.161,0.832,3.715,1.406,0.243,0.3088141058496676,9462.851151993598,113.66,0.037,,
Armenia,1975.0,ARM,2743665.0,17247962340.707912,6.638,2.419,8.61,0.848,3.887,1.519,0.261,0.3135359429686143,9803.28291668763,120.298,0.039,,
Armenia,1976.0,ARM,2818168.0,17755235009.230217,6.895,2.447,8.968,0.867,3.963,1.663,0.266,0.3152306497464219,9937.28231069705,127.193,0.039,,
Armenia,1977.0,ARM,2912833.0,18399647346.969685,7.133,2.449,9.168,0.874,4.071,1.769,0.272,0.31511489844116003,9954.350527323579,134.326,0.039,,
Armenia,1978.0,ARM,3012808.0,19080200087.799076,7.383,2.45,9.513,0.852,4.283,1.82,0.272,0.31474406185246595,9965.651635042845,141.709,0.039,,
Armenia,1979.0,ARM,3078505.0,19527298384.875572,7.444,2.418,9.632,0.854,4.304,1.938,0.264,0.3114453033297909,9889.791778420651,149.152,0.038,,
Armenia,1980.0,ARM,3107418.0,28944150679.0,7.735,2.489,10.027,0.906,4.438,2.037,0.269,0.267,10325.58900975063,156.887,0.04,Alto,Media
Armenia,1981.0,ARM,3135354.0,30229902752.0,7.6,2.424,10.03,0.794,4.338,2.112,0.275,0.251,10073.777769260865,164.487,0.04,Alto,Media
Armenia,1982.0,ARM,3163145.0,31572139214.0,7.745,2.449,10.218,0.805,4.355,2.234,0.27,0.245,10219.70883462869,172.233,0.041,Alto,Media
Armenia,1983.0,ARM,3191549.0,32260060096.0,7.861,2.463,10.37,0.794,4.324,2.383,0.282,0.244,10312.920852403675,180.094,0.042,Alto,Media
Armenia,1984.0,ARM,3224549.0,33825293751.0,7.935,2.461,10.526,0.786,4.212,2.571,0.289,0.235,10336.625227295692,188.029,0.041,Alto,Media
Armenia,1985.0,ARM,3260438.0,35371482835.0,8.551,2.623,11.192,0.919,4.36,2.895,0.292,0.242,11101.765005296806,196.58,0.042,Alto,Media
Armenia,1986.0,ARM,3294857.0,35568039616.0,8.143,2.471,10.805,0.988,4.123,2.652,0.304,0.229,10395.576061903506,204.723,0.04,Alto,Media
Armenia,1987.0,ARM,3328525.0,33956640522.0,8.169,2.454,10.861,0.986,3.629,3.175,0.311,0.241,10339.611606447193,212.892,0.039,Alto,Media
Armenia,1988.0,ARM,3355123.0,32698725941.0,9.299,2.771,11.95,0.865,3.732,4.235,0.318,0.284,11783.101093947958,222.191,0.042,Alto,Media
Armenia,1989.0,ARM,3443095.0,35006065203.0,9.418,2.735,12.04,0.815,3.52,4.616,0.322,0.269,11688.899409297952,231.609,0.042,Alto,Media
Armenia,1990.0,ARM,3552130.0,32650114430.0,9.003,2.535,11.656,0.694,3.634,4.199,0.38,0.276,10760.334970832882,240.612,0.04,Alto,Media
Armenia,1991.0,ARM,3613978.0,27959799817.0,7.383,2.043,9.91,0.604,2.815,3.478,0.396,0.264,8397.487296620438,247.995,0.032,Medio,Media
Armenia,1992.0,ARM,3571870.0,15777768492.0,5.724,1.602,8.354,0.374,1.773,3.477,0.099,0.363,14456.733,253.719,0.025,Medio,Alta
Armenia,1993.0,ARM,3453339.0,13153115049.0,2.51,0.727,5.165,0.007,0.939,1.508,0.055,0.191,10241.846,256.229,0.011,Medio,Media
Armenia,1994.0,ARM,3364620.0,13441640358.0,2.685,0.798,5.804,0.095,0.942,1.616,0.032,0.2,9587.113,258.914,0.012,Medio,Media
Armenia,1995.0,ARM,3307586.0,14085547383.0,3.363,1.017,7.138,0.007,0.671,2.616,0.069,0.239,10491.935,262.277,0.014,Medio,Media
Armenia,1996.0,ARM,3278738.0,14363162631.0,2.5,0.763,5.636,0.015,0.366,2.041,0.078,0.174,14085.446,264.777,0.01,Medio,Media
Armenia,1997.0,ARM,3246292.0,14402224399.0,3.253,1.002,6.137,0.015,0.392,2.678,0.168,0.226,11964.407,268.03,0.013,Medio,Media
Armenia,1998.0,ARM,3208399.0,14841976252.0,3.419,1.066,5.918,0.015,0.406,2.789,0.209,0.23,12830.193,271.449,0.014,Medio,Media
Armenia,1999.0,ARM,3167282.0,14850694858.0,3.04,0.96,5.516,0.007,0.586,2.275,0.171,0.205,7874.202,274.489,0.012,Medio,Media
Armenia,2000.0,ARM,3125630.0,15244825874.0,3.491,1.117,6.047,0.0,0.788,2.565,0.139,0.229,8587.992,277.98,0.014,Medio,Media
Armenia,2001.0,ARM,3084350.0,16184137401.0,3.533,1.145,6.896,0.0,0.777,2.612,0.144,0.218,8735.807,281.513,0.014,Medio,Media
Armenia,2002.0,ARM,3055636.0,18018113990.0,3.077,1.007,6.927,0.048,0.816,2.002,0.211,0.171,7993.655,284.59,0.012,Medio,Media
Armenia,2003.0,ARM,3038976.0,19928773567.0,3.456,1.137,7.586,0.073,0.934,2.228,0.22,0.173,8742.533,288.046,0.012,Medio,Media
Armenia,2004.0,ARM,3022544.0,21350959248.0,3.691,1.221,9.073,0.0,0.92,2.473,0.298,0.173,9174.885,291.737,0.013,Medio,Media
Armenia,2005.0,ARM,3006360.0,23626538545.0,4.376,1.456,11.676,0.0,0.982,3.063,0.331,0.185,11044.274,296.113,0.015,Medio,Media
Armenia,2006.0,ARM,2990371.0,25937834265.0,4.402,1.472,9.912,0.004,0.92,3.14,0.338,0.17,11084.32,300.514,0.014,Alto,Media
Armenia,2007.0,ARM,2974825.0,28610365796.0,5.1,1.714,9.661,0.007,0.924,3.762,0.407,0.178,12641.402,305.615,0.016,Alto,Media
Armenia,2008.0,ARM,2959996.0,29672467967.0,5.575,1.883,9.818,0.007,1.033,4.122,0.412,0.188,12216.934,311.189,0.017,Alto,Media
Armenia,2009.0,ARM,2945518.0,24704739187.0,4.364,1.481,8.521,0.004,0.952,3.167,0.241,0.177,10727.759,315.553,0.014,Alto,Media
Armenia,2010.0,ARM,2931083.0,24485670654.0,4.256,1.452,8.032,0.007,1.008,2.953,0.288,0.174,11824.311,319.809,0.013,Alto,Media
Armenia,2011.0,ARM,2923269.0,24860520809.0,4.969,1.7,8.712,0.007,0.942,3.756,0.264,0.2,12557.113,324.778,0.014,Alto,Media
Armenia,2012.0,ARM,2922529.0,26634064691.0,5.748,1.967,9.617,0.007,0.898,4.565,0.278,0.216,13606.589,330.526,0.016,Alto,Media
Armenia,2013.0,ARM,2922526.0,27542825799.0,5.535,1.894,9.309,0.004,0.857,4.416,0.259,0.201,13407.281,336.062,0.016,Alto,Media
Armenia,2014.0,ARM,2922433.0,28536291283.0,5.604,1.918,9.15,0.004,0.864,4.493,0.244,0.196,13808.039,341.666,0.016,Alto,Media
Armenia,2015.0,ARM,2921179.0,29464863299.0,5.469,1.872,9.162,0.004,0.795,4.43,0.241,0.186,12623.133,347.135,0.015,Alto,Media
Armenia,2016.0,ARM,2918796.0,29522321034.0,5.207,1.784,9.319,0.004,0.81,4.239,0.154,0.176,12668.348,352.342,0.015,Alto,Media
Armenia,2017.0,ARM,2914966.0,31741802974.0,5.537,1.899,9.137,0.004,0.868,4.459,0.205,0.174,13658.813,357.878,0.015,Alto,Media
Armenia,2018.0,ARM,2909971.0,33400320594.0,5.822,2.001,9.2,0.004,0.824,4.679,0.315,0.174,13424.767,363.7,0.016,Alto,Media
Armenia,2019.0,ARM,2903975.0,35949092334.0,6.284,2.164,9.219,0.011,1.044,4.888,0.341,0.175,14248.773,369.984,0.017,Alto,Media
Armenia,2020.0,ARM,2890893.0,33378378959.0,6.795,2.351,9.764,0.029,1.452,4.901,0.413,0.204,15475.302,376.78,0.019,Alto,Media
Armenia,2021.0,ARM,2870339.0,35275596129.0,7.351,2.561,10.408,0.044,1.524,5.353,0.429,0.208,15976.376,384.13,0.02,Alto,Media
Armenia,2022.0,ARM,2880880.0,39721734780.0,7.699,2.672,10.645,0.044,1.521,5.555,0.579,0.194,17722.293,391.829,0.021,Alto,Media
Armenia,2023.0,ARM,2943398.0,18613653266.032482,7.43,2.524,10.404,0.04,1.562,5.248,0.579,0.2950155580788791,16027.844,399.259,0.02,,
Armenia,2024.0,ARM,2973843.0,18815863307.963326,7.431,2.499,10.311,0.046,1.545,5.26,0.579,0.30663397300000883,10659.549889496517,406.69,0.019,,
Aruba,1950.0,ABW,42763.0,-1109384466.764082,0.41,9.578,0.42,0.0,0.41,0.0,0.0,0.814711027942058,41508.545965721205,0.41,0.007,,
Aruba,1951.0,ABW,43880.0,-1081558017.2603245,0.646,14.721,0.657,0.0,0.646,0.0,0.0,1.1730466450802468,64580.22579760484,1.056,0.01,,
Aruba,1952.0,ABW,45052.0,-1098909243.7702217,0.373,8.279,0.384,0.0,0.373,0.0,0.0,0.7240966739491377,35680.84151368891,1.429,0.006,,
Aruba,1953.0,ABW,46269.0,-1086497741.4573712,0.432,9.329,0.443,0.0,0.432,0.0,0.0,0.7971679328398824,40388.25490497169,1.86,0.006,,
Aruba,1954.0,ABW,47516.0,-1042429279.7723058,0.873,18.376,0.885,0.0,0.873,0.0,0.0,1.42763814259654,80983.16641124232,2.733,0.013,,
Aruba,1955.0,ABW,48786.0,-1047830705.2575624,0.722,14.804,0.734,0.0,0.722,0.0,0.0,1.1786071360661277,64954.852372948066,3.456,0.01,,
Aruba,1956.0,ABW,50084.0,-1023871489.6676548,0.934,18.65,0.947,0.0,0.934,0.0,0.0,1.4464717472850672,82207.8226631886,4.39,0.012,,
Aruba,1957.0,ABW,51383.0,-1039540897.4811802,0.638,12.416,0.651,0.0,0.638,0.0,0.0,1.0120498145749643,54240.209884278025,5.028,0.008,,
Aruba,1958.0,ABW,52687.0,-1037776036.27234,0.559,10.607,0.572,0.0,0.559,0.0,0.0,0.8859770623591101,46125.647639467075,5.586,0.007,,
Aruba,1959.0,ABW,54003.0,-1018146823.2402172,0.719,13.321,0.733,0.0,0.719,0.0,0.0,1.0749421053592134,58298.57887408546,6.306,0.008,,
Aruba,1960.0,ABW,54938.0,-1019888045.7577085,0.619,11.259,0.632,0.0,0.619,0.0,0.0,0.9312675366174552,49049.653127762824,6.924,0.007,,
Aruba,1961.0,ABW,55599.0,-1014003838.0092071,0.646,11.611,0.659,0.0,0.646,0.0,0.0,0.9557303801863544,50628.10079410141,7.57,0.007,,
Aruba,1962.0,ABW,56337.0,-1005154784.0460176,0.709,12.584,0.722,0.0,0.709,0.0,0.0,1.023414523147232,54990.60093900282,8.279,0.007,,
Aruba,1963.0,ABW,57019.0,-1003159788.0487385,0.679,11.91,0.693,0.0,0.679,0.0,0.0,0.9764583128259845,51969.41544001823,8.958,0.007,,
Aruba,1964.0,ABW,57637.0,-1000739386.8804203,0.66,11.456,0.674,0.0,0.66,0.0,0.0,0.9447251649828285,49929.10640737793,9.618,0.006,,
Aruba,1965.0,ABW,58208.0,-1001881390.1327558,0.592,10.177,0.606,0.0,0.592,0.0,0.0,0.8555738816001384,44190.15591966249,10.211,0.005,,
Aruba,1966.0,ABW,58709.0,-1001386024.7956579,0.554,9.435,0.567,0.0,0.554,0.0,0.0,0.8038968620556199,40863.97893200314,10.765,0.005,,
Aruba,1967.0,ABW,59012.0,-990955347.9738958,0.682,11.563,0.696,0.0,0.682,0.0,0.0,0.9520702638879259,50409.81382892732,11.447,0.006,,
Aruba,1968.0,ABW,59086.0,-993692246.3742917,0.635,10.739,0.648,0.0,0.635,0.0,0.0,0.894595350118633,46710.57758071726,12.081,0.005,,
Aruba,1969.0,ABW,59070.0,-980752003.3999381,0.83,14.058,0.844,0.0,0.83,0.0,0.0,1.125663191552893,61595.833630902445,12.912,0.006,,
Aruba,1970.0,ABW,58967.0,-974797622.3307184,0.929,15.751,0.942,0.0,0.929,0.0,0.0,1.243460969324107,69186.13061591669,13.841,0.006,,
Aruba,1971.0,ABW,58798.0,-983825879.0731243,0.808,13.747,0.823,0.0,0.808,0.0,0.0,1.1038554873684951,60196.71543306306,14.649,0.005,,
Aruba,1972.0,ABW,58913.0,-984782516.2611532,0.784,13.304,0.799,0.0,0.784,0.0,0.0,1.0729851185675119,58210.9955055905,15.433,0.005,,
Aruba,1973.0,ABW,59456.0,-975896730.3592954,0.869,14.624,0.885,0.0,0.869,0.0,0.0,1.1648111026612824,64129.24210276507,16.302,0.005,,
Aruba,1974.0,ABW,60144.0,-977189493.0567042,0.788,13.103,0.803,0.0,0.788,0.0,0.0,1.058899575458839,57310.83166608887,17.09,0.005,,
Aruba,1975.0,ABW,60825.0,-987179751.8138454,0.571,9.383,0.586,0.0,0.571,0.0,0.0,0.7997667307486351,40622.988371769505,17.661,0.003,,
Aruba,1976.0,ABW,61292.0,-942690335.8388383,1.219,19.89,1.235,0.0,1.219,0.0,0.0,1.5313465514991693,87750.13855773526,18.88,0.007,,
Aruba,1977.0,ABW,61532.0,-978570812.1787308,0.637,10.348,0.653,0.0,0.637,0.0,0.0,0.8668391222436898,44950.099638242886,19.517,0.003,,
Aruba,1978.0,ABW,61733.0,-983348269.4166117,0.542,8.784,0.558,0.0,0.542,0.0,0.0,0.7579641575676361,37938.55698539363,20.059,0.003,,
Aruba,1979.0,ABW,61914.0,-980527254.5870678,0.569,9.188,0.585,0.0,0.569,0.0,0.0,0.7860539424137805,39750.027085728376,20.628,0.003,,
Aruba,1980.0,ABW,62051.0,-978622774.6695292,0.585,9.435,0.602,0.0,0.585,0.0,0.0,0.8032184328092378,40857.60467412707,21.213,0.003,,
Aruba,1981.0,ABW,62279.0,-978960029.9237292,0.558,8.954,0.574,0.0,0.558,0.0,0.0,0.7697144490279966,38701.430304794005,21.771,0.003,,
Aruba,1982.0,ABW,62676.0,-972353707.0802717,0.623,9.947,0.64,0.0,0.623,0.0,0.0,0.8387919938929587,43153.57984607994,22.395,0.003,,
Aruba,1983.0,ABW,63114.0,-988515021.0077447,0.32,5.077,0.337,0.0,0.32,0.0,0.0,0.49975266851965944,21314.954430308153,22.715,0.002,,
Aruba,1984.0,ABW,63484.0,-956405279.5564622,0.8,12.604,0.817,0.0,0.8,0.0,0.0,1.0237360814429692,55071.578176914016,23.515,0.004,,
Aruba,1985.0,ABW,63674.0,-946837412.3590597,0.937,14.708,0.954,0.0,0.937,0.0,0.0,1.1702098077977003,64510.1468377226,24.452,0.005,,
Aruba,1986.0,ABW,63640.0,-997703054.98652,0.18,2.821,0.197,-7.96109197822963,0.18,7.997302693975506,0.0,0.343068429323351,6695.265,24.631,0.001,,
Aruba,1987.0,ABW,63419.0,-999186033.9105548,0.447,7.048,0.464,-8.05090770705695,0.447,6.33728495952054,0.0,0.6989198116647155,6718.596,25.078,0.002,,
Aruba,1988.0,ABW,63221.0,-983690468.0095487,0.612,9.679,0.629,-8.361472270150488,0.612,7.257826868850334,0.0,0.858296998236056,25821.334,25.69,0.003,,
Aruba,1989.0,ABW,63413.0,-974976836.5955862,0.649,10.227,0.667,-8.486787627212403,0.649,7.903561007675467,0.0,0.8770539531119268,34220.816,26.339,0.003,,
Aruba,1990.0,ABW,64452.0,-966721444.7444408,0.487,7.561,0.507,-8.450910822425659,0.487,9.091657727974244,0.0,0.6481244537850896,35561.559,26.826,0.002,,
Aruba,1991.0,ABW,66564.0,-950580403.189407,0.531,7.981,0.552,-8.489539358324848,0.531,9.133466354070682,0.0,0.6769275578976779,37562.035,27.357,0.002,,
Aruba,1992.0,ABW,68889.0,-932721319.8375041,0.539,7.818,0.56,-8.519658008952081,0.539,9.435403054281677,0.0,0.6556615724024637,39866.641,27.896,0.002,,
Aruba,1993.0,ABW,71091.0,-918274149.2167716,0.649,9.123,0.671,-8.540829391936064,0.649,8.859563448865625,0.0,0.7675738510858423,39250.816,28.544,0.003,,
Aruba,1994.0,ABW,73475.0,-899913551.6216165,0.66,8.976,0.683,-8.573155385639325,0.66,9.167049467878225,0.0,0.7472790212106646,41668.492,29.204,0.003,,
Aruba,1995.0,ABW,75930.0,-879703515.1091715,0.711,9.361,0.736,-8.638634689857295,0.711,9.424867295803496,0.0,0.7667141721252764,45635.562,29.915,0.003,,
Aruba,1996.0,ABW,78497.0,-876813025.6729257,0.722,9.195,0.745,-8.416854941736423,0.722,7.798383450201548,0.0,0.8065403068579144,29093.84,30.636,0.003,,
Aruba,1997.0,ABW,81123.0,-844446902.5823035,0.758,9.349,0.785,-8.644263518089458,0.758,9.423649238433814,0.0,0.7659399294436178,45528.199,31.395,0.003,,
Aruba,1998.0,ABW,83788.0,-827581605.7618623,0.806,9.62,0.833,-8.635345633238385,0.806,9.172092677317035,0.0,0.7933989170815454,44080.109,32.201,0.003,,
Aruba,1999.0,ABW,86483.0,-810446397.4349684,0.81,9.363,0.837,-8.614652861036717,0.81,9.134644950105493,0.0,0.7761815016426141,42706.535,33.011,0.003,,
Aruba,2000.0,ABW,88772.0,-788641353.7934886,2.378,26.787,2.457,-9.128475982537587,2.378,3.035486612214078,0.0,2.2199256208528086,49760.848,35.389,0.009,,
Aruba,2001.0,ABW,90320.0,-777355012.0981629,2.407,26.652,2.487,-9.143592055258294,2.407,3.1799661870858706,0.0,2.2056639718577586,50605.742,37.796,0.009,,
Aruba,2002.0,ABW,91393.0,-769084377.7153219,2.437,26.66,2.516,-9.164183869853362,2.437,3.2929644805840645,0.0,2.2026457396286467,51697.395,40.233,0.009,,
Aruba,2003.0,ABW,92324.0,-758076706.5922258,2.561,27.741,2.646,-9.267606895458934,2.561,3.416952018745032,0.0,2.2762382627438322,56989.5,42.794,0.009,,
Aruba,2004.0,ABW,93223.0,-750305671.9435493,2.616,28.063,2.708,-9.306159424824468,2.616,3.4866824150051867,0.0,2.297110013149849,58857.523,45.41,0.009,,
Aruba,2005.0,ABW,94239.0,-739842711.1706184,2.715,28.81,2.808,-9.38494529722647,2.715,3.611148574082722,0.0,2.346734217754907,62875.258,48.125,0.009,,
Aruba,2006.0,ABW,95403.0,-732695321.6479306,2.711,28.42,2.775,-9.36975350094821,2.711,3.6776052333055276,0.0,2.316652113219556,61989.801,50.836,0.009,,
Aruba,2007.0,ABW,96604.0,-723549663.7532539,2.821,29.205,2.887,-9.411351794284293,2.821,3.48861209582266,0.0,2.378974384203337,63084.914,53.657,0.009,,
Aruba,2008.0,ABW,97815.0,-719319658.8700116,2.656,27.157,2.718,-9.306960012685325,2.656,3.8286027719939995,0.0,2.221238884234698,58527.773,56.314,0.008,,
Aruba,2009.0,ABW,99040.0,-712266136.7526678,2.627,26.526,2.685,-9.277391374698048,2.627,3.929617940030363,0.0,2.172762319487979,57065.062,58.941,0.008,,
Aruba,2010.0,ABW,100127.0,-709733375.8982769,2.506,25.03,2.553,-9.170040115250979,2.506,3.9512983603840794,0.0,2.064747822964945,51540.531,61.447,0.008,,
Aruba,2011.0,ABW,100995.0,-713881990.8502232,2.495,24.706,2.546,-9.016583599425317,2.495,2.9157777905755076,0.0,2.074402116528503,40128.707,63.942,0.007,,
Aruba,2012.0,ABW,101774.0,-699801214.7289865,1.345,13.212,1.376,-8.859267959029765,1.345,8.425402867592382,0.0,1.0746043247451844,50082.445,65.287,0.004,,
Aruba,2013.0,ABW,102570.0,-696444328.1030012,0.861,8.395,0.891,-8.708386949697433,0.861,10.069999775012647,0.0,0.6767089423607291,47742.637,66.148,0.002,,
Aruba,2014.0,ABW,103381.0,-690703429.0266784,0.872,8.435,0.901,-8.714439244608027,0.872,10.081125926142601,0.0,0.6792225109574108,47990.926,67.02,0.002,,
Aruba,2015.0,ABW,104200.0,-684320557.5707246,0.898,8.615,0.927,-8.730195900275179,0.898,10.102887551678348,0.0,0.6914515921192144,48905.531,67.918,0.003,,
Aruba,2016.0,ABW,104989.0,-680082228.4192708,0.883,8.411,0.913,-8.71213682316245,0.883,10.054981996680729,0.0,0.6783249468978196,47619.418,68.801,0.002,,
Aruba,2017.0,ABW,105737.0,-673717878.2588291,0.89,8.42,0.92,-8.733260578869462,0.89,10.200351112616664,0.0,0.674345141387864,49061.195,69.691,0.002,,
Aruba,2018.0,ABW,106447.0,-671511341.5350575,0.868,8.158,0.898,-8.687809946460833,0.868,9.998282292259862,0.0,0.6619664302894446,46080.551,70.559,0.002,,
Aruba,2019.0,ABW,107089.0,-669296630.9535722,0.832,7.767,0.863,-8.64596336529528,0.832,9.901089443475795,0.0,0.6369977707895653,43634.25,71.391,0.002,,
Aruba,2020.0,ABW,107411.0,-668076723.3672261,0.821,7.641,0.851,-8.62883852630232,0.821,9.837950646745831,0.0,0.6299561800942486,42530.234,72.212,0.002,,
Aruba,2021.0,ABW,107565.0,-664954544.1731048,0.861,8.005,0.892,-8.671064821995394,0.861,9.937787492029326,0.0,0.6528878335518491,44880.773,73.073,0.002,,
Aruba,2022.0,ABW,107792.0,-662573439.2168782,0.888,8.242,0.92,-8.691152126795822,0.888,9.943321965076986,0.0,0.6697056140942308,45827.121,73.961,0.002,,
Aruba,2023.0,ABW,107946.0,-662150517.1972132,0.887,8.213,0.919,-8.681910266304572,0.887,9.88269099338342,0.0,0.6695418624264269,45116.078,74.848,0.002,,
Aruba,2024.0,ABW,108076.0,-666741813.1890358,0.921,8.518,0.953,-8.667377876865,0.921,9.187849349408735,0.0,0.7160171434815248,38932.45703356675,75.769,0.002,,
Australia,1950.0,AUS,8176751.0,97678585639.0,55.636,6.804,256.884,43.968,11.035,0.27946156086277085,0.632,0.57,34033.0450157374,1531.93,0.938,Alto,Alta
Australia,1951.0,AUS,8418616.0,101837834925.0,61.051,7.252,277.505,46.026,14.414,0.1356449664167556,0.611,0.599,36013.881473161295,1592.981,0.957,Alto,Alta
Australia,1952.0,AUS,8630707.0,102764889671.0,62.406,7.231,289.926,46.987,14.747,0.10239578578175212,0.672,0.607,35909.23512139014,1655.388,0.965,Alto,Alta
Australia,1953.0,AUS,8816085.0,105967342755.0,63.003,7.146,299.773,48.199,14.015,0.12671253701243046,0.789,0.595,35439.558859115175,1718.391,0.947,Alto,Alta
Australia,1954.0,AUS,8999384.0,112566022174.0,67.921,7.547,312.196,51.113,15.863,0.08016374943547788,0.945,0.603,37466.989887958785,1786.311,1.0,Alto,Alta
Australia,1955.0,AUS,9205189.0,118700327065.0,71.946,7.816,326.281,51.226,19.735,-0.07262481999860171,0.985,0.606,38485.5820450389,1858.257,0.966,Alto,Alta
Australia,1956.0,AUS,9424660.0,122785837699.0,75.471,8.008,338.289,51.234,23.18,-0.22076457152445528,1.058,0.615,39251.073727977884,1933.729,0.952,Alto,Alta
Australia,1957.0,AUS,9638773.0,125243581586.0,75.474,7.83,346.903,51.621,22.705,-0.21911104676215842,1.148,0.603,38307.67530934147,2009.203,0.922,Alto,Alta
Australia,1958.0,AUS,9847636.0,131258299271.0,77.929,7.913,357.069,52.648,24.067,-0.2618213606338031,1.214,0.594,38701.90768894294,2087.132,0.926,Alto,Alta
Australia,1959.0,AUS,10060033.0,139341662275.0,83.068,8.257,367.733,56.686,25.089,-0.30294974581610745,1.294,0.596,40209.0297141973,2170.201,0.938,Alto,Alta
Australia,1960.0,AUS,10280815.0,145192524679.0,87.441,8.505,358.421,58.924,27.135,-0.41979909444275876,1.381,0.602,41213.58395811643,2257.641,0.932,Alto,Alta
Australia,1961.0,AUS,10500441.0,146189447751.0,87.008,8.286,382.66,56.48,29.114,0.0,1.414,0.595,40130.31120607986,2344.649,0.924,Alto,Alta
Australia,1962.0,AUS,10707235.0,155328791291.0,90.909,8.49,351.871,57.571,31.884,0.004,1.45,0.585,41206.742227331546,2435.558,0.933,Alto,Alta
Australia,1963.0,AUS,10913270.0,164835225758.0,95.995,8.796,390.383,58.789,35.657,0.007,1.541,0.582,42674.39830902015,2531.552,0.935,Alto,Alta
Australia,1964.0,AUS,11128257.0,176116149958.0,103.545,9.305,423.593,61.802,39.944,0.007,1.792,0.588,45150.84564694119,2635.097,0.957,Alto,Alta
Australia,1965.0,AUS,11357479.0,185112108474.0,113.606,10.003,461.569,63.812,47.908,0.007,1.879,0.614,37487.191,2748.704,1.004,Alto,Alta
Australia,1966.0,AUS,11592485.0,190257575019.0,115.736,9.984,431.716,66.917,46.994,0.007,1.817,0.608,38481.957,2864.44,0.976,Alto,Alta
Australia,1967.0,AUS,11810521.0,203110686898.0,122.281,10.354,572.52,68.541,51.842,0.007,1.89,0.602,40056.914,2986.72,0.999,Alto,Alta
Australia,1968.0,AUS,12030009.0,215046500976.0,128.768,10.704,452.428,70.856,55.96,0.011,1.941,0.599,41703.523,3115.489,0.998,Alto,Alta
Australia,1969.0,AUS,12272387.0,228127284464.0,136.414,11.115,414.336,72.267,61.53,0.487,2.13,0.598,42569.41,3251.902,0.991,Alto,Alta
Australia,1970.0,AUS,12599414.0,242644629554.0,147.863,11.736,379.283,74.674,68.205,2.755,2.228,0.609,45248.266,3399.765,0.992,Alto,Alta
Australia,1971.0,AUS,12997963.0,253439751826.0,151.118,11.626,398.986,72.748,71.955,4.1,2.314,0.596,46069.344,3550.883,0.975,Alto,Alta
Australia,1972.0,AUS,13304897.0,260535644000.0,153.598,11.544,397.672,74.0,71.318,5.844,2.436,0.59,47057.488,3704.481,0.947,Alto,Alta
Australia,1973.0,AUS,13518689.0,274659478818.0,170.142,12.586,401.066,79.03,82.035,6.485,2.591,0.619,49513.375,3874.623,0.996,Alto,Alta
Australia,1974.0,AUS,13719499.0,281474163714.0,166.183,12.113,391.189,79.196,76.71,7.709,2.568,0.59,51889.727,4040.806,0.978,Alto,Alta
Australia,1975.0,AUS,13893988.0,289103008400.0,173.102,12.459,458.201,84.33,77.93,8.369,2.473,0.599,52101.688,4213.907,1.019,Alto,Alta
Australia,1976.0,AUS,14046758.0,300755701500.0,169.803,12.088,484.119,84.598,73.452,9.259,2.494,0.565,53328.191,4383.71,0.951,Alto,Alta
Australia,1977.0,AUS,14203511.0,303887958765.0,181.913,12.808,554.343,90.491,77.897,11.051,2.474,0.599,55336.211,4565.623,0.991,Alto,Alta
Australia,1978.0,AUS,14367099.0,312728264226.0,191.052,13.298,505.968,93.311,81.48,13.802,2.459,0.611,56463.793,4756.674,1.004,Alto,Alta
Australia,1979.0,AUS,14533034.0,329194298316.0,192.322,13.233,524.897,94.767,79.688,15.286,2.581,0.584,57888.219,4948.997,0.986,Alto,Alta
Australia,1980.0,AUS,14721345.0,335756463773.0,204.37,13.883,533.609,101.825,82.222,17.671,2.652,0.609,57348.492,5153.367,1.053,Alto,Alta
Australia,1981.0,AUS,14949210.0,348726734203.0,213.81,14.302,529.907,104.819,85.675,20.361,2.954,0.613,57380.551,5367.177,1.132,Alto,Alta
Australia,1982.0,AUS,15192484.0,348301464000.0,218.001,14.349,523.099,107.585,85.063,22.53,2.823,0.626,55943.414,5585.178,1.164,Alto,Alta
Australia,1983.0,AUS,15414891.0,348353556000.0,207.645,13.47,574.036,105.149,76.889,22.79,2.377,0.596,54594.711,5792.823,1.099,Alto,Alta
Australia,1984.0,AUS,15620653.0,372379590000.0,217.515,13.925,518.048,109.101,81.405,24.05,2.683,0.584,55782.266,6010.338,1.118,Alto,Alta
Australia,1985.0,AUS,15835743.0,391229265000.0,224.557,14.18,541.671,119.256,71.911,30.148,2.891,0.574,56599.375,6234.896,1.115,Alto,Alta
Australia,1986.0,AUS,16069631.0,399344400000.0,224.04,13.942,476.694,118.775,73.947,28.092,2.908,0.561,56778.605,6458.935,1.096,Alto,Alta
Australia,1987.0,AUS,16322272.0,419094027000.0,234.598,14.373,447.898,126.142,76.35,28.971,2.878,0.56,57439.195,6693.534,1.112,Alto,Alta
Australia,1988.0,AUS,16594104.0,437912800000.0,240.737,14.507,453.867,130.359,77.208,29.686,3.136,0.55,59136.32,6934.271,1.098,Alto,Alta
Australia,1989.0,AUS,16869362.0,457176167000.0,256.838,15.225,478.989,141.141,81.437,30.346,3.38,0.562,61040.418,7191.109,1.157,Alto,Alta
Australia,1990.0,AUS,17126304.0,464136588000.0,278.061,16.236,538.479,141.877,88.851,34.455,3.463,0.599,61372.223,7469.169,1.223,Alto,Alta
Australia,1991.0,AUS,17353191.0,461302112920.0,279.437,16.103,522.525,146.083,88.251,32.786,3.183,0.606,60158.379,7748.607,1.204,Alto,Alta
Australia,1992.0,AUS,17549286.0,478633731062.0,284.433,16.208,568.962,150.049,87.923,33.97,2.923,0.594,60425.266,8033.041,1.263,Alto,Alta
Australia,1993.0,AUS,17722905.0,501524767329.0,288.78,16.294,580.666,150.096,90.392,35.67,3.005,0.576,61188.77,8321.821,1.269,Alto,Alta
Australia,1994.0,AUS,17897433.0,527993237904.0,293.613,16.405,554.084,151.376,91.928,37.032,3.484,0.556,62888.992,8615.435,1.278,Alto,Alta
Australia,1995.0,AUS,18095340.0,549038744439.0,304.962,16.853,672.727,155.735,96.148,39.847,3.358,0.555,63789.848,8920.396,1.297,Alto,Alta
Australia,1996.0,AUS,18305305.0,574765618472.0,311.851,17.036,677.191,160.388,98.723,39.781,3.244,0.543,64906.695,9232.248,1.287,Alto,Alta
Australia,1997.0,AUS,18504911.0,601472798853.0,320.243,17.306,649.422,167.683,98.41,41.09,3.185,0.532,65781.891,9552.49,1.314,Alto,Alta
Australia,1998.0,AUS,18701710.0,634847053105.0,334.038,17.861,705.618,177.614,99.17,43.506,3.475,0.526,66642.594,9886.527,1.375,Alto,Alta
Australia,1999.0,AUS,18909980.0,664520698611.0,343.876,18.185,710.665,183.231,100.839,45.564,3.52,0.517,68606.484,10230.404,1.384,Alto,Alta
Australia,2000.0,AUS,19132472.0,692059312020.0,349.898,18.288,771.373,185.797,102.678,46.61,3.621,0.506,68222.211,10580.302,1.372,Alto,Alta
Australia,2001.0,AUS,19365438.0,713890072308.0,357.668,18.469,736.087,190.082,103.202,49.326,3.541,0.501,67924.375,10937.97,1.392,Alto,Alta
Australia,2002.0,AUS,19595356.0,747065694937.0,362.425,18.495,700.182,191.147,105.481,50.589,3.488,0.485,68472.609,11300.394,1.38,Alto,Alta
Australia,2003.0,AUS,19819449.0,774450991263.0,370.784,18.708,734.551,195.386,110.951,49.912,3.584,0.479,68662.977,11671.18,1.341,Alto,Alta
Australia,2004.0,AUS,20046679.0,809792445090.0,382.005,19.056,761.87,202.225,114.086,51.455,3.555,0.472,70058.688,12053.184,1.335,Alto,Alta
Australia,2005.0,AUS,20294490.0,840092380696.0,385.082,18.975,637.517,200.715,116.654,53.322,3.664,0.458,69494.242,12438.265,1.301,Alto,Alta
Australia,2006.0,AUS,20590566.0,866678665246.0,391.373,19.007,662.826,204.401,117.407,54.849,3.888,0.452,71432.609,12829.638,1.279,Alto,Alta
Australia,2007.0,AUS,20954545.0,911250727265.0,398.896,19.036,697.449,203.559,118.853,61.006,3.972,0.438,71877.82,13228.534,1.266,Alto,Alta
Australia,2008.0,AUS,21370595.0,937889628737.0,404.279,18.918,797.295,204.688,122.482,61.744,3.863,0.431,71675.375,13632.813,1.261,Alto,Alta
Australia,2009.0,AUS,21783014.0,963129933389.0,406.977,18.683,709.313,206.066,122.362,63.087,3.829,0.423,69299.156,14039.791,1.291,Alto,Alta
Australia,2010.0,AUS,22141583.0,993853968687.0,405.026,18.293,908.156,200.635,124.506,64.246,3.549,0.408,68144.984,14444.816,1.216,Alto,Alta
Australia,2011.0,AUS,22479779.0,1024000293343.0,403.874,17.966,868.66,192.232,129.836,66.46,3.496,0.394,69333.531,14848.691,1.171,Alto,Alta
Australia,2012.0,AUS,22852648.0,1062662906305.0,405.005,17.722,796.274,189.244,132.478,67.7,3.518,0.381,67218.164,15253.695,1.159,Alto,Alta
Australia,2013.0,AUS,23236271.0,1086068056518.0,397.85,17.122,693.835,176.436,135.764,69.98,3.294,0.366,66946.461,15651.546,1.128,Alto,Alta
Australia,2014.0,AUS,23595599.0,1113888062929.0,392.61,16.639,671.159,168.219,137.132,70.907,3.138,0.352,66387.727,16044.155,1.107,Alto,Alta
Australia,2015.0,AUS,23947997.0,1139303344945.0,400.589,16.727,637.966,174.222,136.869,71.665,3.076,0.352,66879.32,16444.744,1.131,Alto,Alta
Australia,2016.0,AUS,24329963.0,1169967279612.0,409.666,16.838,677.373,179.594,136.761,74.093,2.931,0.35,66045.68,16854.412,1.157,Alto,Alta
Australia,2017.0,AUS,24731044.0,1197832839959.0,413.408,16.716,716.287,176.951,139.221,75.477,3.019,0.345,64778.02,17267.818,1.149,Alto,Alta
Australia,2018.0,AUS,25119700.0,1231576952488.0,414.781,16.512,681.078,169.336,143.397,78.346,2.942,0.337,64726.418,17682.6,1.129,Alto,Alta
Australia,2019.0,AUS,25482714.0,1255505542015.0,414.925,16.283,645.71,164.888,142.693,80.305,3.04,0.33,65938.531,18097.525,1.119,Alto,Alta
Australia,2020.0,AUS,25743787.0,1232259790388.0,398.547,15.481,637.903,156.622,134.777,83.378,2.82,0.323,61584.258,18496.072,1.134,Alto,Alta
Australia,2021.0,AUS,25956417.0,1296705194119.0,388.472,14.966,625.994,151.821,134.179,80.198,2.9,0.3,61230.445,18884.545,1.054,Alto,Media
Australia,2022.0,AUS,26200987.0,1344251444393.0,384.078,14.659,609.02,146.0,133.833,80.249,2.818,0.286,63386.535,19268.623,1.023,Alto,Media
Australia,2023.0,AUS,26451126.0,178705266334.8042,384.316,14.529,611.479,140.982,141.61,78.682,2.733,0.35223676135166543,62658.078,19652.938,1.009,,
Australia,2024.0,AUS,26713206.0,180489861569.7467,386.732,14.477,609.924,142.549,145.789,75.353,2.733,0.32669980784633706,62595.039,20039.67,1.002,,
Austria,1950.0,AUT,6936455.0,40965636276.0,20.945,3.02,30.861,17.433,1.95,0.927,0.636,0.511,13789.286689743732,1678.168,0.353,Medio,Alta
Austria,1951.0,AUT,6930487.0,43769632345.0,23.323,3.365,33.354,18.914,2.726,0.953,0.731,0.533,15386.011631562771,1701.491,0.365,Medio,Alta
Austria,1952.0,AUT,6927254.0,43804302183.0,22.118,3.193,32.641,17.441,3.026,0.963,0.687,0.505,14581.176003001667,1723.609,0.342,Medio,Alta
Austria,1953.0,AUT,6932083.0,45712792309.0,21.759,3.139,32.412,16.766,3.206,1.096,0.691,0.476,14357.315819045498,1745.367,0.327,Medio,Alta
Austria,1954.0,AUT,6939893.0,50392857435.0,24.542,3.536,35.848,18.328,4.18,1.231,0.803,0.487,16353.300385647017,1769.91,0.361,Medio,Alta
Austria,1955.0,AUT,6946659.0,55950209902.0,29.11,4.191,40.806,19.24,7.442,1.51,0.919,0.52,19560.01184753139,1799.02,0.391,Alto,Alta
Austria,1956.0,AUT,6952266.0,59811143502.0,28.245,4.063,40.46,20.023,5.801,1.466,0.956,0.472,18817.612120787027,1827.265,0.356,Alto,Alta
Austria,1957.0,AUT,6965838.0,63465949214.0,29.223,4.195,41.646,20.573,6.097,1.499,1.054,0.46,19467.860587328552,1856.488,0.357,Alto,Alta
Austria,1958.0,AUT,6987345.0,65792962082.0,28.127,4.025,41.033,18.635,6.804,1.623,1.065,0.428,18728.602034489842,1884.615,0.334,Alto,Alta
Austria,1959.0,AUT,7014270.0,67653223022.0,27.947,3.984,41.866,17.323,7.196,2.231,1.196,0.413,18616.391525203646,1912.562,0.316,Alto,Alta
Austria,1960.0,AUT,7047274.0,73229917988.0,30.825,4.374,45.31,18.089,8.416,2.92,1.399,0.421,20571.378096211087,1943.386,0.328,Alto,Alta
Austria,1961.0,AUT,7086060.0,77113103847.0,31.861,4.496,46.537,17.697,9.552,3.089,1.523,0.413,21290.283232408485,1975.247,0.338,Alto,Alta
Austria,1962.0,AUT,7129581.0,78984630838.0,33.909,4.756,49.25,18.131,11.026,3.239,1.512,0.429,22545.881061785785,2009.156,0.348,Alto,Alta
Austria,1963.0,AUT,7175502.0,82191739596.0,36.997,5.156,52.634,19.648,12.335,3.378,1.635,0.45,24428.65528724675,2046.153,0.36,Alto,Alta
Austria,1964.0,AUT,7223392.0,87133485023.0,38.941,5.391,54.431,18.983,14.572,3.521,1.865,0.447,25654.235503653148,2085.093,0.36,Alto,Alta
Austria,1965.0,AUT,7270413.0,89635521566.0,38.185,5.252,53.952,18.009,14.755,3.422,1.999,0.426,26064.307,2123.278,0.338,Alto,Alta
Austria,1966.0,AUT,7321524.0,94674312319.0,39.245,5.36,55.539,16.884,16.466,3.671,2.224,0.415,27087.949,2162.523,0.331,Alto,Alta
Austria,1967.0,AUT,7376293.0,97560799169.0,39.956,5.417,57.256,15.792,18.401,3.517,2.246,0.41,27163.17,2202.479,0.327,Alto,Alta
Austria,1968.0,AUT,7414627.0,101902465717.0,42.33,5.709,60.501,15.419,20.916,3.745,2.25,0.415,28894.449,2244.81,0.328,Alto,Alta
Austria,1969.0,AUT,7440306.0,108304558083.0,44.675,6.004,63.416,15.367,22.383,4.672,2.253,0.412,29827.604,2289.485,0.325,Alto,Alta
Austria,1970.0,AUT,7466320.0,116016114210.0,50.672,6.787,68.914,17.841,24.781,5.672,2.377,0.437,34039.426,2340.157,0.34,Alto,Alta
Austria,1971.0,AUT,7499635.0,121950335758.0,52.102,6.947,71.002,15.08,27.771,6.558,2.693,0.427,33746.195,2392.259,0.336,Alto,Alta
Austria,1972.0,AUT,7543263.0,129526389919.0,56.101,7.437,74.155,15.666,30.266,7.082,3.086,0.433,34709.883,2448.359,0.346,Alto,Alta
Austria,1973.0,AUT,7585107.0,135852151617.0,60.045,7.916,78.377,15.883,33.522,7.621,3.018,0.442,37113.535,2508.404,0.352,Alto,Alta
Austria,1974.0,AUT,7597963.0,141212924750.0,57.327,7.545,75.495,16.636,29.34,8.274,3.078,0.406,37241.844,2565.731,0.337,Alto,Alta
Austria,1975.0,AUT,7577833.0,140694752173.0,54.239,7.158,72.099,14.587,28.871,8.109,2.672,0.386,37090.23,2619.97,0.319,Alto,Alta
Austria,1976.0,AUT,7564457.0,147134328300.0,58.229,7.698,76.668,14.294,31.904,9.263,2.768,0.396,38455.332,2678.2,0.326,Alto,Alta
Austria,1977.0,AUT,7567332.0,154017554077.0,56.016,7.402,74.886,12.564,31.408,9.416,2.628,0.364,38533.754,2734.215,0.305,Alto,Alta
Austria,1978.0,AUT,7561203.0,153461858932.0,57.248,7.571,75.902,12.858,31.868,9.802,2.721,0.373,40230.348,2791.464,0.301,Alto,Alta
Austria,1979.0,AUT,7548345.0,161829470113.0,61.347,8.127,80.571,14.462,34.552,9.761,2.573,0.379,42687.133,2852.811,0.314,Alto,Alta
Austria,1980.0,AUT,7548407.0,165574166869.0,52.054,6.896,72.22,14.219,26.071,9.284,2.48,0.314,42508.809,2904.865,0.268,Alto,Alta
Austria,1981.0,AUT,7567550.0,165408175664.0,55.862,7.382,75.047,14.671,29.99,8.819,2.382,0.338,41165.254,2960.727,0.296,Alto,Alta
Austria,1982.0,AUT,7573078.0,168565433094.0,53.598,7.077,70.98,14.161,28.652,8.544,2.24,0.318,39788.531,3014.325,0.286,Alto,Alta
Austria,1983.0,AUT,7561166.0,173293645734.0,51.698,6.837,69.251,14.425,26.417,8.684,2.171,0.298,39741.906,3066.023,0.274,Alto,Media
Austria,1984.0,AUT,7560715.0,173865898335.0,54.247,7.175,72.467,16.886,25.492,9.72,2.148,0.312,39343.98,3120.27,0.279,Alto,Alta
Austria,1985.0,AUT,7564310.0,177760570016.0,54.403,7.192,72.328,16.693,25.326,10.402,1.982,0.306,41749.422,3174.673,0.27,Alto,Media
Austria,1986.0,AUT,7569397.0,181932973945.0,53.765,7.103,71.294,14.762,27.788,9.248,1.967,0.296,41804.465,3228.438,0.263,Alto,Media
Austria,1987.0,AUT,7574314.0,184993439227.0,57.407,7.579,75.557,14.832,31.012,9.633,1.93,0.31,44098.918,3285.845,0.272,Alto,Media
Austria,1988.0,AUT,7585346.0,190845951984.0,52.963,6.982,70.995,14.312,27.407,9.23,2.015,0.278,43390.504,3338.808,0.242,Alto,Media
Austria,1989.0,AUT,7620405.0,198919354981.0,53.718,7.049,70.896,13.865,27.813,10.05,1.99,0.27,43432.5,3392.526,0.242,Alto,Media
Austria,1990.0,AUT,7679627.0,207979127656.0,62.191,8.098,80.327,18.139,28.9,11.836,2.033,0.299,43468.785,3454.718,0.274,Alto,Media
Austria,1991.0,AUT,7757140.0,215992683383.0,65.79,8.481,83.555,18.7,31.407,12.502,2.005,0.305,45042.395,3520.508,0.284,Alto,Media
Austria,1992.0,AUT,7842715.0,221400873854.0,60.291,7.688,76.393,14.385,30.152,12.518,2.105,0.272,43963.363,3580.799,0.268,Alto,Media
Austria,1993.0,AUT,7907492.0,223462931302.0,60.711,7.678,76.445,13.275,31.266,13.023,2.032,0.272,44570.805,3641.509,0.267,Alto,Media
Austria,1994.0,AUT,7938157.0,229749328956.0,61.08,7.694,76.175,13.459,30.716,13.658,2.102,0.266,44016.273,3702.589,0.266,Alto,Media
Austria,1995.0,AUT,7950322.0,236824462430.0,64.063,8.058,78.663,15.425,30.854,14.901,1.631,0.271,46244.852,3766.652,0.272,Alto,Media
Austria,1996.0,AUT,7960917.0,243480734505.0,67.41,8.468,82.337,15.069,33.776,15.797,1.634,0.277,47192.613,3834.063,0.278,Alto,Media
Austria,1997.0,AUT,7969804.0,249847313444.0,67.305,8.445,82.247,16.157,32.849,15.301,1.761,0.269,47751.309,3901.367,0.276,Alto,Media
Austria,1998.0,AUT,7978465.0,259776337669.0,66.937,8.39,82.601,13.707,34.654,15.717,1.599,0.258,48787.238,3968.305,0.276,Alto,Media
Austria,1999.0,AUT,7993894.0,270186173474.0,65.668,8.215,80.513,13.876,32.805,16.102,1.607,0.243,49137.969,4033.972,0.264,Alto,Media
Austria,2000.0,AUT,8012929.0,280410163017.0,66.204,8.262,79.593,15.751,32.179,15.264,1.712,0.236,49316.637,4100.176,0.26,Alto,Media
Austria,2001.0,AUT,8042233.0,285335695766.0,70.191,8.728,83.539,16.562,34.424,16.156,1.72,0.246,50557.285,4170.367,0.273,Alto,Media
Austria,2002.0,AUT,8081640.0,291231427735.0,71.988,8.908,85.26,16.736,36.067,16.069,1.736,0.247,50339.801,4242.355,0.274,Alto,Media
Austria,2003.0,AUT,8122604.0,294489280951.0,77.412,9.53,92.458,17.941,39.089,17.267,1.754,0.263,50193.703,4319.767,0.28,Alto,Media
Austria,2004.0,AUT,8173496.0,303692479841.0,77.716,9.508,91.037,17.766,39.122,17.662,1.79,0.256,51686.262,4397.483,0.272,Alto,Media
Austria,2005.0,AUT,8229204.0,311441138652.0,79.095,9.612,92.129,17.862,39.395,18.701,1.797,0.254,52416.992,4476.579,0.267,Alto,Media
Austria,2006.0,AUT,8269901.0,323236897651.0,76.796,9.286,90.179,17.866,38.117,17.498,1.954,0.238,51495.746,4553.375,0.251,Alto,Media
Austria,2007.0,AUT,8296948.0,336303973991.0,74.092,8.93,87.998,17.456,36.602,16.496,2.131,0.22,50628.93,4627.467,0.235,Alto,Media
Austria,2008.0,AUT,8323250.0,342892519161.0,73.466,8.827,88.091,17.028,35.457,17.436,2.133,0.214,51008.945,4700.934,0.229,Alto,Media
Austria,2009.0,AUT,8345073.0,331119036991.0,67.302,8.065,80.774,12.83,34.408,17.036,1.799,0.203,49103.516,4768.235,0.214,Alto,Media
Austria,2010.0,AUT,8365087.0,338832243101.0,72.0,8.607,85.611,15.497,34.785,18.778,1.622,0.212,50394.973,4840.235,0.216,Alto,Media
Austria,2011.0,AUT,8393272.0,349713455451.0,69.892,8.327,83.299,15.818,33.269,17.73,1.666,0.2,47165.023,4910.127,0.203,Alto,Media
Austria,2012.0,AUT,8431599.0,352093108730.0,67.26,7.977,80.307,14.686,32.627,16.945,1.673,0.191,49148.723,4977.388,0.192,Alto,Media
Austria,2013.0,AUT,8481411.0,352182904722.0,67.759,7.989,81.276,14.959,33.45,16.332,1.656,0.192,48441.508,5045.146,0.192,Alto,Media
Austria,2014.0,AUT,8547812.0,354511819035.0,64.159,7.506,76.998,13.801,32.413,14.947,1.639,0.181,46197.699,5109.305,0.181,Alto,Media
Austria,2015.0,AUT,8644037.0,358108266932.0,66.358,7.677,78.641,14.371,32.995,15.966,1.701,0.185,45856.262,5175.663,0.187,Alto,Media
Austria,2016.0,AUT,8737920.0,365232738553.0,67.219,7.693,79.291,13.334,34.108,16.737,1.729,0.184,46881.992,5242.881,0.19,Alto,Media
Austria,2017.0,AUT,8798779.0,373481694490.0,69.601,7.91,82.007,14.023,34.546,17.975,1.71,0.186,47457.57,5312.483,0.193,Alto,Media
Austria,2018.0,AUT,8841653.0,382540042762.0,66.567,7.529,79.038,12.294,34.087,17.019,1.827,0.174,46190.699,5379.049,0.181,Alto,Media
Austria,2019.0,AUT,8880876.0,388344674039.0,67.951,7.651,80.427,13.005,34.088,17.791,1.771,0.175,48188.984,5447.001,0.183,Alto,Media
Austria,2020.0,AUT,8921402.0,363281092036.0,62.18,6.97,74.417,11.371,30.779,16.959,1.821,0.171,44852.156,5509.181,0.177,Alto,Media
Austria,2021.0,AUT,8967053.0,379835198584.0,65.751,7.333,78.633,12.408,32.17,17.923,1.889,0.173,45314.195,5574.932,0.178,Alto,Media
Austria,2022.0,AUT,9064678.0,398815419150.0,61.454,6.78,74.005,11.663,30.702,15.968,1.832,0.154,42122.105,5636.386,0.164,Alto,Media
Austria,2023.0,AUT,9130434.0,60761890743.13025,56.909,6.233,69.192,11.146,29.376,13.634,1.543,0.2910116333132923,43148.035,5693.295,0.149,,
Austria,2024.0,AUT,9120815.0,60698329203.41995,56.368,6.18,68.248,11.154,28.888,13.573,1.543,0.27993065490849056,45208.309,5749.663,0.146,,
Azerbaijan,1950.0,AZE,3131979.0,19893403235.146404,8.959,2.86,15.35,0.47,7.539,0.908,0.041,0.3465210724005756,12490.122149181982,144.873,0.151,,
Azerbaijan,1951.0,AZE,3187157.0,20269759625.395927,9.701,3.044,16.937,0.511,8.156,0.985,0.049,0.35793458915221865,13346.13675002329,154.573,0.152,,
Azerbaijan,1952.0,AZE,3247007.0,20677829339.45702,10.388,3.199,18.678,0.52,8.847,0.965,0.055,0.36799223263537906,14106.61627916671,164.961,0.161,,
Azerbaijan,1953.0,AZE,3312610.0,21124899547.365475,10.989,3.317,20.141,0.524,9.404,0.998,0.063,0.3751913523139686,14679.134802613065,175.949,0.165,,
Azerbaijan,1954.0,AZE,3384707.0,21616636904.822548,11.993,3.543,21.688,0.562,10.283,1.074,0.075,0.39007946064175975,15790.347402659714,187.942,0.177,,
Azerbaijan,1955.0,AZE,3464090.0,22158583804.043335,13.6,3.926,23.855,0.613,11.648,1.25,0.089,0.4143922634741582,17593.028151076727,201.542,0.183,,
Azerbaijan,1956.0,AZE,3551389.0,22754000754.939728,14.927,4.203,25.733,0.616,12.638,1.575,0.098,0.4317149156525635,18923.65861264554,216.469,0.188,,
Azerbaijan,1957.0,AZE,3646865.0,23405133241.468033,16.344,4.482,27.743,0.615,13.324,2.291,0.114,0.4500515657153,20334.480373869177,232.813,0.2,,
Azerbaijan,1958.0,AZE,3750701.0,24112741521.160934,17.459,4.655,29.287,0.581,13.63,3.116,0.132,0.461111721409455,21247.563453558116,250.272,0.207,,
Azerbaijan,1959.0,AZE,3862828.0,24876455160.3888,18.36,4.753,30.504,0.556,13.938,3.712,0.154,0.46645116267296477,21765.089096839583,268.633,0.207,,
Azerbaijan,1960.0,AZE,3982711.0,25692764831.042618,19.123,4.802,29.763,0.516,14.065,4.361,0.181,0.46854113392129315,22050.77300786586,287.756,0.204,,
Azerbaijan,1961.0,AZE,4108981.0,26552401821.300003,19.741,4.804,29.955,0.463,13.908,5.167,0.202,0.4684617921492157,22181.372441810377,307.497,0.21,,
Azerbaijan,1962.0,AZE,4239411.0,27440692394.63568,20.742,4.893,30.296,0.422,14.217,5.875,0.228,0.47340210091962837,22689.47376016604,328.238,0.213,,
Azerbaijan,1963.0,AZE,4372047.0,28344458969.672924,22.265,5.093,31.496,0.415,14.775,6.832,0.243,0.4854422561442971,23727.16270719855,350.504,0.217,,
Azerbaijan,1964.0,AZE,4503659.0,29241133166.58764,23.697,5.262,32.878,0.408,15.106,7.923,0.259,0.4953581158006007,24622.89007679504,374.201,0.219,,
Azerbaijan,1965.0,AZE,4630315.0,30104074228.395905,25.147,5.431,33.618,0.409,15.579,8.869,0.289,0.5052398667545053,25516.734097989276,399.347,0.222,,
Azerbaijan,1966.0,AZE,4751910.0,30932513839.022987,26.562,5.59,35.442,0.412,16.242,9.588,0.32,0.513980960232514,26343.038270124835,425.91,0.224,,
Azerbaijan,1967.0,AZE,4867309.0,31718616270.80179,27.792,5.71,36.605,0.399,16.985,10.069,0.34,0.5200827565195145,26977.466702891867,453.702,0.227,,
Azerbaijan,1968.0,AZE,4976488.0,32462006561.159016,28.591,5.745,37.698,0.379,17.383,10.478,0.351,0.5200834953298408,27169.89667349561,482.294,0.222,,
Azerbaijan,1969.0,AZE,5081769.0,33179193039.846016,29.789,5.862,38.458,0.374,18.134,10.92,0.361,0.5250603447937985,27736.788994832754,512.083,0.216,,
Azerbaijan,1970.0,AZE,5183827.0,33874651557.666466,31.323,6.042,39.955,0.408,20.193,10.338,0.383,0.5328069899115919,28514.946492254032,543.405,0.21,,
Azerbaijan,1971.0,AZE,5283502.0,34554269532.00351,33.26,6.295,42.273,0.404,20.889,11.356,0.403,0.5496197656922954,29638.71821381914,576.665,0.215,,
Azerbaijan,1972.0,AZE,5380920.0,35218345392.464455,35.01,6.506,44.263,0.409,22.265,11.723,0.419,0.5603495830368499,30685.086293268123,611.675,0.216,,
Azerbaijan,1973.0,AZE,5476614.0,38858266107.0,36.507,6.666,45.981,0.403,23.347,12.092,0.44,0.939,30637.76058167082,648.181,0.214,Medio,Alta
Azerbaijan,1974.0,AZE,5572229.0,36522014614.8595,37.917,6.805,47.134,0.393,24.347,12.474,0.462,0.5754236539235151,32182.68091840408,686.098,0.223,,
Azerbaijan,1975.0,AZE,5669260.0,37183595458.74932,39.871,7.033,49.499,0.399,25.327,13.394,0.489,0.5887788655134434,33384.69034174898,725.97,0.235,,
Azerbaijan,1976.0,AZE,5791042.0,38013174114.17343,41.41,7.151,51.201,0.405,25.657,14.568,0.491,0.5940180988767277,34014.79204711609,767.38,0.232,,
Azerbaijan,1977.0,AZE,5937643.0,39011473170.55825,42.823,7.212,52.393,0.406,26.205,15.409,0.496,0.59547311192842,34391.97469463773,810.203,0.233,,
Azerbaijan,1978.0,AZE,6075081.0,39947456345.56736,44.306,7.293,54.134,0.393,27.365,15.738,0.489,0.5973357398772359,34818.71576643309,854.509,0.233,,
Azerbaijan,1979.0,AZE,6187137.0,40710069651.8114,44.676,7.221,54.593,0.388,27.124,16.524,0.468,0.5887303279938796,34682.09146024128,899.185,0.229,,
Azerbaijan,1980.0,AZE,6284707.0,44232130417.0,46.428,7.387,56.619,0.412,27.988,17.384,0.469,1.05,34614.500897089994,945.613,0.239,Medio,Alta
Azerbaijan,1981.0,AZE,6385607.0,46966275405.0,45.573,7.137,56.09,0.355,26.873,17.706,0.474,0.97,33671.32636067315,991.185,0.241,Medio,Alta
Azerbaijan,1982.0,AZE,6491433.0,49876679054.0,46.436,7.153,57.054,0.358,26.831,18.627,0.458,0.931,33967.30028549535,1037.621,0.248,Medio,Alta
Azerbaijan,1983.0,AZE,6602330.0,51826909790.0,47.106,7.135,57.744,0.35,26.424,19.703,0.472,0.909,34052.83137193821,1084.727,0.249,Medio,Alta
Azerbaijan,1984.0,AZE,6706289.0,54999611347.0,47.534,7.088,58.397,0.344,25.498,21.063,0.476,0.864,34033.36375481915,1132.26,0.244,Alto,Alta
Azerbaijan,1985.0,AZE,6799823.0,57181877446.0,51.248,7.537,62.216,0.402,26.445,23.758,0.475,0.896,34552.445,1183.509,0.254,Alto,Alta
Azerbaijan,1986.0,AZE,6891349.0,58704586851.0,53.372,7.745,64.39,0.404,27.594,24.74,0.487,0.909,36688.668,1236.881,0.261,Alto,Alta
Azerbaijan,1987.0,AZE,6977658.0,61831432355.0,50.586,7.25,61.67,0.401,22.709,26.85,0.492,0.818,35115.332,1287.467,0.24,Alto,Alta
Azerbaijan,1988.0,AZE,7081404.0,65070242359.0,51.596,7.286,62.258,0.414,23.538,26.853,0.495,0.793,34626.512,1339.063,0.235,Alto,Alta
Azerbaijan,1989.0,AZE,7167583.0,59803709283.0,51.587,7.197,62.104,0.413,22.626,27.766,0.494,0.863,34886.496,1390.65,0.232,Alto,Alta
Azerbaijan,1990.0,AZE,7231084.0,53235601363.0,51.345,7.101,62.289,0.343,22.493,27.841,0.478,0.964,36032.113,1441.995,0.226,Medio,Alta
Azerbaijan,1991.0,AZE,7314317.0,53426621017.0,50.074,6.846,60.814,0.251,22.543,26.636,0.467,0.937,34227.562,1492.069,0.216,Medio,Alta
Azerbaijan,1992.0,AZE,7405781.0,41795295334.0,56.174,7.585,66.244,0.066,31.225,22.6,0.379,1.344,28949.521,1548.243,0.249,Medio,Alta
Azerbaijan,1993.0,AZE,7504119.0,32486438953.0,48.406,6.451,58.065,0.011,30.818,17.283,0.294,1.49,24783.752,1596.649,0.213,Medio,Alta
Azerbaijan,1994.0,AZE,7608894.0,26372096369.0,41.945,5.513,51.583,0.004,25.032,16.671,0.237,1.591,22455.918,1638.594,0.183,Medio,Alta
Azerbaijan,1995.0,AZE,7719283.0,23188276303.0,33.309,4.315,43.128,0.015,19.885,13.308,0.103,1.436,20811.258,1671.904,0.142,Medio,Alta
Azerbaijan,1996.0,AZE,7830981.0,24026379639.0,31.242,3.99,41.714,0.015,19.37,11.737,0.12,1.3,16823.014,1703.146,0.129,Medio,Alta
Azerbaijan,1997.0,AZE,7936220.0,26436933201.0,29.843,3.76,40.734,0.015,18.551,11.062,0.175,1.129,15896.062,1732.989,0.122,Medio,Alta
Azerbaijan,1998.0,AZE,8025808.0,28328460213.0,31.785,3.96,42.119,0.004,20.948,10.599,0.115,1.122,15779.74,1764.774,0.131,Medio,Alta
Azerbaijan,1999.0,AZE,8100472.0,31898574736.0,28.822,3.558,40.155,-1.0960017251575813,16.777,11.688,0.104,0.904,15598.277,1793.595,0.116,Medio,Alta
Azerbaijan,2000.0,AZE,8174784.0,34255707098.0,29.765,3.641,41.017,-1.0920747365178727,17.965,11.421,0.121,0.869,16153.973,1823.361,0.117,Medio,Alta
Azerbaijan,2001.0,AZE,8251776.0,36862177017.0,28.415,3.444,39.851,-0.5407431081165868,11.278,16.576,0.304,0.771,15418.192,1851.776,0.111,Medio,Alta
Azerbaijan,2002.0,AZE,8326141.0,40295217200.0,28.57,3.431,39.97,-0.5314668931798074,11.287,16.622,0.472,0.709,15086.057,1880.346,0.109,Medio,Alta
Azerbaijan,2003.0,AZE,8400528.0,44994637993.0,30.488,3.629,41.913,-0.5242611189074271,12.697,17.054,0.539,0.678,16193.649,1910.834,0.11,Medio,Alta
Azerbaijan,2004.0,AZE,8489874.0,50107477354.0,32.253,3.799,44.232,-0.3963613321676256,12.731,18.622,0.724,0.644,18127.234,1943.087,0.113,Medio,Alta
Azerbaijan,2005.0,AZE,8597248.0,64019175136.0,34.194,3.977,47.177,-0.19029258890661715,14.638,18.533,0.743,0.534,19405.906,1977.281,0.116,Medio,Alta
Azerbaijan,2006.0,AZE,8711380.0,87026407066.0,34.522,3.963,48.468,0.0940884707746612,12.977,20.465,0.783,0.397,18836.461,2011.802,0.113,Alto,Alta
Azerbaijan,2007.0,AZE,8828313.0,109944254894.0,30.037,3.402,47.2,0.022,11.456,17.578,0.817,0.273,17112.117,2041.839,0.095,Alto,Media
Azerbaijan,2008.0,AZE,8942637.0,123130002462.0,33.037,3.694,51.361,0.015,10.607,20.738,0.77,0.268,16903.684,2074.876,0.103,Alto,Media
Azerbaijan,2009.0,AZE,9046336.0,136020226283.0,29.103,3.217,45.978,0.015,9.241,18.789,0.621,0.214,14389.062,2103.978,0.092,Alto,Media
Azerbaijan,2010.0,AZE,9146852.0,144296577620.0,27.549,3.012,44.614,0.022,8.695,17.968,0.617,0.191,14041.92,2131.527,0.083,Alto,Media
Azerbaijan,2011.0,AZE,9256156.0,145980469968.0,30.21,3.264,47.194,0.018,10.267,19.023,0.465,0.207,15745.113,2161.738,0.088,Alto,Media
Azerbaijan,2012.0,AZE,9376179.0,149196415149.0,32.77,3.495,50.62,0.015,11.639,19.831,0.658,0.22,16007.676,2194.508,0.094,Alto,Media
Azerbaijan,2013.0,AZE,9504417.0,157913964589.0,33.559,3.531,51.03,0.011,12.069,19.936,0.722,0.213,16225.271,2228.067,0.095,Alto,Media
Azerbaijan,2014.0,AZE,9631136.0,162332395164.0,34.345,3.566,52.082,0.007,11.63,21.2,0.925,0.212,16326.349,2262.411,0.097,Alto,Media
Azerbaijan,2015.0,AZE,9752859.0,164036906588.0,34.683,3.556,54.336,0.011,11.534,21.933,0.843,0.211,17618.029,2297.095,0.098,Alto,Media
Azerbaijan,2016.0,AZE,9868434.0,159010796104.0,34.727,3.519,56.554,0.004,12.136,21.51,0.726,0.218,17246.135,2331.822,0.098,Alto,Media
Azerbaijan,2017.0,AZE,9968510.0,159255674569.0,34.698,3.481,54.148,0.004,12.587,20.894,0.929,0.218,16748.137,2366.52,0.096,Alto,Media
Azerbaijan,2018.0,AZE,10039782.0,161644514845.0,34.576,3.444,53.677,0.004,11.837,21.282,1.083,0.214,17546.863,2401.096,0.094,Alto,Media
Azerbaijan,2019.0,AZE,10110483.0,165653307401.0,37.753,3.734,56.193,0.004,12.112,24.122,1.096,0.228,18385.926,2438.849,0.102,Alto,Media
Azerbaijan,2020.0,AZE,10181736.0,158697520949.0,36.237,3.559,54.282,0.004,10.629,24.333,1.018,0.228,18162.768,2475.086,0.103,Alto,Media
Azerbaijan,2021.0,AZE,10234372.0,167584576527.0,38.3,3.742,56.195,0.0,11.744,25.222,1.081,0.229,19302.547,2513.385,0.104,Alto,Media
Azerbaijan,2022.0,AZE,10295307.0,175370552026.0,41.175,3.999,58.804,0.044,12.847,26.793,1.119,0.235,20425.451,2554.56,0.11,Alto,Media
Azerbaijan,2023.0,AZE,10318209.0,68822182505.74718,42.748,4.143,60.412,0.044,13.374,27.556,1.119,0.3192777672059221,21072.756,2597.308,0.112,,
Azerbaijan,2024.0,AZE,10336577.0,68946457653.9109,39.83,3.853,57.342,0.044,13.169,25.126,1.119,0.29489749807325855,20137.387,2637.138,0.103,,
Bahamas,1950.0,BHS,83505.0,-864969382.410349,0.055,0.658,0.21,-7.798834305149404,0.055,8.468580209500658,0.0,0.17042845117961666,3689.0339675031164,0.055,0.001,,
Bahamas,1951.0,BHS,84603.0,-857016780.0082034,0.066,0.78,0.225,-7.811064680067803,0.066,8.47863204816089,0.0,0.17894630096208045,4235.620348029611,0.121,0.001,,
Bahamas,1952.0,BHS,86175.0,-845872940.471573,0.077,0.893,0.247,-7.8224912890050255,0.077,8.487996828188969,0.0,0.18683455353578474,4741.87727733392,0.198,0.001,,
Bahamas,1953.0,BHS,88255.0,-831635838.369931,0.081,0.913,0.259,-7.824886529470312,0.081,8.489879635188522,0.0,0.18822877650280628,4831.452829960621,0.278,0.001,,
Bahamas,1954.0,BHS,90840.0,-813980820.9912096,0.084,0.928,0.275,-7.826721964906016,0.084,8.49130176591688,0.0,0.18927512178894979,4898.6269999011465,0.363,0.001,,
Bahamas,1955.0,BHS,93933.0,-791209221.1445727,0.128,1.365,0.323,-7.868042611227986,0.128,8.525043617746485,0.0,0.2198784289983004,6862.162081657896,0.491,0.002,,
Bahamas,1956.0,BHS,97520.0,-766545246.3212694,0.139,1.428,0.345,-7.875209258610674,0.139,8.530758324162523,0.0,0.22427154666065685,7144.350994984237,0.63,0.002,,
Bahamas,1957.0,BHS,101549.0,-737927399.63273,0.176,1.732,0.401,-7.906859945296805,0.176,8.556546457480225,0.0,0.24548471330182314,8506.24053141265,0.806,0.002,,
Bahamas,1958.0,BHS,106007.0,-707730525.3018744,0.18,1.694,0.417,-7.904316823223171,0.18,8.554201658289111,0.0,0.2428230750830483,8335.908644478413,0.986,0.002,,
Bahamas,1959.0,BHS,110929.0,-671669365.3436059,0.26,2.345,0.519,-7.969026871434055,0.26,8.606836892653808,0.0,0.2883422574123845,11258.085685345499,1.246,0.003,,
Bahamas,1960.0,BHS,116328.0,-630274524.9999722,0.41,3.528,0.653,-8.089667545360813,0.41,8.705068739442975,0.0,0.3709755652945764,16563.555063653137,1.656,0.004,,
Bahamas,1961.0,BHS,122211.0,-586537960.6849957,0.546,4.467,0.766,-8.18424271065727,0.546,8.781539680379463,0.0,0.43665262842976416,20781.565662620626,2.202,0.006,,
Bahamas,1962.0,BHS,128507.0,-539055997.3811768,0.725,5.645,0.969,-8.307995721734503,0.725,8.8817588553083,0.0,0.5188806123970136,26064.503985945426,2.928,0.007,,
Bahamas,1963.0,BHS,135099.0,-495794630.96462965,0.707,5.234,0.939,-8.270504129659562,0.707,8.850376264701902,0.0,0.4901445563608535,24223.076312482695,3.635,0.007,,
Bahamas,1964.0,BHS,141538.0,-442424644.9160067,1.085,7.663,1.349,-8.523324204150555,1.085,9.054912053257738,0.0,0.6597766567951282,35121.63194958962,4.719,0.01,,
Bahamas,1965.0,BHS,147969.0,-393826336.50740874,1.315,8.89,1.576,-8.655270906793302,1.315,9.160842167437103,0.0,0.7454352477482871,40629.63000583314,6.035,0.012,,
Bahamas,1966.0,BHS,154884.0,-353981116.8854959,1.092,7.05,1.367,-8.475658839117164,1.092,9.014394667276516,0.0,0.6167236783375871,32369.543269132122,7.126,0.009,,
Bahamas,1967.0,BHS,162279.0,-290113839.45803857,1.701,10.482,1.954,-8.720162316969237,1.363,9.205608988332155,0.338,0.8577037421663463,47837.28484896096,8.827,0.014,,
Bahamas,1968.0,BHS,170102.0,-240443676.49089885,1.628,9.569,1.897,-8.63528152885063,1.29,9.135599878092567,0.338,0.793796134355703,43741.437166630014,10.455,0.013,,
Bahamas,1969.0,BHS,177993.0,-185889246.0888002,1.741,9.78,2.026,-8.645265684775849,1.337,9.142063465405407,0.403,0.8086013811157238,44698.883203034435,12.196,0.013,,
Bahamas,1970.0,BHS,184995.0,-121387972.46978307,2.569,13.886,2.817,0.0,2.158,0.5962034523379227,0.411,1.0929831411093793,62300.35027411883,14.765,0.017,,
Bahamas,1971.0,BHS,190869.0,2626534.7127928734,6.724,35.227,6.968,0.004,6.309,0.16519248728377045,0.411,2.581577516156745,157572.92971707642,21.488,0.043,,
Bahamas,1972.0,BHS,196060.0,29446228.664958,6.481,33.058,6.729,0.0,5.994,0.20464232497606494,0.487,2.4300094605033555,147902.05344620816,27.97,0.04,,
Bahamas,1973.0,BHS,200800.0,85734164.22854996,7.863,39.157,8.088,0.015,7.376,0.0731094760970894,0.472,2.8547379467189766,175118.9659832585,35.833,0.046,,
Bahamas,1974.0,BHS,205357.0,104084686.50121665,7.38,35.936,7.548,0.011,6.976,0.12893324300355458,0.393,2.6292923105156367,160730.8807024366,43.212,0.043,,
Bahamas,1975.0,BHS,209897.0,148181422.32689738,8.246,39.286,8.401,0.0,8.057,0.04433560412581006,0.189,2.861715671468834,175659.38894025833,51.458,0.049,,
Bahamas,1976.0,BHS,214517.0,143469451.7666819,6.457,30.101,6.599,0.0,6.324,0.22654912243466763,0.133,2.220265983360805,134638.01761564545,57.916,0.036,,
Bahamas,1977.0,BHS,219169.0,231039922.86729765,9.709,44.297,9.841,0.0,9.673,-0.08329789141668353,0.036,3.2091462643705526,197990.56591520397,67.624,0.053,,
Bahamas,1978.0,BHS,223770.0,204048945.71260405,6.597,29.48,6.732,0.0,6.438,0.22922936180766662,0.159,2.175991758028843,131871.18546926187,74.221,0.035,,
Bahamas,1979.0,BHS,228244.0,237735073.22150683,6.915,30.296,7.056,0.0,6.701,0.20928168129763725,0.213,2.232538324410041,135519.03889759883,81.136,0.035,,
Bahamas,1980.0,BHS,232540.0,213226393.92234826,7.971,34.279,8.122,0.0,7.749,-6.792127034508334,0.222,2.761551316756258,76013.062,89.107,0.041,,
Bahamas,1981.0,BHS,236626.0,242052354.97428823,2.798,11.826,2.949,0.066,2.719,2.7435137448367137,0.014,0.8688173893868685,77156.969,91.905,0.015,,
Bahamas,1982.0,BHS,240624.0,258913169.04815006,2.258,9.385,2.42,0.037,2.191,2.7177906428301837,0.031,0.7017131244046082,65409.484,94.164,0.012,,
Bahamas,1983.0,BHS,244718.0,272210552.7068112,2.014,8.231,2.184,0.0,2.004,1.723266711326045,0.01,0.6582929946898022,48879.562,96.178,0.011,,
Bahamas,1984.0,BHS,248879.0,295460470.5450754,1.854,7.449,2.026,0.0,1.854,1.5359498521065214,0.0,0.6111367314240223,43120.969,98.032,0.01,,
Bahamas,1985.0,BHS,253169.0,319533737.2928555,1.51,5.963,1.689,0.0,1.51,1.6403894972749133,0.0,0.5049405291017899,37300.992,99.541,0.007,,
Bahamas,1986.0,BHS,257547.0,348993651.38771963,1.411,5.477,1.592,0.0,1.411,1.8090159701887956,0.0,0.46533748294840255,36911.367,100.952,0.007,,
Bahamas,1987.0,BHS,261947.0,382106321.9601903,1.422,5.427,1.62,0.0,1.422,2.1492992472677868,0.0,0.4493910583012759,40494.855,102.374,0.007,,
Bahamas,1988.0,BHS,266457.0,409775276.5150869,1.539,5.775,1.744,0.0,1.539,1.6939394403221884,0.0,0.48970920971938364,37054.488,103.913,0.007,,
Bahamas,1989.0,BHS,271187.0,446013280.86114573,1.946,7.174,2.156,0.004,1.942,1.5118643119124031,0.0,0.5923020423349066,41633.875,105.858,0.009,,
Bahamas,1990.0,BHS,275954.0,480136408.1194103,2.023,7.329,2.25,0.004,2.019,1.6143256834046291,0.0,0.599017041673912,43528.781,107.881,0.009,,
Bahamas,1991.0,BHS,280745.0,507834104.4771049,1.997,7.113,2.234,0.004,1.993,1.2052673642469183,0.0,0.5989394830203473,37950.648,109.878,0.009,,
Bahamas,1992.0,BHS,285938.0,537520918.719657,1.869,6.535,2.102,0.004,1.865,0.8734133575251405,0.0,0.5711502019101515,31525.203,111.746,0.008,,
Bahamas,1993.0,BHS,291350.0,575372618.6057498,1.744,5.986,1.979,0.004,1.74,1.2060422980851035,0.0,0.5212657783749914,32669.926,113.49,0.008,,
Bahamas,1994.0,BHS,296519.0,613198441.3288462,1.77,5.968,2.017,0.004,1.766,1.4796132195534724,0.0,0.5099118206989006,35661.32,115.26,0.008,,
Bahamas,1995.0,BHS,301471.0,652426215.9058962,1.839,6.101,2.125,0.004,1.836,1.9803673327484137,0.0,0.5005858670510317,41918.047,117.099,0.008,,
Bahamas,1996.0,BHS,306281.0,689222842.8017416,1.814,5.922,2.112,0.004,1.81,2.4667187476196846,0.0,0.47039875097569295,46513.723,118.913,0.007,,
Bahamas,1997.0,BHS,310914.0,719127919.8214259,1.608,5.173,1.912,0.004,1.605,2.615668874893382,0.0,0.41353419560565846,44659.887,120.522,0.007,,
Bahamas,1998.0,BHS,315376.0,754211622.2660332,1.99,6.309,2.288,0.004,1.986,2.6117187892901335,0.0,0.49140926656187045,49999.082,122.511,0.008,,
Bahamas,1999.0,BHS,319623.0,777300180.3111787,2.034,6.362,2.378,0.004,2.03,1.997533341667045,0.0,0.5172470286945723,43393.105,124.545,0.008,,
Bahamas,2000.0,BHS,323846.0,812611630.3555145,2.026,6.257,2.312,0.004,2.023,2.7050090885437075,0.0,0.48410710416093455,50835.836,126.571,0.008,,
Bahamas,2001.0,BHS,327847.0,840151213.1228595,1.946,5.934,2.223,0.004,1.942,2.872221754752142,0.0,0.4558126423010988,51177.742,128.516,0.008,,
Bahamas,2002.0,BHS,331625.0,867014683.4717197,2.034,6.132,2.313,0.004,2.03,2.9031002660087775,0.0,0.46808376684195346,52474.273,130.55,0.008,,
Bahamas,2003.0,BHS,335625.0,879912073.900588,2.07,6.168,2.337,0.007,2.063,1.4336177561700303,0.0,0.523826113899133,36216.246,132.62,0.007,,
Bahamas,2004.0,BHS,339794.0,911320674.712431,2.048,6.028,2.345,0.007,2.041,1.7987021524504025,0.0,0.5008019871002793,39649.172,134.668,0.007,,
Bahamas,2005.0,BHS,343905.0,937560841.3124094,1.905,5.54,2.199,0.007,1.898,1.827708866595163,0.0,0.4661423572208485,37668.086,136.574,0.006,,
Bahamas,2006.0,BHS,348386.0,972933253.7397599,1.854,5.322,2.151,0.007,1.847,2.412536095202935,0.0,0.4297990263534603,43188.395,138.428,0.006,,
Bahamas,2007.0,BHS,353343.0,1011836826.9169884,1.872,5.299,2.2,0.004,1.869,2.942950689886368,0.0,0.4087141854009531,49038.75,140.3,0.006,,
Bahamas,2008.0,BHS,358133.0,1042894465.7918048,1.92,5.361,2.267,0.004,1.916,2.7591172803762185,0.0,0.4195344226969836,47279.371,142.22,0.006,,
Bahamas,2009.0,BHS,362806.0,1063956975.2508502,2.154,5.938,2.551,0.004,2.151,1.4215203121505662,0.0,0.507571027857673,35086.18,144.374,0.007,,
Bahamas,2010.0,BHS,367482.0,1096674364.5033522,2.231,6.072,2.649,0.004,2.228,1.4528583356848492,0.0,0.5154122122718483,36088.836,146.606,0.007,,
Bahamas,2011.0,BHS,371738.0,1121600744.539382,2.11,5.677,2.501,0.004,2.107,1.2094098525205872,0.0,0.49705321391071744,31497.744,148.716,0.006,,
Bahamas,2012.0,BHS,375474.0,1151040692.8769722,2.048,5.455,2.413,0.004,2.045,1.7089145006037039,0.0,0.4635629048328876,36040.82,150.764,0.006,,
Bahamas,2013.0,BHS,378957.0,1172270037.9091606,1.993,5.26,2.373,0.004,1.99,1.5392624160013952,0.0,0.4562974095842423,33224.723,152.757,0.006,,
Bahamas,2014.0,BHS,382312.0,1194322160.6794257,2.063,5.396,2.423,0.004,2.059,1.401427930849212,0.0,0.4705042053321402,32329.908,154.82,0.006,,
Bahamas,2015.0,BHS,385355.0,1213568931.7955637,2.231,5.79,2.595,0.004,2.228,1.0826393573860709,0.0,0.5088273252638155,30661.689,157.052,0.006,,
Bahamas,2016.0,BHS,388060.0,1233056828.3078141,2.246,5.788,2.622,0.004,2.242,1.1922929132717308,0.0,0.5045968103669196,31876.514,159.298,0.006,,
Bahamas,2017.0,BHS,390496.0,1254844649.2245011,2.521,6.455,2.915,0.004,2.517,1.4345022688412254,0.0,0.5412362687094833,37776.191,161.818,0.007,,
Bahamas,2018.0,BHS,392718.0,1263956041.175447,2.455,6.251,2.837,0.004,2.451,0.9105186395976197,0.0,0.546263466078134,30950.479,164.273,0.007,,
Bahamas,2019.0,BHS,394684.0,1278193106.0896173,2.521,6.387,2.907,0.004,2.517,0.9380639918462061,0.0,0.5543967318785078,31914.691,166.794,0.007,,
Bahamas,2020.0,BHS,395874.0,1281498782.349298,2.052,5.183,2.444,0.004,2.048,0.9646392273975072,0.0,0.4710914277264509,26472.564,168.846,0.006,,
Bahamas,2021.0,BHS,396381.0,1291250573.205659,2.726,6.877,3.11,0.004,2.722,0.8802514312728613,0.0,0.5896915179404948,33613.324,171.572,0.007,,
Bahamas,2022.0,BHS,397542.0,1297017730.8246856,2.962,7.451,3.348,0.004,2.958,0.41773130139630643,0.0,0.645642718580832,31185.008,174.534,0.008,,
Bahamas,2023.0,BHS,399452.0,1309507042.0898876,2.956,7.4,3.35,0.004,2.952,0.38627513500958943,0.0,0.6431447929256032,30598.396,177.49,0.008,,
Bahamas,2024.0,BHS,401282.0,1326631366.3079991,3.07,7.65,3.458,0.004,3.066,0.6260351006692146,0.0,0.6472509583455732,34407.31794143343,180.56,0.008,,
Bahrain,1950.0,BHR,117275.0,385173347.0,1.381,11.779,5.335,-4.228354228746632,1.381,0.0,0.0,3.586,42596.10994063951,47.478,0.023,Medio,Alta
Bahrain,1951.0,BHR,120764.0,409531146.0,1.176,9.739,5.966,-3.1131666105534572,1.176,0.0,0.0,2.872,35509.80580398679,48.654,0.018,Medio,Alta
Bahrain,1952.0,BHR,124466.0,435295452.0,1.286,10.333,6.977,-3.199387113060582,1.286,0.0,0.0,2.954,38031.29979586508,49.94,0.02,Medio,Alta
Bahrain,1953.0,BHR,128386.0,462638349.0,0.997,7.763,5.921,-1.9839129339004424,0.997,0.0,0.0,2.154,28751.897950380848,50.937,0.015,Medio,Alta
Bahrain,1954.0,BHR,132575.0,492007164.0,1.044,7.877,6.732,-1.9108061460189534,1.044,0.0,0.0,2.122,29405.730938294633,51.981,0.015,Medio,Alta
Bahrain,1955.0,BHR,137080.0,522835566.0,1.403,10.237,9.743,-2.70200851300141,1.403,0.0,0.0,2.684,38546.27675806997,53.384,0.019,Medio,Alta
Bahrain,1956.0,BHR,141931.0,555751190.0,1.055,7.435,7.875,-1.542484651619469,1.055,0.0,0.0,1.899,28110.81174071433,54.44,0.013,Medio,Alta
Bahrain,1957.0,BHR,147163.0,590947604.0,0.755,5.129,6.032,-0.6326996889443885,0.755,0.0,0.0,1.277,19441.7773761545,55.194,0.009,Medio,Alta
Bahrain,1958.0,BHR,152823.0,627822086.0,1.29,8.439,10.923,-1.7208554592621064,1.29,0.0,0.0,2.054,32304.64407738148,56.484,0.015,Medio,Alta
Bahrain,1959.0,BHR,158935.0,667520420.0,1.312,8.253,11.779,-1.5744657146025576,1.312,0.0,0.0,1.965,31747.53222586851,57.796,0.015,Medio,Alta
Bahrain,1960.0,BHR,165490.0,709928713.0,0.575,3.476,5.503,0.05794778168960213,0.575,0.0,0.0,0.81,13302.948084552821,58.371,0.006,Medio,Alta
Bahrain,1961.0,BHR,172358.0,754950394.0,1.77,10.268,17.667,-2.0602628506534657,1.77,0.0,0.0,2.344,39919.1504555431,60.141,0.019,Medio,Alta
Bahrain,1962.0,BHR,179361.0,802943966.0,1.59,8.866,16.689,-1.5348401472650188,1.59,0.0,0.0,1.98,34593.87114895202,61.731,0.016,Medio,Alta
Bahrain,1963.0,BHR,186512.0,854703384.0,1.194,6.404,13.164,-0.7116215155376044,1.099,0.095,0.0,1.398,25056.391317229634,62.926,0.012,Medio,Alta
Bahrain,1964.0,BHR,193830.0,909514489.0,1.598,8.242,18.349,-1.1770185518240721,1.502,0.095,0.0,1.756,32461.81581393762,64.523,0.015,Medio,Alta
Bahrain,1965.0,BHR,200877.0,967989954.0,1.227,6.11,14.773,-0.5012642003079053,1.132,0.095,0.0,1.268,24131.06006942859,65.75,0.011,Medio,Alta
Bahrain,1966.0,BHR,207550.0,1029362464.0,0.649,3.125,8.184,0.36166880153804504,0.535,0.114,0.0,0.63,12303.615479313346,66.399,0.005,Medio,Alta
Bahrain,1967.0,BHR,214198.0,1096433023.0,1.004,4.687,13.126,0.0008931214054510583,0.89,0.114,0.0,0.916,18665.93643261889,67.403,0.008,Medio,Alta
Bahrain,1968.0,BHR,219347.0,1166027547.0,1.103,5.028,14.971,0.011353622775175154,0.586,0.517,0.0,0.946,20226.69063143942,68.506,0.009,Medio,Alta
Bahrain,1969.0,BHR,222480.0,1241419911.0,1.271,5.715,17.891,-0.053254481457237546,0.678,0.594,0.0,1.024,23199.51020753145,69.777,0.009,Medio,Alta
Bahrain,1970.0,BHR,224817.0,1325600629.0,2.59,11.522,17.911,0.0,1.919,0.671,0.0,1.954,48205.74304322022,72.368,0.017,Medio,Alta
Bahrain,1971.0,BHR,230744.0,1430905875.0,3.037,13.164,18.372,0.037,2.023,0.978,0.0,2.123,55495.56847315862,75.405,0.02,Medio,Alta
Bahrain,1972.0,BHR,242129.0,1544513620.0,3.679,15.193,17.853,0.0,1.51,2.169,0.0,2.382,64460.12873200915,79.084,0.023,Medio,Alta
Bahrain,1973.0,BHR,255334.0,1666864609.0,5.518,21.611,20.29,0.037,2.407,3.074,0.0,3.31,92339.22384942693,84.602,0.032,Medio,Alta
Bahrain,1974.0,BHR,269047.0,1810668829.0,5.401,20.074,20.688,0.0,1.611,3.79,0.0,2.983,85983.67019410936,90.002,0.032,Medio,Alta
Bahrain,1975.0,BHR,283251.0,1617948837.0,5.749,20.296,18.64,0.0,1.759,3.99,0.0,3.553,85815.4363943882,95.751,0.034,Medio,Alta
Bahrain,1976.0,BHR,297871.0,1881419448.0,6.57,22.055,19.847,0.0,2.389,4.181,0.0,3.492,94145.38915840608,102.321,0.037,Medio,Alta
Bahrain,1977.0,BHR,312825.0,2106852465.0,7.464,23.859,23.075,0.0,2.924,4.54,0.0,3.543,102460.25374338207,109.784,0.041,Medio,Alta
Bahrain,1978.0,BHR,328059.0,2269678820.0,7.76,23.655,22.743,0.0,2.776,4.984,0.0,3.419,101826.6776053204,117.545,0.041,Medio,Alta
Bahrain,1979.0,BHR,343461.0,2261751149.0,8.127,23.661,23.419,0.081,2.655,5.391,0.0,3.593,101519.7347303436,125.672,0.042,Medio,Alta
Bahrain,1980.0,BHR,358990.0,2430890544.0,7.881,21.954,22.934,0.0,2.286,5.595,0.0,3.242,111908.305,133.553,0.041,Medio,Alta
Bahrain,1981.0,BHR,373534.0,2498560638.0,8.519,22.806,23.17,0.0,2.873,5.646,0.0,3.409,123910.922,142.072,0.045,Medio,Alta
Bahrain,1982.0,BHR,386992.0,2659375885.0,9.831,25.402,23.658,0.0,3.62,6.21,0.0,3.697,127530.781,151.902,0.052,Medio,Alta
Bahrain,1983.0,BHR,400721.0,2845479302.0,8.222,20.518,21.411,0.0,1.663,6.559,0.0,2.89,129342.82,160.124,0.043,Medio,Alta
Bahrain,1984.0,BHR,415164.0,2965760541.0,9.2,22.161,22.258,0.0,2.393,6.808,0.0,3.102,121156.609,169.324,0.047,Medio,Alta
Bahrain,1985.0,BHR,430365.0,2955779485.0,10.186,23.668,23.583,0.0,1.946,8.24,0.0,3.446,138919.609,179.51,0.051,Medio,Alta
Bahrain,1986.0,BHR,446290.0,3024145278.0,11.003,24.654,25.37,0.0,1.627,9.376,0.0,3.638,145118.922,190.513,0.054,Medio,Alta
Bahrain,1987.0,BHR,462862.0,3084997028.0,11.421,24.674,25.366,0.0,2.436,8.985,0.0,3.702,168309.125,201.934,0.054,Medio,Alta
Bahrain,1988.0,BHR,479931.0,3193430227.0,12.077,25.163,26.345,-0.8323584815412288,2.478,9.599,0.0,3.782,139811.047,214.011,0.055,Medio,Alta
Bahrain,1989.0,BHR,497329.0,3272823940.0,11.652,23.428,25.952,-0.23618225978017104,1.649,10.003,0.0,3.56,137958.859,225.662,0.052,Medio,Alta
Bahrain,1990.0,BHR,514799.0,3274114078.0,11.494,22.327,25.561,0.5525710117306772,1.041,10.453,0.0,3.511,145869.828,237.156,0.051,Medio,Alta
Bahrain,1991.0,BHR,531883.0,3651056951.0,11.329,21.3,27.982,2.129664456779454,1.392,9.937,0.0,3.103,158023.719,248.485,0.049,Medio,Alta
Bahrain,1992.0,BHR,547753.0,4256667780.0,10.402,18.99,29.082,1.8719354885073187,0.462,9.94,0.0,2.444,128730.188,258.887,0.046,Medio,Alta
Bahrain,1993.0,BHR,562820.0,4978466441.0,16.748,29.758,36.176,-0.397814861059695,4.239,12.509,0.0,3.364,149619.297,275.635,0.074,Alto,Alta
Bahrain,1994.0,BHR,577960.0,5580193474.0,14.352,24.832,33.445,1.4944662026761741,2.099,12.252,0.0,2.572,143550.953,289.987,0.062,Alto,Alta
Bahrain,1995.0,BHR,593230.0,6161508997.0,14.744,24.854,33.869,1.5989426494209011,1.7,13.044,0.0,2.393,140103.281,304.731,0.063,Alto,Alta
Bahrain,1996.0,BHR,608593.0,6872042752.0,15.942,26.195,35.813,1.2504584164663135,2.488,13.454,0.0,2.32,136899.297,320.673,0.066,Alto,Alta
Bahrain,1997.0,BHR,624019.0,7574288621.0,17.221,27.597,34.012,2.3241520093305286,2.727,14.494,0.0,2.274,157304.031,337.894,0.071,Alto,Alta
Bahrain,1998.0,BHR,639391.0,8524455571.0,18.276,28.583,35.547,2.5951788605950026,3.001,15.275,0.0,2.144,161154.859,356.17,0.075,Alto,Alta
Bahrain,1999.0,BHR,654622.0,9667911784.0,18.254,27.885,37.48,3.193621125550202,2.426,15.828,0.0,1.888,161497.344,374.424,0.073,Alto,Alta
Bahrain,2000.0,BHR,669589.0,11032289188.0,19.199,28.673,38.444,3.6077020686383015,3.056,16.144,0.0,1.74,167083.141,393.623,0.075,Alto,Alta
Bahrain,2001.0,BHR,699964.0,12074987722.0,19.679,28.115,39.291,3.762873628151721,3.393,16.286,0.0,1.63,165423.172,413.303,0.077,Alto,Alta
Bahrain,2002.0,BHR,752205.0,13787453002.0,20.112,26.737,38.355,4.211051115049461,3.261,16.851,0.0,1.459,164246.484,433.414,0.077,Alto,Alta
Bahrain,2003.0,BHR,811276.0,16535287306.0,20.976,25.856,38.121,4.3236897355350665,3.745,17.232,0.0,1.269,159109.156,454.391,0.076,Alto,Alta
Bahrain,2004.0,BHR,871446.0,19633464819.0,21.204,24.331,38.179,4.509997560747318,4.247,16.957,0.0,1.08,153438.219,475.594,0.074,Alto,Alta
Bahrain,2005.0,BHR,932618.0,22873324996.0,24.487,26.256,41.369,4.597106689086873,5.371,19.115,0.0,1.071,160842.312,500.081,0.083,Alto,Alta
Bahrain,2006.0,BHR,994626.0,26149797771.0,24.036,24.166,40.362,5.2963672373324036,3.734,20.302,0.0,0.919,160915.672,524.117,0.079,Alto,Alta
Bahrain,2007.0,BHR,1057419.0,30119518073.0,26.626,25.18,43.498,4.725493886595289,5.76,20.866,0.0,0.884,155404.359,550.743,0.085,Alto,Alta
Bahrain,2008.0,BHR,1120718.0,33548850204.0,29.525,26.344,48.241,4.384668854789259,6.555,22.97,0.0,0.88,153545.766,580.268,0.092,Alto,Alta
Bahrain,2009.0,BHR,1183616.0,35937223742.0,28.138,23.773,47.484,4.567881763929807,3.671,24.175,0.291,0.783,143941.156,608.405,0.089,Alto,Alta
Bahrain,2010.0,BHR,1213248.0,39778047298.0,29.143,24.02,47.669,4.45711761495647,4.114,24.531,0.497,0.733,141961.703,637.548,0.087,Alto,Alta
Bahrain,2011.0,BHR,1206733.0,43727144774.0,28.544,23.654,47.249,4.613610113609393,3.723,24.285,0.537,0.653,141220.125,666.092,0.083,Alto,Alta
Bahrain,2012.0,BHR,1216307.0,45357290589.0,27.202,22.365,48.464,5.675437195665796,2.158,24.392,0.553,0.6,150511.938,693.294,0.078,Alto,Alta
Bahrain,2013.0,BHR,1257206.0,47813841200.0,31.228,24.839,55.125,5.813884426439576,4.367,26.179,0.523,0.653,161939.016,724.523,0.089,Alto,Alta
Bahrain,2014.0,BHR,1312857.0,49894227022.0,30.971,23.59,55.479,5.635615715798435,2.012,28.352,0.525,0.621,153717.312,755.493,0.087,Alto,Alta
Bahrain,2015.0,BHR,1369656.0,51134096686.0,32.521,23.744,56.917,5.156877362610054,3.778,28.242,0.424,0.636,148644.031,788.014,0.092,Alto,Alta
Bahrain,2016.0,BHR,1429609.0,52953446666.0,31.635,22.129,56.183,5.197749256640576,3.712,27.172,0.561,0.597,142093.938,819.649,0.089,Alto,Alta
Bahrain,2017.0,BHR,1482003.0,55226208950.0,32.917,22.211,56.888,5.152084936962056,4.078,27.989,0.602,0.596,141021.281,852.566,0.091,Alto,Alta
Bahrain,2018.0,BHR,1497634.0,56391482183.0,32.698,21.833,56.503,5.1103434865819475,3.678,28.404,0.474,0.58,140424.391,885.265,0.089,Alto,Alta
Bahrain,2019.0,BHR,1485675.0,57613480945.0,37.616,25.319,62.152,5.525638679192729,3.748,33.276,0.271,0.653,155660.703,922.881,0.101,Alto,Alta
Bahrain,2020.0,BHR,1483081.0,54937336615.0,37.429,25.238,61.999,5.399203355861473,3.609,33.13,0.246,0.681,152081.188,960.31,0.106,Alto,Alta
Bahrain,2021.0,BHR,1501762.0,56404169544.0,36.265,24.148,60.473,5.7235190367993045,3.257,32.467,0.286,0.643,156362.641,996.575,0.098,Alto,Alta
Bahrain,2022.0,BHR,1533460.0,58769760175.0,37.827,24.668,62.006,5.801925359459625,4.656,32.671,0.323,0.644,161782.953,1034.402,0.101,Alto,Alta
Bahrain,2023.0,BHR,1569674.0,9395202812.257383,38.787,24.71,62.925,4.450738931106271,4.709,33.575,0.323,1.5982392376069658,164932.516,1073.189,0.102,,
Bahrain,2024.0,BHR,1607059.0,9601837159.41401,39.003,24.27,62.974,0.9468043418159935,4.734,33.824,0.323,1.7026702043265,112527.37731554158,1112.192,0.101,,
Bangladesh,1950.0,BGD,41206857.0,39301175730.0,0.993,0.024,70.105,0.498,0.493,0.0,0.002,0.025,-169.16688494244192,1.556,0.017,Bajo,Baja
Bangladesh,1951.0,BGD,42022311.0,39781161945.0,1.226,0.029,74.705,0.654,0.57,0.0,0.002,0.031,-137.38866491121837,2.783,0.019,Bajo,Baja
Bangladesh,1952.0,BGD,42893013.0,40974779234.0,1.295,0.03,78.642,0.67,0.623,0.0,0.002,0.032,-113.2638932557361,4.078,0.02,Bajo,Baja
Bangladesh,1953.0,BGD,43791390.0,41553351281.0,1.318,0.03,80.852,0.609,0.706,0.0,0.003,0.032,-90.62559613010171,5.396,0.02,Bajo,Baja
Bangladesh,1954.0,BGD,44741299.0,42373085781.0,1.339,0.03,83.573,0.547,0.788,0.0,0.003,0.032,-68.49800862626557,6.734,0.02,Bajo,Baja
Bangladesh,1955.0,BGD,45767686.0,40166605898.0,1.379,0.03,86.603,0.517,0.851,0.008,0.003,0.034,-49.64464800153587,8.114,0.019,Bajo,Baja
Bangladesh,1956.0,BGD,46854418.0,44305389062.0,1.634,0.035,91.426,0.66,0.93,0.041,0.003,0.037,-6.637519331821295,9.748,0.021,Bajo,Baja
Bangladesh,1957.0,BGD,48004664.0,43387749589.0,1.689,0.035,91.318,0.607,1.016,0.061,0.005,0.039,23.342122119864598,11.437,0.021,Bajo,Baja
Bangladesh,1958.0,BGD,49184052.0,42582510527.0,1.896,0.039,93.785,0.655,1.162,0.075,0.005,0.045,70.14440915890327,13.333,0.023,Bajo,Baja
Bangladesh,1959.0,BGD,50441766.0,44798769664.0,1.84,0.036,100.445,0.539,1.209,0.088,0.004,0.041,80.55521123852668,15.173,0.021,Bajo,Baja
Bangladesh,1960.0,BGD,51828663.0,47441014886.0,2.212,0.043,101.437,0.726,1.35,0.131,0.005,0.047,144.71933026734496,17.385,0.024,Bajo,Baja
Bangladesh,1961.0,BGD,53310344.0,50082289160.0,2.29,0.043,91.651,0.715,1.411,0.159,0.005,0.046,189.5439176375603,19.675,0.024,Bajo,Baja
Bangladesh,1962.0,BGD,54881154.0,49816422843.0,2.517,0.046,85.378,0.763,1.551,0.197,0.006,0.051,250.50721536740093,22.192,0.026,Bajo,Baja
Bangladesh,1963.0,BGD,56504406.0,55102219683.0,2.893,0.051,85.46,0.815,1.828,0.244,0.006,0.053,319.1197383541721,25.085,0.028,Bajo,Baja
Bangladesh,1964.0,BGD,58178372.0,55737697523.0,2.975,0.051,89.775,0.8,1.859,0.309,0.006,0.053,355.3381971318222,28.06,0.027,Bajo,Baja
Bangladesh,1965.0,BGD,59902522.0,58415453390.0,3.121,0.052,87.657,0.753,1.997,0.364,0.007,0.053,0.0,31.181,0.028,Bajo,Baja
Bangladesh,1966.0,BGD,61669811.0,59220693140.0,3.176,0.052,85.42,0.644,2.119,0.407,0.007,0.054,0.0,34.357,0.027,Bajo,Baja
Bangladesh,1967.0,BGD,63510933.0,57806946351.0,3.371,0.053,87.349,0.633,2.255,0.475,0.008,0.058,0.0,37.728,0.028,Bajo,Baja
Bangladesh,1968.0,BGD,65408278.0,63239029300.0,3.866,0.059,87.98,0.682,2.644,0.529,0.01,0.061,0.0,41.594,0.03,Bajo,Baja
Bangladesh,1969.0,BGD,67294130.0,64108445625.0,3.749,0.056,89.536,0.65,2.415,0.673,0.011,0.058,0.0,45.343,0.027,Bajo,Baja
Bangladesh,1970.0,BGD,69058898.0,67600676968.0,3.803,0.055,89.623,0.615,2.617,0.56,0.011,0.056,0.0,49.147,0.026,Bajo,Baja
Bangladesh,1971.0,BGD,70276757.0,64585771640.0,3.606,0.051,90.799,0.552,2.447,0.596,0.011,0.056,190.773,52.752,0.023,Bajo,Baja
Bangladesh,1972.0,BGD,71641525.0,57036332695.0,3.506,0.049,81.772,0.355,2.426,0.714,0.01,0.061,212.036,56.258,0.022,Bajo,Baja
Bangladesh,1973.0,BGD,73722297.0,57327094687.0,4.55,0.062,75.979,0.462,2.931,1.143,0.014,0.079,264.238,60.808,0.027,Bajo,Baja
Bangladesh,1974.0,BGD,75839352.0,65037827062.0,4.653,0.061,72.791,0.411,2.82,1.382,0.04,0.072,273.559,65.461,0.027,Bajo,Baja
Bangladesh,1975.0,BGD,77854352.0,64196583843.0,4.857,0.062,72.124,0.473,3.345,0.964,0.075,0.076,273.987,70.318,0.029,Bajo,Baja
Bangladesh,1976.0,BGD,79855318.0,67082025250.0,5.556,0.07,71.587,0.447,3.63,1.412,0.067,0.083,311.726,75.874,0.031,Bajo,Baja
Bangladesh,1977.0,BGD,81867267.0,67704293671.0,5.785,0.071,74.461,0.502,3.572,1.579,0.131,0.085,310.725,81.658,0.032,Bajo,Baja
Bangladesh,1978.0,BGD,83889660.0,72709601359.0,5.984,0.071,79.821,0.421,3.748,1.674,0.14,0.082,322.137,87.643,0.031,Bajo,Baja
Bangladesh,1979.0,BGD,85935070.0,76312880671.0,6.613,0.077,83.024,0.359,4.206,1.916,0.131,0.087,346.714,94.255,0.034,Bajo,Baja
Bangladesh,1980.0,BGD,88016435.0,76945168945.0,7.597,0.086,75.418,0.447,4.801,2.216,0.134,0.099,394.817,101.853,0.039,Bajo,Baja
Bangladesh,1981.0,BGD,90303104.0,79474316984.0,7.886,0.087,78.541,0.465,4.847,2.44,0.133,0.099,407.956,109.739,0.042,Bajo,Baja
Bangladesh,1982.0,BGD,92814506.0,80492428500.0,8.552,0.092,79.905,0.568,4.699,3.164,0.121,0.106,437.877,118.291,0.046,Bajo,Baja
Bangladesh,1983.0,BGD,95335162.0,84456198492.0,8.188,0.086,81.922,0.304,4.25,3.521,0.113,0.097,421.567,126.479,0.043,Bajo,Baja
Bangladesh,1984.0,BGD,97814965.0,89004503531.0,9.077,0.093,86.297,0.117,4.397,4.466,0.097,0.102,444.13,135.557,0.047,Bajo,Baja
Bangladesh,1985.0,BGD,100253825.0,91717608984.0,10.189,0.102,88.702,0.187,4.835,5.084,0.084,0.111,481.519,145.746,0.051,Bajo,Baja
Bangladesh,1986.0,BGD,102635569.0,95757516250.0,11.406,0.111,94.243,0.282,5.291,5.734,0.099,0.119,511.875,157.152,0.056,Bajo,Baja
Bangladesh,1987.0,BGD,104959291.0,99663037500.0,11.8,0.112,100.755,0.443,5.327,5.928,0.101,0.118,552.448,168.951,0.056,Bajo,Baja
Bangladesh,1988.0,BGD,107216011.0,102457452156.0,13.478,0.126,102.001,0.381,6.002,6.998,0.098,0.132,602.302,182.43,0.061,Bajo,Baja
Bangladesh,1989.0,BGD,109433805.0,105141756890.0,13.382,0.122,98.455,0.103,5.767,7.416,0.097,0.127,636.131,195.812,0.06,Bajo,Baja
Bangladesh,1990.0,BGD,111633722.0,112105268328.0,14.082,0.126,99.32,1.07,5.337,7.575,0.1,0.126,661.596,209.894,0.062,Bajo,Baja
Bangladesh,1991.0,BGD,113787112.0,117331560870.0,14.753,0.13,92.448,0.341,5.276,9.057,0.079,0.126,626.21,224.647,0.064,Bajo,Baja
Bangladesh,1992.0,BGD,115952198.0,123425133934.0,15.391,0.133,94.167,0.322,5.386,9.607,0.075,0.125,670.195,240.038,0.068,Bajo,Baja
Bangladesh,1993.0,BGD,118132363.0,129907345176.0,16.074,0.136,98.193,0.121,5.491,10.389,0.073,0.124,723.221,256.111,0.071,Bajo,Baja
Bangladesh,1994.0,BGD,120343183.0,137432659561.0,17.553,0.146,101.16,0.099,5.91,11.472,0.072,0.128,753.595,273.664,0.076,Bajo,Baja
Bangladesh,1995.0,BGD,122600372.0,145833067614.0,21.056,0.172,108.342,1.22,6.738,13.029,0.069,0.144,873.64,294.721,0.09,Bajo,Baja
Bangladesh,1996.0,BGD,124862185.0,155028875281.0,21.507,0.172,115.692,0.678,7.178,13.498,0.154,0.139,898.61,316.228,0.089,Bajo,Baja
Bangladesh,1997.0,BGD,127198070.0,165329622112.0,23.144,0.182,120.1,1.227,8.424,13.264,0.229,0.14,926.829,339.372,0.095,Bajo,Baja
Bangladesh,1998.0,BGD,129622332.0,175900627375.0,23.216,0.179,119.708,0.352,8.271,14.325,0.269,0.132,968.654,362.588,0.096,Bajo,Baja
Bangladesh,1999.0,BGD,132108065.0,187794887949.0,25.093,0.19,122.629,0.176,8.871,15.616,0.431,0.134,961.223,387.682,0.101,Bajo,Baja
Bangladesh,2000.0,BGD,134544303.0,200824294390.0,26.539,0.197,124.543,1.253,7.702,16.88,0.704,0.132,1012.713,414.221,0.104,Bajo,Baja
Bangladesh,2001.0,BGD,136805810.0,213164797419.0,31.064,0.227,128.719,1.33,9.896,18.903,0.935,0.146,1138.044,445.285,0.121,Bajo,Baja
Bangladesh,2002.0,BGD,138933659.0,226285297151.0,32.007,0.23,130.745,1.33,9.906,19.886,0.885,0.141,1124.599,477.292,0.122,Bajo,Baja
Bangladesh,2003.0,BGD,140970355.0,242325893842.0,33.496,0.238,132.481,1.37,9.9,21.39,0.835,0.138,1171.225,510.788,0.121,Bajo,Baja
Bangladesh,2004.0,BGD,142902857.0,260372737862.0,35.978,0.252,134.663,1.451,10.651,23.091,0.785,0.138,1228.083,546.766,0.126,Bajo,Baja
Bangladesh,2005.0,BGD,144715789.0,280264340330.0,37.717,0.261,137.185,1.605,10.637,24.725,0.751,0.135,1314.626,584.483,0.127,Bajo,Baja
Bangladesh,2006.0,BGD,146405983.0,303255436424.0,41.726,0.285,143.213,1.81,10.959,28.257,0.7,0.138,1406.255,626.208,0.136,Bajo,Baja
Bangladesh,2007.0,BGD,147989282.0,327072515722.0,42.675,0.288,147.178,2.209,10.204,29.579,0.682,0.13,1430.873,668.884,0.135,Bajo,Baja
Bangladesh,2008.0,BGD,149474264.0,349461394439.0,45.341,0.303,155.325,2.469,9.951,32.222,0.699,0.13,1491.569,714.225,0.141,Medio,Baja
Bangladesh,2009.0,BGD,150873716.0,372693237092.0,49.188,0.326,158.02,3.015,10.032,35.442,0.699,0.132,1626.153,763.414,0.156,Medio,Baja
Bangladesh,2010.0,BGD,152201978.0,400087800634.0,54.036,0.355,164.582,3.074,10.885,39.397,0.68,0.135,1649.613,817.449,0.162,Medio,Baja
Bangladesh,2011.0,BGD,153591074.0,431418704062.0,55.593,0.362,167.877,2.836,13.865,38.197,0.695,0.129,1768.521,873.042,0.161,Medio,Baja
Bangladesh,2012.0,BGD,155070110.0,458456647637.0,59.704,0.385,172.465,3.422,15.576,40.015,0.675,0.13,1902.543,932.746,0.171,Medio,Baja
Bangladesh,2013.0,BGD,156532134.0,486135250102.0,64.763,0.414,176.806,3.748,16.312,43.942,0.743,0.133,1958.554,997.508,0.184,Medio,Baja
Bangladesh,2014.0,BGD,157964931.0,516793803718.0,67.552,0.428,180.45,3.51,18.287,44.972,0.752,0.131,2016.64,1065.06,0.19,Medio,Baja
Bangladesh,2015.0,BGD,159383179.0,552104723056.0,76.946,0.483,193.624,8.607,18.727,48.493,1.062,0.139,2416.201,1142.006,0.217,Medio,Baja
Bangladesh,2016.0,BGD,160811934.0,589932630231.0,81.761,0.508,195.213,6.071,21.644,52.903,1.116,0.139,2404.679,1223.768,0.231,Medio,Baja
Bangladesh,2017.0,BGD,162186146.0,630957812405.0,86.531,0.534,204.847,7.152,25.478,52.683,1.206,0.137,2484.585,1310.298,0.241,Medio,Baja
Bangladesh,2018.0,BGD,163523109.0,678912369102.0,86.608,0.53,208.473,8.182,24.359,52.654,1.394,0.128,2631.359,1396.906,0.236,Medio,Baja
Bangladesh,2019.0,BGD,164913060.0,717214595514.0,94.808,0.575,217.989,8.68,25.187,59.417,1.496,0.132,2926.16,1491.714,0.256,Medio,Baja
Bangladesh,2020.0,BGD,166298024.0,754358367084.0,95.729,0.576,219.778,10.549,23.636,60.126,1.39,0.127,2750.767,1587.443,0.272,Medio,Baja
Bangladesh,2021.0,BGD,167658855.0,807308397444.0,98.53,0.588,223.934,14.216,22.596,60.156,1.514,0.122,2937.336,1685.974,0.267,Medio,Baja
Bangladesh,2022.0,BGD,169384891.0,858143907016.0,102.147,0.603,228.957,16.149,25.759,58.784,1.416,0.119,3023.729,1788.121,0.272,Medio,Baja
Bangladesh,2023.0,BGD,171466986.0,1165742424611.0564,104.527,0.61,234.719,23.837,21.608,57.634,1.416,0.4059648317184959,2954.849,1892.648,0.274,,
Bangladesh,2024.0,BGD,173562366.0,1180005919019.7324,108.318,0.624,241.064,26.008,24.879,55.992,1.416,0.4020212889285017,3048.313,2000.965,0.281,,
Barbados,1950.0,BRB,209928.0,715290000.0,0.073,0.349,0.288,0.004,0.066,0.004,0.0,0.102,258.2272619512871,0.117,0.001,Medio,Baja
Barbados,1951.0,BRB,213410.0,755295000.0,0.11,0.515,0.339,0.004,0.099,0.007,0.0,0.146,937.736110216696,0.227,0.002,Medio,Baja
Barbados,1952.0,BRB,216517.0,796790000.0,0.088,0.406,0.321,0.004,0.077,0.007,0.0,0.11,504.7480752608783,0.315,0.001,Medio,Baja
Barbados,1953.0,BRB,219244.0,840463000.0,0.11,0.501,0.344,0.004,0.099,0.007,0.0,0.131,905.4138001153337,0.425,0.002,Medio,Baja
Barbados,1954.0,BRB,221568.0,888075000.0,0.114,0.513,0.347,0.004,0.103,0.007,0.0,0.128,967.5947360923074,0.539,0.002,Medio,Baja
Barbados,1955.0,BRB,223296.0,938191000.0,0.128,0.574,0.359,0.004,0.117,0.007,0.0,0.137,1230.9789772201252,0.667,0.002,Medio,Baja
Barbados,1956.0,BRB,224519.0,992140000.0,0.128,0.571,0.357,0.004,0.117,0.007,0.0,0.129,1234.3869659425523,0.795,0.002,Medio,Baja
Barbados,1957.0,BRB,225803.0,1049996000.0,0.136,0.6,0.365,0.004,0.125,0.007,0.0,0.129,1368.8728951922512,0.931,0.002,Medio,Baja
Barbados,1958.0,BRB,227266.0,1106940000.0,0.15,0.661,0.38,0.004,0.139,0.007,0.0,0.136,1636.5748579361198,1.081,0.002,Medio,Baja
Barbados,1959.0,BRB,228789.0,1167243000.0,0.15,0.657,0.385,0.004,0.139,0.007,0.0,0.129,1633.183134600819,1.231,0.002,Medio,Baja
Barbados,1960.0,BRB,230901.0,1233312000.0,0.172,0.746,0.405,0.004,0.165,0.004,0.0,0.14,2022.6925943581987,1.403,0.002,Medio,Baja
Barbados,1961.0,BRB,233155.0,1307090000.0,0.194,0.833,0.427,0.004,0.183,0.007,0.0,0.149,2406.090271675335,1.598,0.002,Medio,Baja
Barbados,1962.0,BRB,235236.0,1356367000.0,0.26,1.106,0.5,0.004,0.249,0.007,0.0,0.192,3584.613265088573,1.858,0.003,Medio,Media
Barbados,1963.0,BRB,237566.0,1393623000.0,0.191,0.802,0.424,0.0,0.183,0.007,0.0,0.137,2287.9033490363267,2.048,0.002,Medio,Baja
Barbados,1964.0,BRB,239969.0,1480715000.0,0.18,0.748,0.416,0.0,0.172,0.007,0.0,0.121,2072.139110154862,2.228,0.002,Medio,Baja
Barbados,1965.0,BRB,242421.0,1519980000.0,0.205,0.846,0.444,0.0,0.198,0.007,0.0,0.135,2497.191072034618,2.433,0.002,Medio,Baja
Barbados,1966.0,BRB,245010.0,1622028000.0,0.267,1.092,0.514,0.004,0.256,0.007,0.0,0.165,3572.834102671458,2.7,0.002,Medio,Media
Barbados,1967.0,BRB,247099.0,1783096000.0,0.337,1.364,0.594,0.004,0.326,0.007,0.0,0.189,4787.7974651135255,3.037,0.003,Medio,Media
Barbados,1968.0,BRB,248554.0,2022960000.0,0.44,1.769,0.704,0.0,0.432,0.007,0.0,0.217,6604.637346511702,3.477,0.003,Alto,Media
Barbados,1969.0,BRB,249447.0,2210033000.0,0.48,1.924,0.757,0.0,0.473,0.007,0.0,0.217,7324.173281500314,3.957,0.003,Alto,Media
Barbados,1970.0,BRB,249398.0,2437083000.0,0.429,1.719,0.705,0.0,0.421,0.007,0.0,0.176,6461.208575407783,4.386,0.003,Alto,Media
Barbados,1971.0,BRB,249177.0,2533874000.0,0.484,1.941,0.769,0.0,0.476,0.007,0.0,0.191,7458.237171867982,4.869,0.003,Alto,Media
Barbados,1972.0,BRB,249666.0,2557214000.0,0.502,2.011,0.792,0.0,0.498,0.004,0.0,0.196,7772.7399408993115,5.371,0.003,Alto,Media
Barbados,1973.0,BRB,250330.0,2594940000.0,0.48,1.917,0.784,0.0,0.473,0.007,0.0,0.185,7360.9603617104185,5.851,0.003,Alto,Media
Barbados,1974.0,BRB,250786.0,2479680000.0,0.491,1.958,0.782,0.0,0.487,0.004,0.0,0.198,7523.043725102994,6.342,0.003,Alto,Media
Barbados,1975.0,BRB,251188.0,2426775000.0,0.568,2.261,0.849,0.0,0.564,0.004,0.0,0.234,8850.546171336622,6.91,0.003,Alto,Media
Barbados,1976.0,BRB,251454.0,2535056000.0,0.531,2.113,0.811,0.0,0.524,0.007,0.0,0.21,8216.369713949525,7.442,0.003,Alto,Media
Barbados,1977.0,BRB,251630.0,2624709000.0,0.59,2.344,0.89,0.0,0.583,0.007,0.0,0.225,9255.208344595063,8.031,0.003,Alto,Media
Barbados,1978.0,BRB,251566.0,2753500000.0,0.63,2.505,0.932,0.0,0.612,0.018,0.0,0.229,9994.02663635877,8.662,0.003,Alto,Media
Barbados,1979.0,BRB,251277.0,2971087000.0,0.601,2.391,0.899,0.0,0.579,0.022,0.0,0.202,9523.94300879839,9.263,0.003,Alto,Media
Barbados,1980.0,BRB,251533.0,3104136000.0,0.674,2.68,0.981,0.0,0.649,0.026,0.0,0.217,17019.666,9.937,0.003,Alto,Media
Barbados,1981.0,BRB,252274.0,3040380000.0,0.685,2.716,0.981,0.0,0.671,0.015,0.0,0.225,17660.674,10.622,0.004,Alto,Media
Barbados,1982.0,BRB,253098.0,2890272000.0,0.645,2.548,0.938,0.0,0.627,0.018,0.0,0.223,17847.723,11.267,0.003,Alto,Media
Barbados,1983.0,BRB,253993.0,2911845000.0,0.685,2.698,0.971,0.0,0.663,0.022,0.0,0.235,18759.568,11.952,0.004,Alto,Media
Barbados,1984.0,BRB,254930.0,3013632000.0,0.747,2.93,1.058,0.0,0.637,0.037,0.073,0.248,18010.146,12.699,0.004,Alto,Media
Barbados,1985.0,BRB,255831.0,3044936000.0,0.846,3.306,1.125,0.0,0.689,0.048,0.109,0.278,19834.463,13.545,0.004,Alto,Media
Barbados,1986.0,BRB,256628.0,3200232000.0,0.915,3.567,1.182,0.0,0.766,0.051,0.098,0.286,20737.594,14.46,0.004,Alto,Media
Barbados,1987.0,BRB,257288.0,3284897000.0,0.941,3.658,1.195,0.0,0.796,0.044,0.102,0.286,19694.516,15.401,0.004,Alto,Media
Barbados,1988.0,BRB,257768.0,3402620000.0,0.945,3.665,1.195,0.0,0.802,0.051,0.091,0.278,18510.422,16.346,0.004,Alto,Media
Barbados,1989.0,BRB,258113.0,3522978000.0,0.989,3.83,1.245,0.0,0.828,0.055,0.106,0.281,20119.715,17.335,0.004,Alto,Media
Barbados,1990.0,BRB,258583.0,3404428000.0,1.037,4.011,1.292,1.3073129896763058,0.883,0.051,0.099,0.305,21275.953,18.372,0.005,Alto,Media
Barbados,1991.0,BRB,259382.0,3234507041.0,1.184,4.563,1.45,1.1129623859385713,1.037,0.044,0.099,0.366,21446.906,19.555,0.005,Alto,Alta
Barbados,1992.0,BRB,260272.0,3028225649.0,1.164,4.473,1.435,1.1664179192606825,1.037,0.037,0.087,0.384,22578.002,20.72,0.005,Alto,Alta
Barbados,1993.0,BRB,261036.0,3017396976.0,0.936,3.584,1.197,1.410145229675386,0.864,0.037,0.031,0.31,21938.947,21.655,0.004,Alto,Media
Barbados,1994.0,BRB,261625.0,3045284405.0,0.94,3.593,1.202,1.3370686568851435,0.861,0.037,0.039,0.309,20759.801,22.595,0.004,Alto,Media
Barbados,1995.0,BRB,262046.0,3074994312.0,1.023,3.903,1.289,1.2857711392003879,0.949,0.033,0.037,0.333,21510.744,23.618,0.004,Alto,Alta
Barbados,1996.0,BRB,262290.0,3163661977.0,1.05,4.002,1.321,1.1338180579283113,0.964,0.029,0.053,0.332,19295.631,24.668,0.004,Alto,Alta
Barbados,1997.0,BRB,262405.0,3273617373.0,1.156,4.404,1.425,1.267943363544978,1.03,0.037,0.086,0.353,23220.135,25.823,0.005,Alto,Alta
Barbados,1998.0,BRB,262434.0,3356270425.0,1.228,4.678,1.488,1.2218839617024497,1.063,0.033,0.128,0.366,23582.225,27.051,0.005,Alto,Alta
Barbados,1999.0,BRB,262521.0,3340959870.0,1.302,4.958,1.563,1.1963861983156678,1.129,0.044,0.126,0.39,24680.318,28.353,0.005,Alto,Alta
Barbados,2000.0,BRB,262071.0,3452406154.0,1.309,4.995,1.588,1.3242876687074898,1.136,0.037,0.133,0.379,26578.361,29.662,0.005,Alto,Alta
Barbados,2001.0,BRB,262429.0,3330849682.0,1.307,4.982,1.557,1.3015726366414246,1.15,0.029,0.124,0.393,26557.926,30.969,0.005,Alto,Alta
Barbados,2002.0,BRB,264155.0,3319030722.0,1.317,4.985,1.553,1.2960006400473887,1.136,0.029,0.148,0.397,26561.965,32.286,0.005,Alto,Alta
Barbados,2003.0,BRB,265789.0,3362359775.0,1.358,5.111,1.582,1.2677254868442223,1.172,0.029,0.153,0.404,26680.176,33.645,0.005,Alto,Alta
Barbados,2004.0,BRB,267297.0,3369967163.0,1.387,5.188,1.636,1.2420677577296118,1.202,0.029,0.152,0.412,26727.373,35.032,0.005,Alto,Alta
Barbados,2005.0,BRB,268717.0,3466246054.0,1.429,5.318,1.665,1.2210099627275381,1.242,0.029,0.154,0.412,26791.811,36.461,0.005,Alto,Alta
Barbados,2006.0,BRB,270011.0,3622055423.0,1.471,5.448,1.688,1.20077634448937,1.279,0.037,0.152,0.406,26723.955,37.932,0.005,Alto,Alta
Barbados,2007.0,BRB,271298.0,3642717925.0,1.469,5.415,1.673,1.124986084463949,1.282,0.037,0.15,0.403,25376.07,39.401,0.005,Alto,Alta
Barbados,2008.0,BRB,272719.0,3618468400.0,1.733,6.356,2.007,1.0938982722002528,1.554,0.033,0.143,0.479,29765.596,41.134,0.005,Alto,Alta
Barbados,2009.0,BRB,274137.0,3446882402.0,1.7,6.2,1.919,0.9830284833739615,1.55,0.033,0.113,0.493,27907.617,42.834,0.005,Alto,Alta
Barbados,2010.0,BRB,275251.0,3418936167.0,1.567,5.692,1.771,1.0644191330793698,1.433,0.029,0.101,0.458,26773.963,44.4,0.005,Alto,Alta
Barbados,2011.0,BRB,276150.0,3406690000.0,1.626,5.889,1.823,1.0732984411466473,1.491,0.033,0.098,0.477,28044.492,46.027,0.005,Alto,Alta
Barbados,2012.0,BRB,276949.0,3415680000.0,1.554,5.612,1.738,1.0492716388394232,1.436,0.037,0.078,0.455,26282.139,47.581,0.004,Alto,Alta
Barbados,2013.0,BRB,277669.0,3412801000.0,1.54,5.546,1.714,1.0869944584171467,1.422,0.044,0.071,0.451,26601.328,49.121,0.004,Alto,Alta
Barbados,2014.0,BRB,278355.0,3416200000.0,1.368,4.913,1.53,1.0716831246540206,1.253,0.04,0.071,0.4,23038.891,50.488,0.004,Alto,Alta
Barbados,2015.0,BRB,278999.0,3448059000.0,1.335,4.784,1.479,1.2009655190048223,1.224,0.037,0.071,0.387,24428.852,51.823,0.004,Alto,Alta
Barbados,2016.0,BRB,279604.0,3528285767.0,1.371,4.905,1.536,1.1973058853511065,1.261,0.037,0.071,0.389,24818.07,53.194,0.004,Alto,Alta
Barbados,2017.0,BRB,280177.0,3554020089.0,1.399,4.994,1.573,1.0905111202488298,1.253,0.037,0.106,0.394,23423.18,54.594,0.004,Alto,Alta
Barbados,2018.0,BRB,280719.0,3526291932.0,1.447,5.154,1.619,1.2108362804977837,1.29,0.048,0.106,0.41,26300.879,56.041,0.004,Alto,Alta
Barbados,2019.0,BRB,281216.0,3535586950.0,1.392,4.95,1.551,1.2319838609763263,1.238,0.044,0.106,0.394,25585.25,57.432,0.004,Alto,Alta
Barbados,2020.0,BRB,281706.0,3085224475.0,1.256,4.457,1.425,0.9576861878288573,1.143,0.029,0.079,0.407,20003.318,58.688,0.004,Alto,Alta
Barbados,2021.0,BRB,282157.0,3061072053.0,1.19,4.218,1.359,0.9720035584022999,1.059,0.026,0.106,0.389,19102.555,59.878,0.003,Alto,Alta
Barbados,2022.0,BRB,282324.0,3408005977.0,1.315,4.658,1.489,0.9422121705685295,1.18,0.029,0.106,0.386,19859.146,61.193,0.004,Alto,Alta
Barbados,2023.0,BRB,282347.0,502842007.74658346,1.317,4.664,1.494,0.8880160859030668,1.177,0.034,0.106,0.4249776530589229,20013.902,62.51,0.003,,
Barbados,2024.0,BRB,282476.0,504248435.3517916,1.365,4.833,1.543,0.8722130262534247,1.223,0.037,0.106,0.43722107551048056,21051.107719415464,63.875,0.004,,
Belarus,1950.0,BLR,7127595.0,47091374698.156555,18.87,2.647,68.115,5.976,12.455,0.32,0.118,0.336430650131778,12354.60563092067,304.229,0.318,,
Belarus,1951.0,BLR,7189431.0,47513120216.68294,20.445,2.844,68.135,6.492,13.465,0.348,0.14,0.34797245200775817,13267.74492661764,324.674,0.32,,
Belarus,1952.0,BLR,7264611.0,48025666203.70824,21.896,3.014,69.796,6.665,14.728,0.343,0.159,0.35864033294165215,14164.45121661987,346.569,0.339,,
Belarus,1953.0,BLR,7350643.0,48611923996.82689,23.166,3.152,70.688,6.794,15.832,0.359,0.18,0.36642862654439956,14866.200530349903,369.735,0.348,,
Belarus,1954.0,BLR,7448883.0,49281755078.473595,25.296,3.396,73.976,7.308,17.385,0.388,0.215,0.3820946213324209,16129.021652923188,395.032,0.373,,
Belarus,1955.0,BLR,7560678.0,50044433707.04133,28.686,3.794,78.782,8.067,19.908,0.456,0.255,0.40541286568084045,18030.40545506675,423.718,0.385,,
Belarus,1956.0,BLR,7682876.0,50877568571.12487,31.466,4.096,83.322,8.342,22.25,0.592,0.282,0.42218226824237975,19521.347506087022,455.183,0.397,,
Belarus,1957.0,BLR,7811337.0,51753435807.14029,34.438,4.409,87.498,8.702,24.507,0.9,0.328,0.4408547642331752,21141.747440841962,489.621,0.421,,
Belarus,1958.0,BLR,7944094.0,52658166178.01874,36.768,4.628,90.772,8.67,26.428,1.291,0.379,0.45271382284992007,22317.038744005007,526.39,0.437,,
Belarus,1959.0,BLR,8081319.0,53593001051.330215,38.662,4.784,94.073,8.607,28.019,1.595,0.442,0.45924484382219055,23111.584691659973,565.052,0.437,,
Belarus,1960.0,BLR,8208003.0,54455934062.623924,40.263,4.905,93.821,8.316,29.475,1.953,0.519,0.4630708996126996,23720.501180790525,605.315,0.429,,
Belarus,1961.0,BLR,8320428.0,55221753010.29781,41.542,4.993,96.094,7.864,30.663,2.434,0.581,0.4664631501072834,24297.943835917158,646.857,0.441,,
Belarus,1962.0,BLR,8424480.0,55930964172.76797,43.63,5.179,96.705,7.45,32.643,2.882,0.656,0.47500004445709265,25306.583189573957,690.487,0.448,,
Belarus,1963.0,BLR,8517706.0,56566995809.052635,46.807,5.495,100.238,7.588,35.057,3.464,0.699,0.4913909218121385,26898.694684486367,737.295,0.456,,
Belarus,1964.0,BLR,8602840.0,57147848794.105545,49.79,5.788,103.071,7.732,37.15,4.163,0.745,0.506202198202195,28371.127254083814,787.085,0.46,,
Belarus,1965.0,BLR,8679938.0,57674037035.007866,52.825,6.086,104.696,7.933,39.282,4.778,0.831,0.5217049666456399,29881.24957054709,839.909,0.467,,
Belarus,1966.0,BLR,8752970.0,58172495411.45794,55.796,6.375,109.86,8.112,41.526,5.238,0.92,0.5356420079105964,31318.812901779733,895.705,0.47,,
Belarus,1967.0,BLR,8823252.0,58652068115.327774,58.374,6.616,112.858,7.933,43.905,5.561,0.976,0.546464299256243,32562.089815926232,954.08,0.477,,
Belarus,1968.0,BLR,8891333.0,59116170617.53519,60.044,6.753,116.791,7.64,45.531,5.864,1.009,0.5493149909323123,33216.011770048935,1014.123,0.465,,
Belarus,1969.0,BLR,8954603.0,59547918447.807976,62.553,6.986,117.904,7.593,47.777,6.147,1.036,0.5581548426641962,34316.43285105952,1076.677,0.455,,
Belarus,1970.0,BLR,9014901.0,59959714312.567795,65.814,7.301,120.303,7.955,51.162,5.596,1.101,0.5709102449809533,35703.75534655947,1142.491,0.442,,
Belarus,1971.0,BLR,9079747.0,60402871371.62678,69.849,7.693,125.878,8.034,53.938,6.266,1.144,0.5950456876449115,37284.86757308312,1212.34,0.451,,
Belarus,1972.0,BLR,9144638.0,60846173906.1811,73.511,8.039,130.778,8.106,57.343,6.451,1.173,0.6099510814169793,38995.241947593095,1285.851,0.453,,
Belarus,1973.0,BLR,9205707.0,77041353261.0,76.639,8.325,135.867,8.008,60.241,6.667,1.214,0.995,39492.38574537495,1362.49,0.449,Alto,Alta
Belarus,1974.0,BLR,9265673.0,61672720755.980736,79.583,8.589,137.955,7.839,63.039,6.901,1.258,0.6340987784299449,41708.947357940764,1442.072,0.468,,
Belarus,1975.0,BLR,9324290.0,62073569272.87701,83.657,8.972,143.541,8.026,66.23,7.484,1.314,0.6540904999314501,43670.773912407094,1525.729,0.492,,
Belarus,1976.0,BLR,9380093.0,62454762783.595726,86.839,9.258,147.396,8.297,68.283,8.284,1.301,0.6662337769759448,45006.43731769212,1612.568,0.486,,
Belarus,1977.0,BLR,9434946.0,62829408242.019,89.767,9.514,148.569,8.405,70.487,8.856,1.294,0.6769777605744027,46262.998572531054,1702.335,0.489,,
Belarus,1978.0,BLR,9485806.0,63176938896.480316,92.85,9.788,152.004,8.141,73.644,9.05,1.256,0.6866661656289608,47586.09765510389,1795.185,0.488,,
Belarus,1979.0,BLR,9537697.0,63530487485.29396,93.585,9.812,153.586,8.172,74.164,9.654,1.182,0.6789965511014273,48024.76697808833,1888.77,0.48,,
Belarus,1980.0,BLR,9603173.0,91489839340.0,97.226,10.124,157.83,8.705,76.75,10.186,1.167,1.063,48816.357580969954,1985.996,0.501,Alto,Alta
Belarus,1981.0,BLR,9678048.0,95612416746.0,95.395,9.857,156.704,7.682,75.517,10.631,1.16,0.998,47830.32395127881,2081.391,0.505,Alto,Alta
Belarus,1982.0,BLR,9748285.0,99909808031.0,97.167,9.968,157.745,7.85,76.466,11.343,1.103,0.973,48568.30911497315,2178.558,0.519,Alto,Alta
Belarus,1983.0,BLR,9815555.0,105018469224.0,98.525,10.038,158.805,7.842,76.911,12.253,1.116,0.938,49100.79846274192,2277.083,0.521,Alto,Alta
Belarus,1984.0,BLR,9881698.0,108630565652.0,99.364,10.055,160.782,7.929,76.435,13.491,1.106,0.915,49300.76049921519,2376.447,0.511,Alto,Alta
Belarus,1985.0,BLR,9944184.0,109799185546.0,107.09,10.769,168.341,9.44,80.637,15.479,1.084,0.975,41033.402,2483.537,0.532,Alto,Alta
Belarus,1986.0,BLR,10004289.0,112796181757.0,121.533,12.148,181.613,10.378,94.887,14.785,1.091,1.077,46563.863,2605.07,0.595,Alto,Alta
Belarus,1987.0,BLR,10057608.0,114070850727.0,111.862,11.122,171.674,10.016,82.069,18.338,1.079,0.981,46991.227,2716.932,0.53,Alto,Alta
Belarus,1988.0,BLR,10107636.0,113655358587.0,114.893,11.367,173.042,11.074,80.457,21.505,1.064,1.011,47429.98,2831.825,0.524,Alto,Alta
Belarus,1989.0,BLR,10158779.0,121119310826.0,109.2,10.749,166.594,10.832,74.267,22.288,1.04,0.902,45641.375,2941.024,0.492,Alto,Alta
Belarus,1990.0,BLR,10186258.0,116974867000.0,108.459,10.648,163.561,10.192,66.944,26.589,0.985,0.927,45745.211,3049.483,0.477,Alto,Alta
Belarus,1991.0,BLR,10193889.0,114005544177.0,104.186,10.22,153.633,9.872,64.549,25.384,0.947,0.914,45606.363,3153.669,0.449,Alto,Alta
Belarus,1992.0,BLR,10217561.0,101880793628.0,93.597,9.16,139.362,8.734,47.716,33.09,0.908,0.919,39633.062,3247.266,0.416,Alto,Alta
Belarus,1993.0,BLR,10241320.0,93050209032.0,80.674,7.877,127.953,7.663,39.451,30.05,0.854,0.867,32991.0,3327.941,0.355,Alto,Alta
Belarus,1994.0,BLR,10230193.0,81212667307.0,67.99,6.646,116.978,6.312,32.582,26.765,0.63,0.837,27585.434,3395.93,0.296,Alto,Alta
Belarus,1995.0,BLR,10197466.0,71373341741.0,61.015,5.983,105.917,5.889,28.607,24.34,0.563,0.855,24585.137,3456.945,0.259,Medio,Alta
Belarus,1996.0,BLR,10164025.0,72504136402.0,61.844,6.085,105.31,5.843,27.511,26.23,0.637,0.853,25298.854,3518.789,0.255,Medio,Alta
Belarus,1997.0,BLR,10122365.0,79868071251.0,61.697,6.095,104.743,5.03,23.729,30.213,0.825,0.772,25695.682,3580.486,0.253,Alto,Alta
Belarus,1998.0,BLR,10080579.0,85602469015.0,60.184,5.97,104.325,4.777,23.02,29.595,0.914,0.703,25231.76,3640.67,0.248,Alto,Alta
Belarus,1999.0,BLR,10039221.0,87455010171.0,58.076,5.785,102.469,4.112,20.823,30.693,0.885,0.664,24645.004,3698.746,0.234,Alto,Alta
Belarus,2000.0,BLR,9991310.0,91419114455.0,55.014,5.506,88.358,4.198,17.209,31.337,0.862,0.602,25522.084,3753.76,0.216,Alto,Alta
Belarus,2001.0,BLR,9938068.0,94624119098.0,54.105,5.444,87.376,3.735,16.439,31.648,0.822,0.572,24945.643,3807.865,0.211,Alto,Alta
Belarus,2002.0,BLR,9873451.0,98263269227.0,53.944,5.464,86.952,3.227,16.129,31.999,0.982,0.549,25976.342,3861.809,0.205,Alto,Alta
Belarus,2003.0,BLR,9803175.0,103937865617.0,55.236,5.635,88.974,3.142,15.545,33.6,1.164,0.531,25966.264,3917.045,0.2,Alto,Alta
Belarus,2004.0,BLR,9735089.0,114486408721.0,58.373,5.996,94.18,2.97,15.873,36.354,1.301,0.51,29278.977,3975.418,0.204,Alto,Alta
Belarus,2005.0,BLR,9667833.0,123858071551.0,59.396,6.144,95.442,2.963,15.957,36.976,1.466,0.48,29386.727,4034.814,0.201,Alto,Alta
Belarus,2006.0,BLR,9608041.0,134673942572.0,61.809,6.433,97.951,2.892,17.94,37.419,1.572,0.459,31443.652,4096.624,0.202,Alto,Alta
Belarus,2007.0,BLR,9563135.0,144615680573.0,60.276,6.303,97.469,2.793,16.007,37.868,1.617,0.417,30819.047,4156.899,0.191,Alto,Alta
Belarus,2008.0,BLR,9529357.0,157577029170.0,62.931,6.604,102.151,2.628,17.911,38.635,1.808,0.399,31336.238,4219.831,0.196,Alto,Alta
Belarus,2009.0,BLR,9507334.0,156010272888.0,60.628,6.377,100.278,2.677,22.486,31.82,1.874,0.389,29715.518,4280.459,0.192,Alto,Alta
Belarus,2010.0,BLR,9490752.0,166239903113.0,62.515,6.587,102.54,2.901,16.326,39.553,1.97,0.376,32263.109,4342.975,0.188,Alto,Alta
Belarus,2011.0,BLR,9472738.0,173120303880.0,61.353,6.477,101.044,2.975,17.418,37.378,1.966,0.354,31742.064,4404.328,0.178,Alto,Alta
Belarus,2012.0,BLR,9463075.0,175940441074.0,62.592,6.614,103.409,5.004,17.088,36.817,2.189,0.356,34368.988,4466.919,0.179,Alto,Alta
Belarus,2013.0,BLR,9464454.0,177632980571.0,64.152,6.778,107.009,4.838,18.704,36.9,2.37,0.361,31085.303,4531.071,0.182,Alto,Alta
Belarus,2014.0,BLR,9472704.0,180627882895.0,63.699,6.725,105.083,4.634,18.383,36.594,2.653,0.353,31127.623,4594.771,0.18,Alto,Alta
Belarus,2015.0,BLR,9487289.0,173709821418.0,58.828,6.201,100.888,4.094,17.178,33.957,2.269,0.339,28138.871,4653.598,0.166,Alto,Alta
Belarus,2016.0,BLR,9499066.0,169304543676.0,58.188,6.126,100.643,3.692,17.313,33.885,2.206,0.344,28718.361,4711.786,0.164,Alto,Alta
Belarus,2017.0,BLR,9495793.0,173606575679.0,59.444,6.26,101.855,3.882,17.345,34.769,2.227,0.342,29259.266,4771.23,0.165,Alto,Alta
Belarus,2018.0,BLR,9480031.0,179054352755.0,62.171,6.558,103.849,3.964,18.139,36.813,2.163,0.347,32402.701,4833.401,0.169,Alto,Alta
Belarus,2019.0,BLR,9435415.0,181643469714.0,62.171,6.589,102.713,4.101,17.973,36.685,2.276,0.342,32726.744,4895.572,0.168,Alto,Alta
Belarus,2020.0,BLR,9350943.0,180420997693.0,59.123,6.323,99.446,3.789,17.906,34.029,2.302,0.328,30643.369,4954.695,0.168,Alto,Alta
Belarus,2021.0,BLR,9251368.0,184521985376.0,60.861,6.579,100.735,3.883,17.728,35.938,2.239,0.33,33803.074,5015.556,0.165,Alto,Alta
Belarus,2022.0,BLR,9173240.0,175773799265.0,57.121,6.227,96.007,3.812,16.216,33.846,2.279,0.325,33086.91,5072.676,0.152,Alto,Alta
Belarus,2023.0,BLR,9115679.0,60651783368.63374,55.736,6.114,94.937,3.462,18.351,30.622,2.34,0.3369142476205152,33297.785,5128.413,0.146,,
Belarus,2024.0,BLR,9056696.0,60251561279.92966,55.818,6.163,94.578,3.427,18.468,30.622,2.34,0.33489763212324797,34632.566,5184.231,0.145,,
Belgium,1950.0,BEL,8617442.0,75214347738.0,76.204,8.843,94.371,68.198,6.239,0.007,1.759,1.013,43846.67091079708,4702.167,1.285,Alto,Alta
Belgium,1951.0,BEL,8655755.0,79502691784.0,89.457,10.335,108.664,79.696,7.559,0.029,2.173,1.125,50842.446790803166,4791.625,1.402,Alto,Alta
Belgium,1952.0,BEL,8696639.0,78879211645.0,83.468,9.598,102.857,73.024,8.354,0.059,2.032,1.058,47230.361134728475,4875.092,1.291,Alto,Alta
Belgium,1953.0,BEL,8741858.0,81405994636.0,82.381,9.424,102.083,70.429,9.596,0.07,2.286,1.012,46424.274622576966,4957.474,1.239,Alto,Alta
Belgium,1954.0,BEL,8788383.0,84754240673.0,85.742,9.756,106.154,72.936,10.589,0.055,2.162,1.012,48011.171827944476,5043.215,1.263,Alto,Alta
Belgium,1955.0,BEL,8835492.0,88773430839.0,92.024,10.415,113.453,76.813,12.816,0.077,2.319,1.037,50802.00658601841,5135.24,1.236,Alto,Alta
Belgium,1956.0,BEL,8882161.0,91353398465.0,96.788,10.897,119.043,80.15,14.242,0.092,2.304,1.059,52821.09720580124,5232.028,1.221,Alto,Alta
Belgium,1957.0,BEL,8931862.0,93064269580.0,96.494,10.803,119.244,77.786,16.276,0.106,2.326,1.037,52358.947325106885,5328.521,1.179,Alto,Alta
Belgium,1958.0,BEL,8986120.0,92953195796.0,87.692,9.759,109.886,66.762,18.818,0.106,2.006,0.943,47405.9029275692,5416.214,1.042,Alto,Alta
Belgium,1959.0,BEL,9045745.0,95889572455.0,88.317,9.763,111.291,66.425,19.606,0.092,2.195,0.921,47303.02429240249,5504.532,0.997,Alto,Alta
Belgium,1960.0,BEL,9102172.0,101044316864.0,90.915,9.988,114.767,67.915,20.768,0.062,2.17,0.9,48207.63613116392,5595.447,0.969,Alto,Alta
Belgium,1961.0,BEL,9158208.0,105965811541.0,92.702,10.122,117.075,66.994,23.287,0.07,2.351,0.875,49107.86051642278,5688.149,0.985,Alto,Alta
Belgium,1962.0,BEL,9217669.0,111422805521.0,98.026,10.635,123.896,68.547,27.036,0.077,2.366,0.88,51623.877392564886,5786.175,1.006,Alto,Alta
Belgium,1963.0,BEL,9275198.0,116335804304.0,105.687,11.395,132.528,71.29,32.001,0.07,2.326,0.908,55214.50953548071,5891.862,1.029,Alto,Alta
Belgium,1964.0,BEL,9337681.0,124534265000.0,103.561,11.091,129.617,65.029,35.57,0.073,2.889,0.832,54002.732308081104,5995.424,0.957,Alto,Alta
Belgium,1965.0,BEL,9399851.0,128900422970.0,105.335,11.206,131.879,61.843,40.478,0.095,2.918,0.817,43930.613,6100.758,0.931,Alto,Alta
Belgium,1966.0,BEL,9455000.0,133004611467.0,105.104,11.116,132.041,58.195,43.843,0.202,2.864,0.79,42079.215,6205.862,0.886,Alto,Alta
Belgium,1967.0,BEL,9505919.0,138196546500.0,107.365,11.295,135.155,56.876,46.687,0.927,2.875,0.777,43936.297,6313.227,0.877,Alto,Alta
Belgium,1968.0,BEL,9549702.0,143933305268.0,118.441,12.403,147.188,58.47,54.74,2.393,2.838,0.823,48736.289,6431.668,0.918,Alto,Alta
Belgium,1969.0,BEL,9589190.0,153505209418.0,123.495,12.879,152.761,55.889,59.553,4.954,3.1,0.805,53265.691,6555.164,0.897,Alto,Alta
Belgium,1970.0,BEL,9630508.0,163013745896.0,125.498,13.031,153.962,49.004,65.331,7.838,3.325,0.77,56029.348,6680.661,0.842,Alto,Alta
Belgium,1971.0,BEL,9666524.0,169133335000.0,121.374,12.556,150.444,40.41,66.751,10.816,3.397,0.718,54759.535,6802.035,0.783,Alto,Alta
Belgium,1972.0,BEL,9694853.0,178026050437.0,130.641,13.475,159.591,42.134,71.468,13.597,3.442,0.734,58044.5,6932.677,0.805,Alto,Alta
Belgium,1973.0,BEL,9718032.0,188915229177.0,138.643,14.267,168.059,45.239,73.632,16.382,3.39,0.734,58687.395,7071.319,0.812,Alto,Alta
Belgium,1974.0,BEL,9735809.0,196850469463.0,134.954,13.862,165.895,48.461,63.777,19.152,3.563,0.686,56572.863,7206.273,0.794,Alto,Alta
Belgium,1975.0,BEL,9748472.0,194240674926.0,121.823,12.497,150.493,38.482,61.436,18.653,3.252,0.627,53138.504,7328.096,0.717,Alto,Alta
Belgium,1976.0,BEL,9758905.0,205206876000.0,129.681,13.289,158.212,41.268,64.985,19.914,3.515,0.632,56315.676,7457.778,0.726,Alto,Alta
Belgium,1977.0,BEL,9774018.0,206503340893.0,126.199,12.912,155.943,38.83,64.096,19.671,3.602,0.611,56333.273,7583.977,0.687,Alto,Alta
Belgium,1978.0,BEL,9791812.0,212370672719.0,135.45,13.833,164.793,43.647,68.819,19.504,3.48,0.638,58693.355,7719.427,0.712,Alto,Alta
Belgium,1979.0,BEL,9811367.0,217343101115.0,139.787,14.247,167.036,47.107,67.859,21.313,3.508,0.643,60269.168,7859.214,0.717,Alto,Alta
Belgium,1980.0,BEL,9833093.0,227067203496.0,134.836,13.712,162.453,47.159,63.915,20.39,3.372,0.594,57571.547,7994.049,0.695,Alto,Alta
Belgium,1981.0,BEL,9850674.0,224240632890.0,123.577,12.545,151.458,46.214,55.568,18.807,2.988,0.551,54645.723,8117.627,0.655,Alto,Alta
Belgium,1982.0,BEL,9862329.0,227394760384.0,117.109,11.874,144.52,45.64,53.148,15.525,2.796,0.515,52206.734,8234.736,0.625,Alto,Alta
Belgium,1983.0,BEL,9869136.0,227376691105.0,101.206,10.255,129.357,36.636,45.771,16.294,2.505,0.445,50558.559,8335.941,0.535,Alto,Alta
Belgium,1984.0,BEL,9874586.0,233018708582.0,104.97,10.63,134.767,42.011,43.671,16.814,2.473,0.45,52809.992,8440.912,0.539,Alto,Alta
Belgium,1985.0,BEL,9880338.0,235344813262.0,104.012,10.527,133.77,40.718,44.148,16.77,2.376,0.442,55096.121,8544.924,0.516,Alto,Alta
Belgium,1986.0,BEL,9886981.0,238862653069.0,102.374,10.354,131.354,36.067,50.378,13.483,2.446,0.429,56814.492,8647.298,0.501,Alto,Alta
Belgium,1987.0,BEL,9899150.0,244504599238.0,102.592,10.364,130.581,36.458,48.645,15.096,2.393,0.42,58457.508,8749.89,0.486,Alto,Alta
Belgium,1988.0,BEL,9916566.0,256045020000.0,99.75,10.059,126.201,33.132,49.034,14.901,2.683,0.39,59516.973,8849.641,0.455,Alto,Alta
Belgium,1989.0,BEL,9936575.0,265237140019.0,106.792,10.747,133.44,40.07,47.398,16.558,2.768,0.403,59836.559,8956.433,0.481,Alto,Alta
Belgium,1990.0,BEL,9960968.0,273278713941.0,120.335,12.081,145.061,41.394,53.249,19.826,2.824,0.44,62378.742,9076.768,0.529,Alto,Alta
Belgium,1991.0,BEL,9998962.0,278686606016.0,123.396,12.341,151.392,40.122,55.934,21.596,2.88,0.443,64294.656,9200.164,0.532,Alto,Alta
Belgium,1992.0,BEL,10045988.0,283358354426.0,122.519,12.196,148.715,38.118,56.361,22.177,3.089,0.432,63857.262,9322.684,0.544,Alto,Alta
Belgium,1993.0,BEL,10084932.0,281005275818.0,121.451,12.043,149.78,36.562,55.846,23.189,3.082,0.432,62586.73,9444.135,0.534,Alto,Alta
Belgium,1994.0,BEL,10116005.0,290433135887.0,124.833,12.34,151.38,38.013,57.234,23.677,3.179,0.43,65629.477,9568.968,0.543,Alto,Alta
Belgium,1995.0,BEL,10137264.0,297763645458.0,125.969,12.426,152.291,36.955,56.621,26.284,3.255,0.423,66301.898,9694.938,0.536,Alto,Alta
Belgium,1996.0,BEL,10156972.0,302924438524.0,129.503,12.75,156.472,34.203,60.415,29.192,3.009,0.428,70284.875,9824.44,0.534,Alto,Alta
Belgium,1997.0,BEL,10181465.0,314576090803.0,124.017,12.181,150.051,31.916,58.48,27.721,3.162,0.394,70840.68,9948.457,0.509,Alto,Alta
Belgium,1998.0,BEL,10203185.0,321240211745.0,130.256,12.766,156.548,33.214,60.233,30.851,3.175,0.405,72074.211,10078.713,0.536,Alto,Alta
Belgium,1999.0,BEL,10226681.0,333121577520.0,124.719,12.195,152.434,28.931,56.9,32.957,3.113,0.374,71395.695,10203.432,0.502,Alto,Alta
Belgium,2000.0,BEL,10251719.0,345706865981.0,126.776,12.366,152.466,31.672,55.595,33.187,3.27,0.367,72509.641,10330.207,0.497,Alto,Alta
Belgium,2001.0,BEL,10287005.0,349015220419.0,126.085,12.257,150.412,28.29,58.888,32.914,2.957,0.361,71630.055,10456.292,0.491,Alto,Alta
Belgium,2002.0,BEL,10332975.0,355705534550.0,126.883,12.279,151.02,28.637,58.705,33.235,2.993,0.357,70983.867,10583.175,0.483,Alto,Alta
Belgium,2003.0,BEL,10376262.0,358937085300.0,128.292,12.364,151.658,27.766,59.396,34.973,2.933,0.357,73407.07,10711.468,0.464,Alto,Alta
Belgium,2004.0,BEL,10421298.0,372499172102.0,128.812,12.36,153.557,28.252,59.311,34.963,2.837,0.346,73370.898,10840.279,0.45,Alto,Alta
Belgium,2005.0,BEL,10478883.0,380840056202.0,125.658,11.992,148.796,26.196,57.578,35.624,2.934,0.33,72156.344,10965.938,0.425,Alto,Alta
Belgium,2006.0,BEL,10548445.0,390874955040.0,123.9,11.746,146.462,25.337,56.542,35.371,3.112,0.317,71881.797,11089.838,0.405,Alto,Alta
Belgium,2007.0,BEL,10625488.0,404721960651.0,120.493,11.34,143.205,23.158,55.086,35.621,3.087,0.298,71852.602,11210.331,0.383,Alto,Media
Belgium,2008.0,BEL,10709711.0,408290544814.0,120.204,11.224,142.555,23.259,54.708,35.671,3.033,0.294,72432.766,11330.535,0.375,Alto,Media
Belgium,2009.0,BEL,10812936.0,399489943721.0,107.807,9.97,129.971,15.162,50.706,36.468,2.795,0.27,66203.031,11438.342,0.342,Alto,Media
Belgium,2010.0,BEL,10936619.0,411261674695.0,114.563,10.475,137.439,17.526,51.153,40.339,2.582,0.279,69929.078,11552.905,0.344,Alto,Media
Belgium,2011.0,BEL,11038624.0,420934235947.0,105.159,9.526,127.768,16.689,48.22,34.572,2.762,0.25,64655.848,11658.063,0.305,Alto,Media
Belgium,2012.0,BEL,11107522.0,424045845634.0,102.486,9.227,125.317,15.078,47.133,34.911,2.643,0.242,61664.453,11760.55,0.293,Alto,Media
Belgium,2013.0,BEL,11160277.0,425993254852.0,102.816,9.213,125.772,15.269,47.229,35.272,2.541,0.241,62894.422,11863.365,0.291,Alto,Media
Belgium,2014.0,BEL,11210113.0,432717694183.0,97.081,8.66,120.213,14.725,46.313,30.995,2.643,0.224,58059.273,11960.447,0.274,Alto,Media
Belgium,2015.0,BEL,11275332.0,441551470878.0,101.327,8.987,125.064,14.381,48.237,33.812,2.348,0.229,58306.633,12061.774,0.286,Alto,Media
Belgium,2016.0,BEL,11332707.0,447144517813.0,99.816,8.808,122.915,13.476,47.124,34.369,2.436,0.223,62607.219,12161.59,0.282,Alto,Media
Belgium,2017.0,BEL,11376583.0,454386396677.0,99.282,8.727,122.465,13.247,46.258,35.03,2.291,0.218,62940.031,12260.873,0.276,Alto,Media
Belgium,2018.0,BEL,11428608.0,462533269863.0,100.256,8.772,123.423,13.297,45.875,36.104,2.534,0.217,62492.762,12361.129,0.273,Alto,Media
Belgium,2019.0,BEL,11490623.0,472897988852.0,99.799,8.685,123.012,13.156,45.341,36.224,2.819,0.211,64258.418,12460.928,0.269,Alto,Media
Belgium,2020.0,BEL,11540102.0,447544069854.0,91.255,7.908,114.199,10.466,40.098,36.073,2.634,0.204,57530.324,12552.183,0.26,Alto,Media
Belgium,2021.0,BEL,11570843.0,474995824355.0,94.928,8.204,118.134,11.762,42.152,36.281,2.66,0.2,63805.598,12647.11,0.257,Alto,Media
Belgium,2022.0,BEL,11641814.0,489678394377.0,88.915,7.638,111.423,11.903,41.466,31.174,2.456,0.182,59651.605,12736.025,0.237,Alto,Media
Belgium,2023.0,BEL,11712891.0,78364026455.86972,84.703,7.232,107.044,10.431,41.188,29.155,2.181,0.03320376359546384,55542.023,12820.729,0.222,,
Belgium,2024.0,BEL,11738761.0,78539680973.7251,85.456,7.28,107.948,11.492,41.96,28.075,2.181,0.03418139047331281,54870.879,12906.185,0.221,,
Belize,1950.0,BLZ,69085.0,-964671266.685669,0.018,0.265,1.333,-7.7544773840701655,0.018,8.433177217781044,0.0,0.1427376152914039,1923.7153661873322,0.018,0.0,,
Belize,1951.0,BLZ,71137.0,-950327376.6242697,0.026,0.361,2.636,-7.756078964794753,0.026,8.435101462834583,0.0,0.14930698702962314,2354.7335656448795,0.044,0.0,,
Belize,1952.0,BLZ,73364.0,-935211288.3508701,0.026,0.35,2.537,-7.755868880667011,0.026,8.434800129065724,0.0,0.148552422605734,2305.3338549033315,0.07,0.0,,
Belize,1953.0,BLZ,75529.0,-920324880.7413447,0.029,0.388,1.93,-7.763521219539916,0.029,8.440750836593374,0.0,0.15127548234317054,2475.1041142163635,0.099,0.0,,
Belize,1954.0,BLZ,77691.0,-905651386.3293126,0.029,0.377,2.194,-7.761065139499149,0.029,8.438782710008848,0.0,0.15048184197092512,2425.972237497278,0.128,0.0,,
Belize,1955.0,BLZ,79867.0,-890878730.2898353,0.029,0.367,2.603,-7.757802707896875,0.029,8.436224305891676,0.0,0.14974264545845273,2381.4274139057065,0.158,0.0,,
Belize,1956.0,BLZ,82089.0,-875792833.6227548,0.029,0.357,2.71,-7.756409739106655,0.029,8.435053716539656,0.0,0.14903587632816073,2336.660428096408,0.187,0.0,,
Belize,1957.0,BLZ,84356.0,-860400277.0243835,0.029,0.347,1.959,-7.760325636466186,0.029,8.437826685412801,0.0,0.14842090973681588,2291.264964967346,0.216,0.0,,
Belize,1958.0,BLZ,86672.0,-844172874.1689454,0.04,0.465,2.862,-7.7667566081477215,0.04,8.443500953319699,0.0,0.156568093412506,2820.543480280395,0.256,0.0,,
Belize,1959.0,BLZ,89008.0,-828319573.3170023,0.04,0.453,4.883,-7.7533668253424395,0.04,8.433398055499037,0.0,0.1555166528971554,2768.216201593977,0.297,0.0,,
Belize,1960.0,BLZ,91330.0,-812403052.1593791,0.044,0.481,2.823,-7.769266854113127,0.044,8.445375165663268,0.0,0.15769398379210292,2892.1069041550013,0.341,0.0,,
Belize,1961.0,BLZ,93646.0,-796990599.8272091,0.037,0.391,1.92,-7.76615925666089,0.037,8.442286232104587,0.0,0.15150821266121467,2488.1892693886753,0.377,0.0,,
Belize,1962.0,BLZ,96060.0,-779244891.1247464,0.07,0.725,1.747,-7.798239854131685,0.07,8.468360922113021,0.0,0.17494537328596893,3990.119453101609,0.447,0.001,,
Belize,1963.0,BLZ,98715.0,-761540897.1453093,0.062,0.631,1.783,-7.788888149975554,0.062,8.460604328682857,0.0,0.16838047029067463,3568.975657855376,0.509,0.001,,
Belize,1964.0,BLZ,101619.0,-740996660.1099923,0.084,0.829,1.478,-7.811340229483367,0.084,8.478777016523557,0.0,0.18223803728417098,4455.749546876734,0.594,0.001,,
Belize,1965.0,BLZ,104689.0,-720193409.5949174,0.084,0.805,2.018,-7.80612736856828,0.084,8.47463267956839,0.0,0.18050546522886052,4348.566971161118,0.678,0.001,,
Belize,1966.0,BLZ,107916.0,-698454551.1654942,0.081,0.747,1.932,-7.8013998853177196,0.081,8.470571486960559,0.0,0.17646595015133723,4088.5969721249194,0.758,0.001,,
Belize,1967.0,BLZ,111291.0,-674151132.3265121,0.121,1.086,1.53,-7.839275204402782,0.121,8.501271922352192,0.0,0.20017312464713113,5606.952508917581,0.879,0.001,,
Belize,1968.0,BLZ,114731.0,-651487866.6130716,0.103,0.894,1.46,-7.820716374140055,0.103,8.48589098330429,0.0,0.18677763230983,4746.68666991093,0.982,0.001,,
Belize,1969.0,BLZ,118052.0,-627885720.275834,0.136,1.148,2.052,-7.844038784735972,0.136,8.505093822143332,0.0,0.20444120656537257,5884.958263751665,1.118,0.001,,
Belize,1970.0,BLZ,120746.0,-610123826.2533587,0.121,1.001,1.64,-7.83193410942369,0.121,8.494900715890381,0.0,0.19422357024674977,5226.078658983425,1.238,0.001,,
Belize,1971.0,BLZ,122820.0,-595370457.7480096,0.143,1.163,1.462,-7.850413298385831,0.143,8.509826936516657,0.0,0.20554500707695875,5951.66754020284,1.381,0.001,,
Belize,1972.0,BLZ,124688.0,-582258632.7561481,0.158,1.264,1.55,-7.860961082142786,0.158,8.51839488121124,0.0,0.2125790302756176,6404.185914044128,1.539,0.001,,
Belize,1973.0,BLZ,126461.0,-570601659.2431521,0.147,1.159,2.269,-7.8460585066754795,0.147,8.506482870748869,0.0,0.20516990746612526,5934.3245546840835,1.685,0.001,,
Belize,1974.0,BLZ,128200.0,-558603004.9934372,0.154,1.2,1.726,-7.854172564164305,0.154,8.512792157036097,0.0,0.20808458882457836,6117.59847582191,1.839,0.001,,
Belize,1975.0,BLZ,130403.0,-543022652.9664689,0.176,1.349,2.071,-7.86830213741907,0.176,8.52437252972696,0.0,0.21843973889314022,6785.325905203681,2.015,0.001,,
Belize,1976.0,BLZ,133117.0,-524658172.88415813,0.176,1.321,2.568,-7.863063641659302,0.176,8.520197793048808,0.0,0.21642726129486461,6660.226031638501,2.191,0.001,,
Belize,1977.0,BLZ,135904.0,-505157608.29251873,0.198,1.456,3.439,-7.872752783894727,0.198,8.528343465553114,0.0,0.22574741382977898,7265.600285444405,2.389,0.001,,
Belize,1978.0,BLZ,138721.0,-485581436.63467014,0.216,1.558,2.366,-7.891054125024894,0.216,8.542637419004556,0.0,0.23297147926875,7721.723084126925,2.605,0.001,,
Belize,1979.0,BLZ,141693.0,-465680403.5018457,0.209,1.474,3.069,-7.8787419759491595,0.209,8.53277933768295,0.0,0.22702810617837993,7345.91008645834,2.814,0.001,,
Belize,1980.0,BLZ,145072.0,-442939035.49287283,0.191,1.313,3.075,-7.915834507403492,0.191,8.625900987678264,0.0,0.21492221920110777,7256.829,3.004,0.001,,
Belize,1981.0,BLZ,148802.0,-418063397.30515873,0.183,1.231,3.264,-7.905059700973412,0.183,8.597405469195888,0.0,0.20990366654935144,6672.987,3.188,0.001,,
Belize,1982.0,BLZ,152561.0,-392955941.7267473,0.172,1.129,2.441,-7.900387862624301,0.172,8.585313285216492,0.0,0.20318654458710253,6128.292,3.36,0.001,,
Belize,1983.0,BLZ,156310.0,-367561379.3846308,0.172,1.102,3.7,-7.890700617626647,0.172,8.57587963498603,0.0,0.2012387150627838,5986.259,3.532,0.001,,
Belize,1984.0,BLZ,160060.0,-341830971.3536651,0.172,1.076,3.195,-7.896921219558905,0.172,8.612477201487078,0.0,0.19835128467523305,6217.582,3.704,0.001,,
Belize,1985.0,BLZ,163812.0,-316428790.64453435,0.191,1.163,3.033,-7.899842226389353,0.191,8.564434466292617,0.0,0.20618688464126714,6061.115,3.895,0.001,,
Belize,1986.0,BLZ,167568.0,-289845439.8471732,0.205,1.224,5.36,-7.903933283420381,0.205,8.64877150880045,0.0,0.20730665701036444,7213.218,4.1,0.001,,
Belize,1987.0,BLZ,171349.0,-265377050.4214425,0.227,1.326,9.363,-7.864569655361553,0.227,8.444261035941327,0.0,0.22012707572997992,5773.296,4.327,0.001,,
Belize,1988.0,BLZ,175195.0,-240476359.42134976,0.249,1.422,8.951,-7.852258600060212,0.249,8.26152042775992,0.0,0.23295708792805583,4322.205,4.576,0.001,,
Belize,1989.0,BLZ,179124.0,-212179653.39926982,0.3,1.677,10.769,-7.875133926741935,0.3,8.33645759470779,0.0,0.2484526845010118,6081.812,4.877,0.001,,
Belize,1990.0,BLZ,183090.0,-183643223.08660388,0.311,1.701,8.106,-7.9172010963887995,0.311,8.519370166806162,0.0,0.24506226805099182,7828.034,5.188,0.001,,
Belize,1991.0,BLZ,187056.0,-155894341.6789806,0.407,2.174,10.157,-7.932315707651835,0.407,8.414333780702991,0.0,0.2819049645799108,8680.396,5.595,0.002,,
Belize,1992.0,BLZ,190995.0,-130451340.17588043,0.355,1.861,11.117,-7.89513614446996,0.355,8.371206161559485,0.0,0.26054457603772796,7126.06,5.95,0.002,,
Belize,1993.0,BLZ,194916.0,-103902942.34952617,0.377,1.936,9.264,-7.908818004941306,0.377,8.335689714237306,0.0,0.2675577076791581,6964.649,6.328,0.002,,
Belize,1994.0,BLZ,199101.0,-75819852.39044905,0.374,1.877,7.16,-7.915029169561599,0.374,8.32207290508999,0.0,0.26430682650413906,6505.708,6.701,0.002,,
Belize,1995.0,BLZ,204165.0,-40516091.0008378,0.377,1.848,6.582,-7.931846536628148,0.377,8.433665887166278,0.0,0.2588442074364251,7450.02,7.079,0.002,,
Belize,1996.0,BLZ,210321.0,307039.87398672104,0.308,1.463,5.806,-7.909731865687673,0.308,8.462558427279575,0.0,0.2304565966213905,6223.767,7.387,0.001,,
Belize,1997.0,BLZ,217459.0,51819716.76206398,0.388,1.786,6.262,-7.963713877421288,0.388,8.675601113608804,0.0,0.2468397286143993,9539.862,7.775,0.002,,
Belize,1998.0,BLZ,225186.0,104009092.19452143,0.37,1.643,6.696,-7.951312067505315,0.37,8.681929903170252,0.0,0.23627751740354402,9076.101,8.145,0.002,,
Belize,1999.0,BLZ,233066.0,157629870.02367735,0.348,1.493,6.361,-7.951994217506288,0.348,8.742702249075455,0.0,0.223666250027867,9054.72,8.493,0.001,,
Belize,2000.0,BLZ,240809.0,210325162.5319717,0.396,1.643,6.232,-7.958558041763585,0.396,8.683634047615232,0.0,0.23641524983386325,9041.242,8.889,0.002,,
Belize,2001.0,BLZ,248393.0,262588186.70131207,0.447,1.8,7.11,-7.972311201149335,0.447,8.696008561164946,0.0,0.24713008648201173,9764.861,9.336,0.002,,
Belize,2002.0,BLZ,256019.0,313964952.1921003,0.432,1.689,7.283,-7.960502517839419,0.432,8.676583626581237,0.0,0.23974853605822544,9159.105,9.768,0.002,,
Belize,2003.0,BLZ,263794.0,366682446.9498882,0.432,1.639,6.071,-7.964968639750195,0.432,8.67852325698296,0.0,0.2364334451893096,8923.776,10.201,0.002,,
Belize,2004.0,BLZ,271695.0,419912913.6092193,0.392,1.443,5.03,-7.959037435246001,0.392,8.697465658681613,0.0,0.22201233867069217,8297.543,10.593,0.001,,
Belize,2005.0,BLZ,279747.0,475060659.1205895,0.418,1.493,4.703,-7.971001018856187,0.418,8.720951541952127,0.0,0.22498560772607623,8679.99,11.01,0.001,,
Belize,2006.0,BLZ,287889.0,530798849.32725024,0.443,1.54,5.397,-7.976182252914894,0.443,8.738237257349104,0.0,0.22767789151103113,9037.132,11.454,0.001,,
Belize,2007.0,BLZ,296117.0,586090902.6116726,0.473,1.596,5.407,-7.9676809884372,0.473,8.632615014631478,0.0,0.2351134333791744,8224.294,11.926,0.002,,
Belize,2008.0,BLZ,304373.0,641706450.442462,0.432,1.42,5.477,-7.954627461622328,0.432,8.634738489669154,0.0,0.2223739071300503,7562.269,12.359,0.001,,
Belize,2009.0,BLZ,312619.0,698090426.2724843,0.513,1.641,6.829,-7.961349649462965,0.513,8.574123913246092,0.0,0.23992384787262533,7848.731,12.872,0.002,,
Belize,2010.0,BLZ,320256.0,751330442.9317427,0.539,1.682,6.903,1.1528726888703975,0.528,0.011,0.0,0.21011205393040666,9270.443,13.41,0.002,,
Belize,2011.0,BLZ,327306.0,797628088.5405455,0.572,1.746,6.88,1.0050199178028885,0.561,0.011,0.0,0.22012062591431425,7350.667,13.982,0.002,,
Belize,2012.0,BLZ,334421.0,846984639.3731499,0.473,1.413,6.192,1.179699529152055,0.465,0.007,0.0,0.19043718529509568,8398.775,14.454,0.001,,
Belize,2013.0,BLZ,341635.0,896175186.9309478,0.473,1.384,6.302,1.193511187854802,0.469,0.004,0.0,0.1878243638290806,8494.182,14.927,0.001,,
Belize,2014.0,BLZ,348934.0,945382708.6986723,0.502,1.439,8.599,1.1447549041191079,0.498,0.004,0.0,0.19331815815358017,7952.339,15.429,0.001,,
Belize,2015.0,BLZ,356341.0,996677850.2201982,0.685,1.923,10.475,1.0545317976349033,0.682,0.004,0.0,0.22997511463514347,8944.144,16.114,0.002,,
Belize,2016.0,BLZ,364717.0,1053523610.7682247,0.674,1.848,8.294,1.0596308471327973,0.671,0.004,0.0,0.22466624537985436,8750.693,16.788,0.002,,
Belize,2017.0,BLZ,373215.0,1112147527.9989166,0.667,1.787,7.909,1.1361702298122358,0.663,0.004,0.0,0.21754532409246827,9631.997,17.455,0.002,,
Belize,2018.0,BLZ,380232.0,1159458929.550294,0.66,1.735,7.179,1.116537616852516,0.656,0.004,0.0,0.21470350601346705,9116.708,18.115,0.002,,
Belize,2019.0,BLZ,385833.0,1199491251.9772391,0.769,1.994,9.129,1.1766325053273767,0.769,0.0,0.0,0.2300417907720465,11277.264,18.884,0.002,,
Belize,2020.0,BLZ,390819.0,1231293910.2952576,0.654,1.672,8.274,1.1227559760650463,0.652,0.0,0.0,0.2100630409062545,8852.267,19.538,0.002,,
Belize,2021.0,BLZ,395355.0,1262380323.3644938,0.694,1.754,7.547,-8.003808442242132,0.689,8.675521985260914,0.0,0.2450002963262437,9089.78,20.232,0.002,,
Belize,2022.0,BLZ,402741.0,1312887249.616374,0.724,1.797,6.78,-8.016381906131116,0.718,8.691802867786723,0.0,0.24781181793601423,9349.882,20.955,0.002,,
Belize,2023.0,BLZ,411112.0,1369572382.837141,0.766,1.864,8.471,-8.009935438733457,0.761,8.627115410102816,0.0,0.2543077040197056,9012.318,21.722,0.002,,
Belize,2024.0,BLZ,417077.0,1410601299.860794,0.796,1.909,7.948,-7.986302408569859,0.791,8.610825505599909,0.0,0.2561239266182734,9299.854602364394,22.518,0.002,,
Benin,1950.0,BEN,2250476.0,2721419464.0,0.138,0.061,6.015,0.026,0.112,0.0,1.2767294464872017,0.051,336.65529264252837,0.138,0.002,Bajo,Baja
Benin,1951.0,BEN,2267310.0,2724089183.0,0.115,0.051,5.659,0.046,0.07,0.0,1.282915598824874,0.042,315.7828979051553,0.253,0.002,Bajo,Baja
Benin,1952.0,BEN,2285780.0,2723139163.0,0.129,0.056,5.436,0.044,0.085,0.0,1.2792614791809747,0.047,324.72547351500066,0.382,0.002,Bajo,Baja
Benin,1953.0,BEN,2306205.0,2649069858.0,0.107,0.046,5.528,0.014,0.093,0.0,1.28253286393339,0.04,298.61381747922246,0.489,0.002,Bajo,Baja
Benin,1954.0,BEN,2328786.0,2727746362.0,0.126,0.054,5.633,0.016,0.11,0.0,1.2775586483724521,0.046,318.40884757754225,0.615,0.002,Bajo,Baja
Benin,1955.0,BEN,2353653.0,2727958357.0,0.126,0.053,5.799,0.007,0.118,0.0,1.2771138875867818,0.046,313.51783761187426,0.741,0.002,Bajo,Baja
Benin,1956.0,BEN,2380894.0,2729948453.0,0.146,0.061,5.975,0.01,0.136,0.0,1.2702789387031523,0.053,330.2642225568702,0.886,0.002,Bajo,Baja
Benin,1957.0,BEN,2410774.0,2731577869.0,0.149,0.062,6.334,0.0,0.149,0.0,1.2673509197266548,0.055,328.77401816732277,1.036,0.002,Bajo,Baja
Benin,1958.0,BEN,2443431.0,2833502267.0,0.125,0.051,6.507,-7.663615104124672,0.125,8.436477849710478,0.0,0.044,1261.9618765139435,1.16,0.001,Bajo,Baja
Benin,1959.0,BEN,2478921.0,2941793804.0,0.103,0.041,6.819,-7.647071097643755,0.103,8.436244197154828,0.0,0.035,1247.851820323956,1.263,0.001,Bajo,Baja
Benin,1960.0,BEN,2517289.0,3031729656.0,0.161,0.064,5.896,-7.685221402617449,0.161,8.438270229750554,0.0,0.053,1295.6988920194958,1.424,0.002,Bajo,Baja
Benin,1961.0,BEN,2559229.0,3131826007.0,0.128,0.05,7.163,-7.66035045386556,0.128,8.43602154563135,0.0,0.041,1268.0535309877214,1.552,0.001,Bajo,Baja
Benin,1962.0,BEN,2604667.0,3030477734.0,0.136,0.052,7.851,-7.664233935063871,0.136,8.43184722357874,0.0,0.045,1263.245469346924,1.688,0.001,Bajo,Baja
Benin,1963.0,BEN,2652911.0,3170164067.0,0.121,0.046,8.225,-7.6516544110792815,0.121,8.431618510384684,0.0,0.038,1260.6406738051933,1.809,0.001,Bajo,Baja
Benin,1964.0,BEN,2704005.0,3388837954.0,0.143,0.053,8.611,-7.660466288073508,0.143,8.43153789424855,0.0,0.042,1278.6451579797913,1.952,0.001,Bajo,Baja
Benin,1965.0,BEN,2757936.0,3566213986.0,0.15,0.054,9.577,-7.657878182581268,0.15,8.428405227312378,0.0,0.042,1283.3749633616467,2.102,0.001,Bajo,Baja
Benin,1966.0,BEN,2814321.0,3696920698.0,0.114,0.04,11.174,-7.629550476763493,0.114,8.421529707344357,0.0,0.031,1258.2606264799142,2.215,0.001,Bajo,Baja
Benin,1967.0,BEN,2873000.0,3732750244.0,0.143,0.05,11.557,-7.643247949760335,0.143,8.420550440494047,0.0,0.038,1279.7307985836555,2.358,0.001,Bajo,Baja
Benin,1968.0,BEN,2934261.0,3879617211.0,0.154,0.052,15.172,-7.6283056525954525,0.154,8.404664614030938,0.0,0.04,1282.7842113777156,2.512,0.001,Bajo,Baja
Benin,1969.0,BEN,2998230.0,3997114816.0,0.202,0.067,11.828,-7.671820442776738,0.202,8.42213137439757,0.0,0.05,1315.2646572817675,2.714,0.001,Bajo,Baja
Benin,1970.0,BEN,3065061.0,4082305983.0,0.282,0.092,12.288,-7.706826521731141,0.282,8.41942865064074,0.0,0.069,1369.1583164169638,2.996,0.002,Bajo,Baja
Benin,1971.0,BEN,3134768.0,4170868197.0,0.293,0.094,11.72,-7.715714677631787,0.293,8.423263785852338,0.0,0.07,1374.5851415965067,3.289,0.002,Bajo,Baja
Benin,1972.0,BEN,3207549.0,4577951894.0,0.388,0.121,11.031,-7.7581219193972935,0.388,8.432582912978326,0.0,0.085,1445.368870243548,3.677,0.002,Bajo,Baja
Benin,1973.0,BEN,3283500.0,4779049122.0,0.381,0.116,11.004,-7.753238393474215,0.381,8.434562812761552,0.0,0.08,1439.8780371203557,4.058,0.002,Bajo,Baja
Benin,1974.0,BEN,3362629.0,5110665656.0,0.407,0.121,11.764,-7.7558102309371115,0.407,8.435057802280475,0.0,0.08,1463.022207819054,4.465,0.002,Bajo,Baja
Benin,1975.0,BEN,3445406.0,4761257280.0,0.443,0.129,11.534,-7.779525163486911,0.443,8.431340017241723,0.0,0.093,1459.5776830154255,4.908,0.003,Bajo,Baja
Benin,1976.0,BEN,3532198.0,4829592955.0,0.26,0.074,11.911,-7.705280094262077,0.26,8.430082699860076,0.0,0.054,1332.462392248408,5.169,0.001,Bajo,Baja
Benin,1977.0,BEN,3623200.0,5040642153.0,0.297,0.082,11.721,-7.7191059940121995,0.297,8.43116275272567,0.0,0.059,1357.3088855374567,5.465,0.002,Bajo,Baja
Benin,1978.0,BEN,3718308.0,5020203770.0,0.363,0.098,11.368,-7.751907180313106,0.363,8.434812275042507,0.0,0.072,1384.6241940896084,5.828,0.002,Bajo,Baja
Benin,1979.0,BEN,3818536.0,5424331020.0,0.366,0.096,12.272,-7.745603932199161,0.366,8.43382834029241,0.0,0.068,1389.510351806723,6.194,0.002,Bajo,Baja
Benin,1980.0,BEN,3925258.0,5935497935.0,0.48,0.122,12.952,-7.7921137628378006,0.374,8.371786311110105,0.106,0.081,487.289,6.674,0.002,Bajo,Baja
Benin,1981.0,BEN,4038308.0,6276125502.0,0.387,0.096,13.178,-7.756908427348479,0.282,8.37427344035287,0.105,0.062,477.138,7.062,0.002,Bajo,Baja
Benin,1982.0,BEN,4156593.0,6957657119.0,0.443,0.106,11.518,-7.777042609057553,0.333,8.36852384577932,0.109,0.064,327.163,7.504,0.002,Bajo,Baja
Benin,1983.0,BEN,4278981.0,6662364328.0,0.404,0.095,12.139,-7.7744547124035925,0.304,8.38273074098185,0.1,0.061,461.051,7.909,0.002,Bajo,Baja
Benin,1984.0,BEN,4405902.0,7197473511.0,0.448,0.102,13.133,-7.78281553516055,0.352,8.380349573502762,0.097,0.062,443.89,8.357,0.002,Bajo,Baja
Benin,1985.0,BEN,4538017.0,7746780915.0,0.686,0.151,13.636,-7.8528867382085785,0.594,8.383897712399957,0.093,0.089,497.199,9.043,0.003,Bajo,Baja
Benin,1986.0,BEN,4675421.0,7917095545.0,0.624,0.133,12.105,-7.845429225826104,0.535,8.392594401638288,0.089,0.079,470.191,9.667,0.003,Bajo,Baja
Benin,1987.0,BEN,4818487.0,7799295410.0,0.474,0.098,11.185,-7.813003429283951,0.388,8.391672432399474,0.085,0.061,361.428,10.141,0.002,Bajo,Baja
Benin,1988.0,BEN,4967343.0,8040683271.0,0.508,0.102,10.102,-7.845913205701866,0.454,8.416588124051312,0.054,0.063,434.714,10.649,0.002,Bajo,Baja
Benin,1989.0,BEN,5121659.0,7998172143.0,0.57,0.111,11.214,-7.857388464708794,0.506,8.406490512161316,0.065,0.071,434.464,11.219,0.003,Bajo,Baja
Benin,1990.0,BEN,5281482.0,8723574620.0,0.579,0.11,11.498,-7.854525551883203,0.506,8.411391905964665,0.074,0.066,484.103,11.798,0.003,Bajo,Baja
Benin,1991.0,BEN,5446935.0,9020546630.0,0.62,0.114,12.934,-7.861906285747148,0.546,8.414432906476542,0.074,0.069,548.623,12.418,0.003,Bajo,Baja
Benin,1992.0,BEN,5617847.0,9209668142.0,0.671,0.119,14.445,-7.872064296039589,0.597,8.415027261977645,0.074,0.073,591.021,13.089,0.003,Bajo,Baja
Benin,1993.0,BEN,5872707.0,9663859223.0,0.807,0.137,17.641,-7.891146860829966,0.729,8.40492843787035,0.078,0.084,621.688,13.896,0.004,Bajo,Baja
Benin,1994.0,BEN,6096510.0,9706566478.0,0.912,0.15,24.157,-7.89080171668442,0.846,8.383440028404529,0.065,0.094,626.573,14.808,0.004,Bajo,Baja
Benin,1995.0,BEN,6226775.0,10500460878.0,0.956,0.154,32.09,-7.848285090923989,0.876,8.350713898067212,0.081,0.091,662.107,15.764,0.004,Bajo,Baja
Benin,1996.0,BEN,6391861.0,10810469226.0,1.184,0.185,36.523,-7.886108693376491,1.118,8.344258923706432,0.066,0.11,703.568,16.948,0.005,Bajo,Baja
Benin,1997.0,BEN,6583375.0,11307899196.0,1.224,0.186,36.701,-7.891995040717418,1.147,8.349034813839427,0.077,0.108,739.009,18.172,0.005,Bajo,Baja
Benin,1998.0,BEN,6789492.0,11647427795.0,1.114,0.164,31.181,-7.931567608989486,1.114,8.404565511337717,0.0,0.096,772.518,19.286,0.005,Bajo,Baja
Benin,1999.0,BEN,7002818.0,12157431164.0,1.462,0.209,30.724,-8.010070337191825,1.462,8.375591646829076,0.0,0.12,367.445,20.748,0.006,Bajo,Baja
Benin,2000.0,BEN,7221618.0,12746225376.0,1.473,0.204,28.571,-8.039305315283869,1.473,8.451268999523167,0.0,0.116,950.594,22.221,0.006,Bajo,Baja
Benin,2001.0,BEN,7445599.0,13306904218.0,1.689,0.227,29.252,-8.086277097296342,1.689,8.467303229239652,0.0,0.127,1053.653,23.91,0.007,Bajo,Baja
Benin,2002.0,BEN,7675430.0,13793055302.0,2.11,0.275,30.527,-8.120087727623329,1.953,8.439269503525644,0.157,0.153,1178.301,26.02,0.008,Bajo,Media
Benin,2003.0,BEN,7913074.0,14127733603.0,2.394,0.303,24.629,-8.220024274269303,2.228,8.48951020150873,0.166,0.169,1312.088,28.414,0.009,Bajo,Media
Benin,2004.0,BEN,8159098.0,14599811664.0,2.594,0.318,24.335,-8.25484150847912,2.382,8.493325655545762,0.212,0.178,1342.909,31.008,0.009,Bajo,Media
Benin,2005.0,BEN,8426145.0,14703566396.0,2.49,0.295,19.23,-8.268311110219022,2.268,8.5073002843637,0.222,0.169,1220.706,33.497,0.008,Bajo,Media
Benin,2006.0,BEN,8693243.0,15130030225.0,3.351,0.385,20.712,-8.449612183854223,3.125,8.569331224174235,0.226,0.221,1617.128,36.848,0.011,Bajo,Media
Benin,2007.0,BEN,8953973.0,15874980420.0,3.931,0.439,32.751,-8.507992949238814,3.719,8.570875492301898,0.212,0.248,1853.535,40.779,0.012,Bajo,Media
Benin,2008.0,BEN,9228468.0,16519715795.0,3.919,0.425,34.669,-8.503866293774246,3.737,8.580080271991951,0.182,0.237,1839.159,44.698,0.012,Bajo,Media
Benin,2009.0,BEN,9509431.0,16780073808.0,4.225,0.444,22.641,-8.632976896482642,4.001,8.655947718461562,0.223,0.252,1981.54,48.923,0.013,Bajo,Media
Benin,2010.0,BEN,9797488.0,17023196060.0,4.679,0.478,27.193,-8.704545876921358,4.437,8.676176227726039,0.242,0.275,2198.484,53.602,0.014,Bajo,Media
Benin,2011.0,BEN,10093626.0,17416238625.0,4.48,0.444,30.67,-8.65073708416046,4.247,8.647280769540206,0.233,0.257,1994.954,58.082,0.013,Bajo,Media
Benin,2012.0,BEN,10397659.0,18305935000.0,4.403,0.423,37.231,-8.588966498528531,4.166,8.607890751791214,0.237,0.24,1836.255,62.484,0.013,Bajo,Media
Benin,2013.0,BEN,10708831.0,19651418479.0,4.566,0.426,29.419,0.38778788215805715,4.331,0.022,0.213,0.232,1819.542,67.05,0.013,Bajo,Media
Benin,2014.0,BEN,11030008.0,21043177203.0,4.774,0.433,28.897,0.165,4.338,0.055,0.216,0.227,1879.149,71.824,0.013,Bajo,Media
Benin,2015.0,BEN,11360681.0,22279707949.0,5.318,0.468,21.051,0.099,4.943,0.062,0.214,0.239,2004.112,77.143,0.015,Bajo,Media
Benin,2016.0,BEN,11697845.0,23134706997.0,5.311,0.454,31.745,0.187,4.91,0.004,0.21,0.23,2373.231,82.453,0.015,Bajo,Media
Benin,2017.0,BEN,12039777.0,24568275710.0,5.555,0.461,45.464,0.176,5.056,0.11,0.213,0.226,2445.911,88.008,0.015,Bajo,Media
Benin,2018.0,BEN,12383349.0,26346543293.0,5.668,0.458,43.844,0.0,5.24,0.037,0.392,0.215,2616.541,93.677,0.015,Bajo,Media
Benin,2019.0,BEN,12726760.0,28155410176.0,5.273,0.414,29.936,0.238,4.525,0.106,0.403,0.187,2371.677,98.949,0.014,Bajo,Media
Benin,2020.0,BEN,13070169.0,29239039610.0,5.541,0.424,34.615,0.256,4.547,0.319,0.419,0.19,2427.168,104.49,0.016,Bajo,Media
Benin,2021.0,BEN,13413423.0,31331235336.0,5.806,0.433,40.789,0.293,4.711,0.352,0.45,0.185,1837.102,110.296,0.016,Medio,Media
Benin,2022.0,BEN,13759507.0,33290362034.0,6.092,0.443,40.322,0.348,4.974,0.305,0.465,0.183,1841.329,116.388,0.016,Medio,Media
Benin,2023.0,BEN,14111035.0,94618658354.32799,5.928,0.42,40.301,0.405,4.756,0.302,0.465,0.18795231843575713,1896.627,122.316,0.016,,
Benin,2024.0,BEN,14462721.0,97011346460.00827,6.066,0.419,40.935,0.332,4.942,0.327,0.465,0.191418167522723,866.9620319061476,128.382,0.016,,
Bermuda,1950.0,BMU,37241.0,-1177232843.809052,0.044,1.181,14.7060496760038,0.004,0.04,0.8607797716674298,0.0,0.2039616576765396,5485.087751999877,0.044,0.001,,
Bermuda,1951.0,BMU,37820.0,-1171840787.4094858,0.059,1.55,13.890907175716956,0.004,0.055,0.8542185828107356,0.0,0.2298279591520262,7130.2578637820625,0.103,0.001,,
Bermuda,1952.0,BMU,38358.0,-1163378584.921464,0.106,2.77,10.972031635474156,0.007,0.099,0.8327208415612409,0.0,0.3154754880789199,12574.500072479168,0.209,0.002,,
Bermuda,1953.0,BMU,38850.0,-1161652606.790387,0.092,2.358,12.10544778046757,0.004,0.088,0.8398511945473555,0.0,0.28646387878669044,10732.714425307173,0.3,0.001,,
Bermuda,1954.0,BMU,39365.0,-1158999828.263933,0.084,2.141,12.601374125269261,0.004,0.081,0.8426537524274993,0.0,0.2712451517620292,9765.178019028252,0.385,0.001,,
Bermuda,1955.0,BMU,39874.0,-1153113208.7619038,0.11,2.757,11.236689026611156,0.004,0.106,0.8326849379997738,0.0,0.3144249051308434,12511.657065154,0.495,0.001,,
Bermuda,1956.0,BMU,40360.0,-1147434346.346196,0.136,3.359,9.733388722510782,0.004,0.132,0.8219505427444757,0.0,0.35673363926530766,15200.671370378226,0.63,0.002,,
Bermuda,1957.0,BMU,40815.0,-1144132320.810946,0.139,3.411,9.634001482932831,0.004,0.136,0.8199831392396272,0.0,0.36036978165207423,15432.473005801774,0.769,0.002,,
Bermuda,1958.0,BMU,41229.0,-1140747912.9549315,0.147,3.555,9.321162187639906,0.004,0.143,0.8183455922872792,0.0,0.370457402994187,16074.572643760159,0.916,0.002,,
Bermuda,1959.0,BMU,41663.0,-1138976575.271062,0.136,3.254,10.01991966324357,0.0,0.136,0.8235310735112054,0.0,0.3493415484844925,14732.746150274543,1.052,0.002,,
Bermuda,1960.0,BMU,42231.0,-1133234570.457484,0.158,3.731,8.984195425738633,0.0,0.158,0.8149750494471034,0.0,0.382769329776956,16859.4407286872,1.209,0.002,,
Bermuda,1961.0,BMU,43143.0,-1125669860.504005,0.176,4.076,8.251397994464668,0.0,0.176,0.8087063594550183,0.0,0.40694078160366165,18397.61018524759,1.385,0.002,,
Bermuda,1962.0,BMU,44262.0,-1120081123.6339703,0.158,3.56,9.415784647759505,0.0,0.158,0.81771964557643,0.0,0.37075806434804437,16097.05707237154,1.543,0.002,,
Bermuda,1963.0,BMU,45362.0,-1113571779.518999,0.15,3.312,10.163950949811756,0.0,0.15,0.8220090463074069,0.0,0.3532494698180167,14986.358148778278,1.693,0.001,,
Bermuda,1964.0,BMU,46430.0,-1102256220.6132388,0.202,4.34,7.78501952162895,0.0,0.202,0.8034495808519715,0.0,0.4254017247187877,19574.620053286893,1.894,0.002,,
Bermuda,1965.0,BMU,47484.0,-1097278974.2845345,0.18,3.781,9.026943803751701,0.0,0.18,0.8132915562057978,0.0,0.3862083578623116,17082.37635612188,2.074,0.002,,
Bermuda,1966.0,BMU,48556.0,-1088530704.5611463,0.202,4.15,8.264034437817205,0.0,0.202,0.8065028447448636,0.0,0.4120551995320702,18727.53292888675,2.275,0.002,,
Bermuda,1967.0,BMU,49535.0,-1081315780.7062535,0.213,4.29,7.994261666600812,0.0,0.213,0.8038241617306905,0.0,0.42185166650964384,19351.72263408473,2.488,0.002,,
Bermuda,1968.0,BMU,50425.0,-1075339610.4312859,0.224,4.432,-19.65141326377929,-8.19245780085823,0.224,8.774471414106,0.0,0.4359879021386589,20579.32772558493,2.711,0.002,,
Bermuda,1969.0,BMU,51330.0,-1070810218.9621313,0.198,3.855,9.158442878230016,0.0,0.198,0.8113734211632939,0.0,0.391223302982475,17407.356455582965,2.909,0.001,,
Bermuda,1970.0,BMU,52147.0,-1063275046.7693741,0.227,4.356,7.931786387794443,0.0,0.227,0.8022061772120929,0.0,0.4264337813873341,19646.04252582953,3.136,0.002,,
Bermuda,1971.0,BMU,52628.0,-1059886109.04112,0.231,4.386,8.067500065019342,0.0,0.231,0.8015643015601639,0.0,0.42840736742634794,19774.823925695135,3.367,0.001,,
Bermuda,1972.0,BMU,52825.0,-1056968321.8129072,0.253,4.786,7.0401004532851195,0.0,0.253,0.7942900995392296,0.0,0.4565413316699152,21563.247299475566,3.62,0.002,,
Bermuda,1973.0,BMU,52963.0,-1043293657.8607128,0.425,8.025,0.17689418165712212,0.0,0.425,0.7356857603049596,0.0,0.6834983848155005,36004.0073429239,4.045,0.002,,
Bermuda,1974.0,BMU,53077.0,-1041223547.2978902,0.443,8.353,-0.7024976208728244,0.0,0.443,0.7297116349079718,0.0,0.706579432320241,37471.48815355991,4.488,0.003,,
Bermuda,1975.0,BMU,53148.0,-1039701567.4052292,0.458,8.617,-1.285250783796723,0.004,0.454,0.7249740617172784,0.0,0.7250669489624235,38648.48267637596,4.946,0.003,,
Bermuda,1976.0,BMU,53232.0,-1038369850.0553997,0.469,8.81,-1.6703427920798664,0.0,0.469,0.7213429422009943,0.0,0.7385630056418442,39509.22138352935,5.415,0.003,,
Bermuda,1977.0,BMU,53346.0,-1038748555.0921621,0.454,8.517,-0.869204098752121,0.0,0.454,0.7265966772798398,0.0,0.7178963171083248,38198.03832378394,5.87,0.002,,
Bermuda,1978.0,BMU,53451.0,-1040254314.3845335,0.425,7.952,0.32847455036583995,0.0,0.425,0.7367600016147802,0.0,0.6782846633242976,35679.181248092966,6.295,0.002,,
Bermuda,1979.0,BMU,53538.0,-1037023064.9833403,0.462,8.623,-1.0883982591638794,0.0,0.462,0.7245581626971302,0.0,0.7252838434916493,38670.869144618366,6.756,0.002,,
Bermuda,1980.0,BMU,53693.0,-1032955504.2270012,0.436,8.121,-0.11744710733244013,0.0,0.436,1.3624655634356635,0.0,0.6711356419607697,43542.195,7.192,0.002,,
Bermuda,1981.0,BMU,54020.0,-1036072400.5796473,0.388,7.19,2.032661463907756,0.0,0.388,1.208501697420574,0.0,0.6122119273379645,37481.379,7.581,0.002,,
Bermuda,1982.0,BMU,54407.0,-1031683958.6173577,0.396,7.273,1.4363733959404499,0.0,0.396,1.3509826072316466,0.0,0.6127693074363072,39470.215,7.977,0.002,,
Bermuda,1983.0,BMU,54802.0,-1027271096.4635231,0.451,8.224,0.5252151942886059,0.0,0.451,1.130987033935943,0.0,0.6865780230204521,41424.902,8.427,0.002,,
Bermuda,1984.0,BMU,55189.0,-1025775598.3830378,0.443,8.033,0.9903270659293,0.0,0.443,1.094934326709387,0.0,0.6746304743805167,40132.332,8.871,0.002,,
Bermuda,1985.0,BMU,55569.0,-1024499583.4478395,0.451,8.11,1.4240332702434841,0.0,0.451,0.9305161471007208,0.0,0.6858916619794682,38644.855,9.321,0.002,,
Bermuda,1986.0,BMU,55907.0,-1024384289.9941273,0.421,7.537,2.3724526789201725,0.0,0.421,0.9470401980609326,0.0,0.6455866951164486,36165.148,9.743,0.002,,
Bermuda,1987.0,BMU,56285.0,-1008031265.3764598,0.572,10.155,-3.3374441541732907,0.0,0.572,1.2530505715809552,0.0,0.8158760504241378,51793.965,10.314,0.003,,
Bermuda,1988.0,BMU,56714.0,-1001314471.9009655,0.645,11.37,-5.015722967483278,0.0,0.645,1.1327767216812237,0.0,0.9043352565760556,56098.984,10.959,0.003,,
Bermuda,1989.0,BMU,57149.0,-988499964.3678386,0.78,13.656,-9.274890043173205,0.0,0.78,1.1798082847286193,0.0,1.0610016543542646,67273.75,11.739,0.004,,
Bermuda,1990.0,BMU,57584.0,-1003074737.8873972,0.502,8.717,-30.180813311467716,-8.728672666256038,0.502,9.902226304500644,0.0,0.7106950331120032,47385.695,12.241,0.002,,
Bermuda,1991.0,BMU,58007.0,-1005637295.9376541,0.539,9.285,-28.914836001991986,-8.65581909838494,0.539,9.046075616883607,0.0,0.778466969797958,41212.223,12.78,0.002,,
Bermuda,1992.0,BMU,58430.0,-1010910110.6745834,0.462,7.901,-25.31987598679521,-8.478372568884987,0.462,8.624240779800012,0.0,0.6916259890451137,31964.682,13.242,0.002,,
Bermuda,1993.0,BMU,58834.0,-1003819874.2253428,0.539,9.155,-27.598449756154906,-8.589787538440987,0.539,8.650402709367444,0.0,0.7814155698472842,36886.551,13.78,0.002,,
Bermuda,1994.0,BMU,59214.0,-1002614004.1000732,0.531,8.972,-27.021034217138677,-8.561909171129033,0.531,8.559557504517578,0.0,0.7710222789127472,35319.34,14.312,0.002,,
Bermuda,1995.0,BMU,59549.0,-999712941.0421667,0.531,8.922,-27.161546458796337,-8.571527226336851,0.531,8.652087937369485,0.0,0.7645129199544587,36022.332,14.843,0.002,,
Bermuda,1996.0,BMU,59836.0,-996905352.5171523,0.528,8.818,-27.331770440439684,-8.583410733734246,0.528,8.792768808836197,0.0,0.7525977501195871,36989.902,15.37,0.002,,
Bermuda,1997.0,BMU,60194.0,-994748242.402267,0.524,8.704,-27.14710995674922,-8.576012611587926,0.524,8.804385753912658,0.0,0.743990783957198,36671.504,15.894,0.002,,
Bermuda,1998.0,BMU,60659.0,-991829916.5286049,0.52,8.577,-26.95677271048229,-8.568831196021044,0.52,8.824899502191911,0.0,0.7341664977201208,36390.391,16.415,0.002,,
Bermuda,1999.0,BMU,61142.0,-988794620.393585,0.513,8.39,-26.71502045774249,-8.55976930759429,0.513,8.867897276519397,0.0,0.7193043614478818,36102.988,16.928,0.002,,
Bermuda,2000.0,BMU,61569.0,-982892819.9544916,0.517,8.391,-27.61959839395844,-8.610683216493443,0.517,9.219145296616025,0.0,0.7084009441555745,39499.262,17.444,0.002,,
Bermuda,2001.0,BMU,61887.0,-980368091.0231974,0.528,8.525,-27.81831939068286,-8.621545926164519,0.528,9.21024742335472,0.0,0.7183546131833434,39906.672,17.972,0.002,,
Bermuda,2002.0,BMU,62163.0,-976832447.6813216,0.557,8.959,-28.6436641959664,-8.66324563383963,0.557,9.23781569839288,0.0,0.7488467718158103,41784.938,18.529,0.002,,
Bermuda,2003.0,BMU,62405.0,-975411220.7627957,0.561,8.983,-28.582376854713125,-8.66095784014056,0.561,9.202583147785226,0.0,0.7516739937781296,41527.418,19.089,0.002,,
Bermuda,2004.0,BMU,62576.0,-973066211.1359248,0.583,9.31,-29.185304229221586,-8.691419712874078,0.583,9.215573480978723,0.0,0.7748894421873509,42865.84,19.672,0.002,,
Bermuda,2005.0,BMU,62730.0,-970127732.0818145,0.583,9.287,-29.75130852589136,-8.722987879648791,0.583,9.446461897988645,0.0,0.7660103161737852,45008.629,20.255,0.002,,
Bermuda,2006.0,BMU,62855.0,-964271854.946776,0.656,10.434,-32.13979211379902,-8.842544557939487,0.656,9.591956079820315,0.0,0.8443383803478473,50684.289,20.91,0.002,,
Bermuda,2007.0,BMU,63030.0,-956038175.4656544,0.729,11.568,-35.1430153512691,-8.995888117637158,0.729,9.98136765583365,0.0,0.9141089420912822,58670.762,21.64,0.002,,
Bermuda,2008.0,BMU,63319.0,-956566841.0804639,0.645,10.184,-33.34907939282506,-8.912575337008994,0.645,10.222323313243772,0.0,0.8065719418317476,55838.457,22.284,0.002,,
Bermuda,2009.0,BMU,63587.0,-965358001.4641771,0.473,7.433,0.6058593503388092,0.0,0.473,1.6665498234430296,0.0,0.6114712528979269,43793.906,22.757,0.001,,
Bermuda,2010.0,BMU,63748.0,-957582326.2610881,0.605,9.484,-2.4276991468007996,0.0,0.605,1.49030869984967,0.0,0.7599306788748361,51369.234,23.362,0.002,,
Bermuda,2011.0,BMU,63753.0,-973491808.5378151,0.443,6.954,3.8410334110733526,0.0,0.443,0.9296532969292556,0.0,0.6049712332634276,33284.449,23.805,0.001,,
Bermuda,2012.0,BMU,63665.0,-971679320.37057,0.366,5.755,3.384600682364715,0.0,0.366,1.6698234439524207,0.0,0.49512636956449513,36018.93,24.171,0.001,,
Bermuda,2013.0,BMU,63593.0,-971990584.2299442,0.535,8.412,2.333217417122178,0.0,0.535,0.5863415955602231,0.0,0.7184267429890405,36220.793,24.706,0.002,,
Bermuda,2014.0,BMU,63551.0,-962894049.3082758,0.667,10.493,-1.4486965210040168,0.0,0.667,0.6709633672372828,0.0,0.8593993556476653,46861.48,25.373,0.002,,
Bermuda,2015.0,BMU,63482.0,-969864910.6617444,0.542,8.542,1.302140029479478,0.0,0.542,0.823041558573488,0.0,0.7188006331091035,39486.441,25.915,0.002,,
Bermuda,2016.0,BMU,63466.0,-960529807.4459927,0.616,9.699,-2.214782191947263,0.0,0.616,1.2967410066080005,0.0,0.7817039498545089,50197.062,26.531,0.002,,
Bermuda,2017.0,BMU,63603.0,-960270471.9024854,0.641,10.081,-2.1081581603969397,0.0,0.641,1.0703113995421325,0.0,0.816326683680862,49432.203,27.172,0.002,,
Bermuda,2018.0,BMU,63852.0,-959597008.311058,0.696,10.903,-2.0030060009655877,0.0,0.696,0.626333882185595,0.0,0.8892863381366054,48272.238,27.868,0.002,,
Bermuda,2019.0,BMU,64130.0,-963396463.1125114,0.594,9.256,0.413055721863266,0.0,0.594,0.7340162617766455,0.0,0.7713291556833164,41815.137,28.462,0.002,,
Bermuda,2020.0,BMU,64404.0,-971337570.9699049,0.436,6.77,4.623711308366531,0.0,0.436,0.7745906208026524,0.0,0.5976228119374536,30691.555,28.898,0.001,,
Bermuda,2021.0,BMU,64672.0,-965051199.4669958,0.517,7.988,2.782162655766676,0.0,0.517,0.7200628980957191,0.0,0.683887981708734,35751.664,29.415,0.001,,
Bermuda,2022.0,BMU,64772.0,-963753291.5285316,0.531,8.194,2.5128376497937257,0.0,0.531,0.6968418706719683,0.0,0.6989656799945183,36450.684,29.945,0.001,,
Bermuda,2023.0,BMU,64721.0,-964533876.8953155,0.53,8.184,2.6504981360144555,0.0,0.53,0.6571118930131734,0.0,0.6996918830835601,35958.02,30.475,0.001,,
Bermuda,2024.0,BMU,64660.0,-961729826.3209293,0.55,8.506,-0.2763770038300173,0.0,0.55,0.722301486118994,0.0,0.715812224981955,38150.60532612039,31.025,0.001,,
Bhutan,1950.0,BTN,169991.0,-254228918.80845118,66.68363526180059,5.398152080775023,9.256,42.25188823489823,12.497372915127258,11.491430977509673,0.0,0.4173004363231303,24417.68885931865,2285.809305399046,0.23497201000348777,,
Bhutan,1951.0,BTN,174615.0,-222772518.51777625,66.65008534098567,5.393683197582454,8.035,42.28630840387525,12.430013530117293,11.491373026083224,0.0,0.4172317315526609,24396.026213090936,2285.847447134584,0.23503112449781316,,
Bhutan,1952.0,BTN,179392.0,-190240630.11947417,66.678090786265,5.397152974098391,9.054,42.25780694710312,12.48570245550787,11.491437136367985,0.0,0.4172948154522867,24412.934811066185,2285.8354859355595,0.23501479614091736,,
Bhutan,1953.0,BTN,184345.0,-156535136.72530675,66.66196342968868,5.394922421023382,8.467,42.27442546914268,12.453152714468636,11.491414253680219,0.0,0.41726360165478027,24402.15049142676,2285.8601041025695,0.23505364952571378,,
Bhutan,1954.0,BTN,189467.0,-121672095.4131248,66.65883424254964,5.394364089112506,8.353,42.27776096604764,12.446577606687335,11.49141739486484,0.0,0.4172603073881343,24399.4923808107,2285.874457011058,0.23507709477461822,,
Bhutan,1955.0,BTN,194759.0,-85652357.73813486,66.65485329193208,5.39369071430001,8.208,42.281971723702576,12.438289102015439,11.491419160628062,0.0,0.4172553037697491,24396.277149021076,2285.889899330004,0.23510224192144893,,
Bhutan,1956.0,BTN,200245.0,-48307377.29726577,66.65939128360998,5.394110794452642,8.373,42.27747906658906,12.447019065215052,11.491438133977518,0.0,0.4172686537426295,24398.37648321298,2285.8988054124443,0.23511760884707894,,
Bhutan,1957.0,BTN,205913.0,-9716070.954985142,66.67744957421256,5.396270080596373,9.03,42.259169978063774,12.482766661387252,11.491484187881262,0.0,0.41731104888216597,24408.92760752521,2285.8970481815577,0.23511697244502727,,
Bhutan,1958.0,BTN,211766.0,30133730.85179901,66.69410651115182,5.39824295063492,9.636,42.242298375593215,12.51570121699475,11.491527806367507,0.0,0.41735056887371824,24418.57500687658,2285.8968653651323,0.2351187740879626,,
Bhutan,1959.0,BTN,217827.0,71496656.4207015,66.88671820453976,5.422915236775805,16.645,42.045560472685466,12.900381156812855,11.491919917900631,0.0,0.4177666518408236,24538.508696692497,2285.7529365031046,0.23490404713401952,,
Bhutan,1960.0,BTN,224098.0,114085392.11212277,66.71107020112248,5.4000599307860755,10.253,42.22528604210285,12.54884496728446,11.491583836198593,0.0,0.4173950460058147,24427.533985952065,2285.9113421848247,0.23514496474296315,,
Bhutan,1961.0,BTN,230617.0,158472730.95237374,66.73525712522739,5.402984397828673,11.133,42.20073458836676,12.59679149489542,11.491643565656517,0.0,0.4174511172128762,24441.811764911068,2285.9065200310206,0.23514001199357765,,
Bhutan,1962.0,BTN,237648.0,206303702.65550566,66.6844239290882,5.396212612478123,9.283,42.25288700729322,12.49473029976894,11.491555805937509,0.0,0.4173470356679236,24408.986194253823,2285.964367921979,0.23522967472613826,,
Bhutan,1963.0,BTN,245168.0,257501478.92401123,66.7027582984766,5.39835164897865,9.95,42.23434510278109,12.530914320643042,11.491605780306905,0.0,0.41739125082668516,24419.458649615113,2285.9666466767494,0.2352357771516217,,
Bhutan,1964.0,BTN,252997.0,310805859.3248148,66.72702856701224,5.401247347768132,10.833,42.20974339822821,12.578945770395002,11.491668061418821,0.0,0.41744836994011153,24433.61060320202,2285.964771103043,0.23523572932350773,,
Bhutan,1965.0,BTN,261210.0,366708455.9632509,66.72304963288757,5.400486105372107,10.688,42.21403002281512,12.570479135563488,11.491675153106257,0.0,0.41744530965635546,24429.999562411638,2285.986934294514,0.23527204036278931,,
Bhutan,1966.0,BTN,269830.0,425397159.4563539,66.74748532764679,5.403379286419576,11.577,42.18928031213757,12.618791966763474,11.491739202669784,0.0,0.4175033077529883,24444.147703207946,2285.986743570201,0.23527481204538245,,
Bhutan,1967.0,BTN,278855.0,486819896.8098955,66.73078370158159,5.400951774060192,10.969,42.206594523449226,12.58484023921605,11.49172260283681,0.0,0.41747356848328615,24432.449808969006,2286.0212039387584,0.23532994113664846,,
Bhutan,1968.0,BTN,288320.0,551241955.9771304,66.72185922690743,5.39951457197946,10.644,42.21597018754302,12.56640869375937,11.491722191210343,0.0,0.4174607591708792,24425.567975430375,2286.0503022500416,0.23537714660864256,,
Bhutan,1969.0,BTN,298220.0,618667716.2963455,66.79018140841919,5.408032369299543,13.13,42.14639114071143,12.702376972710162,11.49187539919793,0.0,0.41761349453905006,24467.056682063685,2286.017084962851,0.2353306067650991,,
Bhutan,1970.0,BTN,308536.0,664848933.9792879,0.004,0.012,11.49,0.0,0.004,0.8656214815544234,0.0,0.12293475477301666,287.34901980816676,0.004,0.0,,
Bhutan,1971.0,BTN,319219.0,737563483.8909163,0.004,0.011,12.024,0.0,0.004,0.8659969133311904,0.0,0.12283395006521211,282.9881606118113,0.007,0.0,,
Bhutan,1972.0,BTN,330265.0,812753269.9798365,0.004,0.011,12.115,0.0,0.004,0.8657232626930134,0.0,0.12285067440470195,282.79512407954735,0.011,0.0,,
Bhutan,1973.0,BTN,341713.0,890678344.818758,0.004,0.011,13.531,0.0,0.004,0.8672978825710226,0.0,0.12272845560740671,283.44296442009204,0.015,0.0,,
Bhutan,1974.0,BTN,353548.0,971235881.2745748,0.004,0.01,12.461,0.0,0.004,0.8653763041191048,0.0,0.12279978214420312,278.0266893920257,0.018,0.0,,
Bhutan,1975.0,BTN,365800.0,1054634939.9609256,0.004,0.01,12.481,0.0,0.004,0.8649589990461933,0.0,0.12282689682441808,277.7605184551692,0.022,0.0,,
Bhutan,1976.0,BTN,378499.0,1141076236.9467902,0.004,0.01,13.071,0.0,0.004,0.8653268381525656,0.0,0.12279489726795573,277.84981488440326,0.026,0.0,,
Bhutan,1977.0,BTN,391649.0,1230624003.2094169,0.007,0.019,12.357,0.0,0.007,0.8636082225544244,0.0,0.12352693139434628,317.1994771940406,0.033,0.0,,
Bhutan,1978.0,BTN,405256.0,1323277878.7109075,0.011,0.027,12.566,0.0,0.011,0.8631437837173924,0.0,0.12409120195314852,352.6607333034219,0.044,0.0,,
Bhutan,1979.0,BTN,419208.0,1418345899.5408893,0.022,0.052,13.969,0.004,0.018,0.8639714934488653,0.0,0.12571478946822476,464.4998628356841,0.066,0.0,,
Bhutan,1980.0,BTN,433412.0,1513440713.2162538,0.022,0.051,13.139,0.004,0.018,0.8186875599313066,0.0,0.1323213873781368,63.0,0.088,0.0,,
Bhutan,1981.0,BTN,447851.0,1611928480.6050959,0.055,0.124,14.268,0.003,0.022,0.8095671526377348,0.03,0.13772931541389613,291.56,0.143,0.0,,
Bhutan,1982.0,BTN,462495.0,1711606378.560956,0.063,0.136,14.901,0.004,0.029,0.8043234761754996,0.03,0.13870881496907458,287.294,0.206,0.0,,
Bhutan,1983.0,BTN,477473.0,1813548673.4404101,0.087,0.182,16.291,0.003,0.026,0.7861765184635674,0.057,0.14260400651573413,272.55,0.293,0.0,,
Bhutan,1984.0,BTN,492794.0,1917840142.2117443,0.109,0.221,12.498,0.0,0.051,0.7634727484543491,0.057,0.14640711460595476,274.528,0.401,0.001,,
Bhutan,1985.0,BTN,508399.0,2024076783.5701375,0.12,0.236,11.874,0.0,0.062,0.7568478752330836,0.057,0.14770779106585205,289.802,0.521,0.001,,
Bhutan,1986.0,BTN,524327.0,2132546907.2528887,0.112,0.214,15.578,0.0,0.055,0.7745413478247172,0.057,0.14531482702629492,344.211,0.634,0.001,,
Bhutan,1987.0,BTN,540570.0,2243388727.13072,0.16,0.296,13.18,0.044,0.059,0.7645980296027939,0.057,0.15149218519180824,657.085,0.794,0.001,,
Bhutan,1988.0,BTN,557002.0,2355263740.466087,0.167,0.301,12.42,0.048,0.062,0.7630705350639531,0.057,0.1519416828386814,682.48,0.961,0.001,,
Bhutan,1989.0,BTN,573593.0,2468199350.5387926,0.12,0.209,13.463,0.0,0.062,0.8030063295791852,0.057,0.14410939275526288,683.189,1.081,0.001,,
Bhutan,1990.0,BTN,589295.0,2575339451.2526793,0.186,0.315,19.757,0.048,0.081,0.7914176216330426,0.057,0.15141466426241423,973.536,1.267,0.001,,
Bhutan,1991.0,BTN,599789.0,2646785860.19575,0.186,0.31,14.603,0.048,0.081,0.787526259232415,0.057,0.15152037963010495,989.389,1.452,0.001,,
Bhutan,1992.0,BTN,577780.0,2497014745.353244,0.215,0.372,12.512,0.081,0.077,0.7633732452114985,0.058,0.1567576497153127,1038.86,1.667,0.001,,
Bhutan,1993.0,BTN,554680.0,2339860362.5589,0.182,0.328,11.764,0.044,0.084,0.7909510243454175,0.054,0.1527291858740284,1137.233,1.849,0.001,,
Bhutan,1994.0,BTN,554509.0,2338942676.289398,0.212,0.383,18.463,0.063,0.09,0.8009230454501077,0.06,0.1557297634371412,1415.584,2.062,0.001,,
Bhutan,1995.0,BTN,547995.0,2294886697.418948,0.249,0.454,12.608,0.077,0.103,0.7931233799289836,0.069,0.16128575925827776,1738.542,2.311,0.001,,
Bhutan,1996.0,BTN,548792.0,2300524741.616786,0.298,0.544,11.568,0.093,0.126,0.775075708925705,0.079,0.1681915010892081,1979.485,2.609,0.001,,
Bhutan,1997.0,BTN,558698.0,2368192214.9965353,0.39,0.698,10.445,0.189,0.122,0.7333772710002201,0.079,0.18053282110080032,2248.142,2.999,0.002,,
Bhutan,1998.0,BTN,569439.0,2441229349.910991,0.385,0.676,12.351,0.181,0.129,0.7375612439729023,0.074,0.1787425890455386,2160.219,3.384,0.002,,
Bhutan,1999.0,BTN,582589.0,2530753201.173392,0.386,0.662,12.838,0.176,0.136,0.7434333566486788,0.074,0.17747496581154087,2173.009,3.77,0.002,,
Bhutan,2000.0,BTN,596871.0,2628134671.3937907,0.397,0.665,11.172,0.176,0.147,0.7555764264057815,0.074,0.17730914696084618,2358.492,4.167,0.002,,
Bhutan,2001.0,BTN,610801.0,2723177502.4494896,0.464,0.759,8.821,0.225,0.159,0.7358157445386768,0.079,0.18468345590190358,2609.023,4.63,0.002,,
Bhutan,2002.0,BTN,624417.0,2816043732.7378845,0.494,0.791,11.46,0.247,0.167,0.743700638547366,0.079,0.18642407292131657,2814.589,5.124,0.002,,
Bhutan,2003.0,BTN,637667.0,2906302152.3090734,0.494,0.775,11.373,0.229,0.185,0.7556510289385547,0.079,0.18483481573317992,2888.316,5.618,0.002,,
Bhutan,2004.0,BTN,650559.0,2994225229.516591,0.436,0.67,12.075,0.158,0.194,0.8151605958196697,0.084,0.1753157607711849,3077.284,6.055,0.002,,
Bhutan,2005.0,BTN,661875.0,3071629092.791895,0.546,0.825,9.998,0.253,0.209,0.7851824048679185,0.084,0.18719920541313403,3502.848,6.601,0.002,,
Bhutan,2006.0,BTN,670803.0,3133804907.314048,0.411,0.613,10.664,0.104,0.218,1.0155994236652655,0.089,0.16399066263620304,5093.35,7.012,0.001,,
Bhutan,2007.0,BTN,678643.0,3186076213.3749313,0.397,0.585,12.523,0.084,0.224,0.9180519178666555,0.089,0.16547299740690238,3849.913,7.409,0.001,,
Bhutan,2008.0,BTN,686359.0,3238314496.7587643,0.646,0.942,13.934,0.337,0.22,0.742649192725438,0.089,0.19655111981570633,3525.88,8.055,0.002,,
Bhutan,2009.0,BTN,693994.0,3291132801.9625616,0.683,0.984,13.099,0.348,0.245,0.8096370040520326,0.089,0.19701613876955254,4485.24,8.738,0.002,,
Bhutan,2010.0,BTN,701638.0,3343792364.460041,0.905,1.291,15.591,0.495,0.311,0.7452559178901708,0.099,0.22033961018634723,5194.307,9.644,0.003,,
Bhutan,2011.0,BTN,709387.0,3396664944.3151665,1.007,1.419,13.356,0.37,0.366,0.6988842097175689,0.27,0.23137741821539742,5334.562,10.651,0.003,,
Bhutan,2012.0,BTN,717288.0,3450823807.8333626,1.15,1.603,14.345,0.449,0.442,0.6580453676818998,0.259,0.2452296988851513,5759.628,11.801,0.003,,
Bhutan,2013.0,BTN,725282.0,3505529381.7089205,1.269,1.75,10.467,0.542,0.443,0.6212159102974211,0.283,0.25712031616416653,6086.961,13.07,0.004,,
Bhutan,2014.0,BTN,733151.0,3559020761.7630367,1.332,1.817,7.364,0.557,0.432,0.5800965068830255,0.343,0.26355028894569715,6002.027,14.402,0.004,,
Bhutan,2015.0,BTN,740623.0,3610075484.8288527,1.434,1.936,6.879,0.59,0.451,0.5478955472584099,0.393,0.27302194347285025,6218.035,15.836,0.004,,
Bhutan,2016.0,BTN,747878.0,3659961353.8613787,1.56,2.086,6.036,0.614,0.479,0.5330602070204873,0.467,0.2840680001258967,6783.458,17.396,0.004,,
Bhutan,2017.0,BTN,754343.0,3704287418.580611,1.649,2.186,5.742,0.689,0.517,0.5205707783226177,0.444,0.2912914610780336,7141.906,19.045,0.005,,
Bhutan,2018.0,BTN,759766.0,3742045667.8635015,1.682,2.214,6.607,0.627,0.564,0.5939935449227394,0.491,0.2904906439248721,8095.734,20.727,0.005,,
Bhutan,2019.0,BTN,764830.0,3776614499.902258,1.565,2.046,5.913,0.528,0.575,0.6721907353681965,0.462,0.27579307954014953,8204.153,22.292,0.004,,
Bhutan,2020.0,BTN,770013.0,3815066040.3989964,1.214,1.576,5.231,0.486,0.405,1.1945358128140438,0.323,0.22417656796005964,11798.361,23.506,0.003,,
Bhutan,2021.0,BTN,775450.0,3858331264.2527885,1.455,1.876,10.746,0.703,0.41,1.711644916627025,0.341,0.22586752645750624,18890.199,24.96,0.004,,
Bhutan,2022.0,BTN,780921.0,3896686920.7600956,1.55,1.984,9.444,0.758,0.478,1.774407457251725,0.314,0.2307796428026276,20151.467,26.51,0.004,,
Bhutan,2023.0,BTN,786386.0,3932681140.845828,1.63,2.072,7.962,0.841,0.475,1.6131040955680316,0.314,0.24276582966297036,18780.541,28.14,0.004,,
Bhutan,2024.0,BTN,791530.0,3960858304.690917,1.657,2.094,7.387,0.847,0.497,0.7883101968347718,0.314,0.26950065304621634,9600.741734533429,29.797,0.004,,
Bolivia,1950.0,BOL,3089975.0,8328510537.0,0.517,0.167,45.131,0.026,0.473,0.0,0.018,0.062,-421.74234573813465,5.145,0.009,Medio,Baja
Bolivia,1951.0,BOL,3137299.0,9061147377.0,0.462,0.147,47.864,0.033,0.41,0.0,0.018,0.051,-505.9726359875758,5.607,0.007,Medio,Baja
Bolivia,1952.0,BOL,3187538.0,9333290465.0,0.513,0.161,50.733,0.033,0.462,0.0,0.018,0.055,-443.63548267724343,6.12,0.008,Medio,Baja
Bolivia,1953.0,BOL,3240967.0,8449113242.0,0.538,0.166,53.747,0.015,0.506,0.0,0.018,0.064,-437.24806918848515,6.658,0.008,Medio,Baja
Bolivia,1954.0,BOL,3297841.0,8628765208.0,0.788,0.239,57.654,0.026,0.747,0.0,0.015,0.091,-133.8611917791585,7.446,0.012,Medio,Baja
Bolivia,1955.0,BOL,3358005.0,9081514797.0,0.931,0.277,61.142,0.011,0.89,0.011,0.018,0.102,20.985325523396796,8.376,0.012,Medio,Baja
Bolivia,1956.0,BOL,3421344.0,8543092689.0,1.106,0.323,64.524,0.026,1.055,0.011,0.015,0.13,188.35018314360786,9.483,0.014,Medio,Baja
Bolivia,1957.0,BOL,3487565.0,8263801969.0,1.004,0.288,66.74,0.015,0.964,0.015,0.011,0.121,33.27950396618553,10.486,0.012,Medio,Baja
Bolivia,1958.0,BOL,3556554.0,8458587183.0,0.916,0.258,68.833,0.004,0.887,0.011,0.014,0.108,-84.95113031694905,11.402,0.011,Medio,Baja
Bolivia,1959.0,BOL,3628189.0,8431187029.0,0.949,0.262,71.155,0.004,0.92,0.011,0.015,0.113,-75.43177198279795,12.351,0.011,Medio,Baja
Bolivia,1960.0,BOL,3702323.0,8791226875.0,1.004,0.271,62.696,0.007,0.967,0.011,0.018,0.114,-28.253709086746085,13.355,0.011,Medio,Baja
Bolivia,1961.0,BOL,3778735.0,8975157965.0,1.04,0.275,48.43,0.004,0.931,0.084,0.022,0.116,7.435287601905429,14.395,0.011,Medio,Baja
Bolivia,1962.0,BOL,3857495.0,9473567765.0,1.099,0.285,41.105,0.004,0.989,0.081,0.025,0.116,61.32626942360935,15.494,0.011,Medio,Baja
Bolivia,1963.0,BOL,3938914.0,10084080552.0,1.213,0.308,43.815,0.004,1.096,0.084,0.029,0.12,167.23298854897462,16.707,0.012,Medio,Baja
Bolivia,1964.0,BOL,4023009.0,10573263906.0,1.48,0.368,44.77,0.004,1.195,0.091,0.033,0.14,291.6011388370912,18.187,0.014,Medio,Baja
Bolivia,1965.0,BOL,4109800.0,11093693716.0,1.509,0.367,45.312,0.004,1.304,0.106,0.029,0.136,367.10309320272404,19.696,0.013,Medio,Baja
Bolivia,1966.0,BOL,4199555.0,11891659000.0,1.689,0.402,46.877,0.004,1.444,0.132,0.033,0.142,520.1059144621468,21.385,0.014,Medio,Baja
Bolivia,1967.0,BOL,4292574.0,12635159577.0,1.89,0.44,48.413,0.0,1.568,0.139,0.029,0.15,624.9249383900215,23.276,0.015,Medio,Media
Bolivia,1968.0,BOL,4388946.0,13716874161.0,2.176,0.496,55.735,0.004,1.729,0.128,0.036,0.159,774.8738722914643,25.452,0.017,Medio,Media
Bolivia,1969.0,BOL,4488231.0,14329906725.0,2.546,0.567,54.366,0.004,1.742,0.19,0.04,0.178,850.9252215815209,27.998,0.019,Medio,Media
Bolivia,1970.0,BOL,4590008.0,15077029456.0,2.484,0.541,67.608,0.004,1.81,0.062,0.058,0.165,747.4589682263847,30.481,0.017,Medio,Media
Bolivia,1971.0,BOL,4694351.0,15649305180.0,3.059,0.652,75.617,0.004,1.866,0.07,0.062,0.195,806.3216922304741,33.54,0.02,Medio,Media
Bolivia,1972.0,BOL,4800985.0,16446271197.0,3.568,0.743,71.582,0.0,2.048,0.099,0.073,0.217,972.3318852350417,37.109,0.022,Medio,Media
Bolivia,1973.0,BOL,4910200.0,17582470153.0,3.454,0.704,82.564,0.0,2.18,0.117,0.084,0.196,1046.1324697640694,40.563,0.02,Medio,Media
Bolivia,1974.0,BOL,5022480.0,18484709863.0,3.513,0.699,88.668,0.0,2.367,0.286,0.102,0.19,1315.0887498003885,44.076,0.021,Medio,Media
Bolivia,1975.0,BOL,5137540.0,19706406831.0,4.055,0.789,76.26,0.004,2.866,0.249,0.131,0.206,1699.438571308072,48.131,0.024,Medio,Media
Bolivia,1976.0,BOL,5256497.0,20908284529.0,4.575,0.87,86.708,0.0,3.156,0.304,0.109,0.219,1898.3108710336874,52.706,0.026,Medio,Media
Bolivia,1977.0,BOL,5379169.0,21786901153.0,4.476,0.832,74.629,0.0,3.312,0.337,0.13,0.205,2011.0573665389625,57.182,0.024,Medio,Media
Bolivia,1978.0,BOL,5504131.0,22525604320.0,5.021,0.912,85.328,0.0,3.305,0.645,0.126,0.223,2179.6067592272275,62.203,0.026,Medio,Media
Bolivia,1979.0,BOL,5630853.0,22517148505.0,4.731,0.84,74.138,0.004,3.377,0.678,0.122,0.21,2195.8383051625865,66.934,0.024,Medio,Media
Bolivia,1980.0,BOL,5758905.0,22309321191.0,4.661,0.809,83.39,0.004,3.474,0.666,0.143,0.209,3414.263,71.595,0.024,Medio,Media
Bolivia,1981.0,BOL,5888114.0,22513609931.0,4.784,0.812,71.123,0.004,3.565,0.674,0.182,0.212,3856.683,76.379,0.025,Medio,Media
Bolivia,1982.0,BOL,6018091.0,21530727246.0,4.341,0.721,67.456,0.004,3.211,0.666,0.156,0.202,3217.905,80.72,0.023,Medio,Media
Bolivia,1983.0,BOL,6149066.0,20568701184.0,4.282,0.696,81.28,0.004,3.166,0.605,0.16,0.208,3295.752,85.001,0.023,Medio,Media
Bolivia,1984.0,BOL,6281868.0,20775917261.0,4.033,0.642,64.724,1.1132206436294991,3.084,0.466,0.138,0.194,3094.568,89.034,0.021,Medio,Media
Bolivia,1985.0,BOL,6416193.0,20629834263.0,4.115,0.641,76.501,1.1413802434639795,3.125,0.421,0.183,0.199,2698.527,93.148,0.02,Medio,Media
Bolivia,1986.0,BOL,6552481.0,19972703422.0,3.768,0.575,65.579,1.0567303854184509,2.876,0.462,0.14,0.189,2694.337,96.916,0.018,Medio,Media
Bolivia,1987.0,BOL,6692168.0,20500709238.0,4.018,0.6,63.553,1.0191095010134683,2.939,0.605,0.189,0.196,2593.108,100.934,0.019,Medio,Media
Bolivia,1988.0,BOL,6835507.0,21274793515.0,4.294,0.628,66.578,1.2739509295010207,2.95,0.594,0.216,0.202,2932.002,105.228,0.02,Medio,Media
Bolivia,1989.0,BOL,6981771.0,21890043281.0,4.977,0.713,61.313,1.4994873230127674,3.056,0.865,0.24,0.227,3297.167,110.206,0.022,Medio,Media
Bolivia,1990.0,BOL,7130143.0,23021797458.0,10.018,1.405,77.564,5.28209134201577,3.265,1.436,0.264,0.435,3435.817,120.223,0.044,Medio,Alta
Bolivia,1991.0,BOL,7280294.0,24300991136.0,10.506,1.443,76.025,5.643710737895619,3.283,1.506,0.276,0.432,3266.781,130.729,0.045,Medio,Alta
Bolivia,1992.0,BOL,7430337.0,24762215565.0,11.025,1.484,110.584,5.748452347079988,3.408,1.821,0.304,0.445,3500.822,141.754,0.049,Medio,Alta
Bolivia,1993.0,BOL,7579196.0,25872205207.0,11.562,1.525,96.772,5.8340031197035875,3.697,1.88,0.335,0.447,3376.557,153.316,0.051,Medio,Alta
Bolivia,1994.0,BOL,7727320.0,27129137815.0,9.65,1.249,180.739,3.486586747411529,4.173,2.206,0.361,0.356,3746.756,162.965,0.042,Medio,Alta
Bolivia,1995.0,BOL,7874676.0,28456929800.0,9.029,1.147,135.83,1.6893665659870303,5.023,2.451,0.414,0.317,4280.904,171.994,0.038,Medio,Alta
Bolivia,1996.0,BOL,8021742.0,29770158709.0,10.027,1.25,140.441,1.5024574449324755,5.474,3.1,0.417,0.337,4064.319,182.021,0.041,Medio,Alta
Bolivia,1997.0,BOL,8167911.0,31321344983.0,11.733,1.436,148.248,2.116744031620371,5.787,3.74,0.483,0.375,4499.594,193.754,0.048,Medio,Alta
Bolivia,1998.0,BOL,8313400.0,32973947605.0,11.264,1.355,174.325,1.3786289528788869,6.595,3.199,0.536,0.342,4088.641,205.018,0.046,Medio,Alta
Bolivia,1999.0,BOL,8459810.0,33199090219.0,10.95,1.294,147.371,1.3788531205638437,6.037,3.449,0.55,0.33,4489.904,215.968,0.044,Medio,Alta
Bolivia,2000.0,BOL,8606330.0,34126236477.0,8.442,0.981,116.119,1.348117071554106,4.833,2.415,0.489,0.247,4613.099,224.411,0.033,Medio,Media
Bolivia,2001.0,BOL,8752740.0,34794954024.0,8.752,1.0,114.616,1.0404566182828772,5.21,2.605,0.446,0.252,3773.15,233.163,0.034,Medio,Media
Bolivia,2002.0,BOL,8900358.0,35770128530.0,10.415,1.17,126.874,1.025675464212327,5.067,4.382,0.456,0.291,4085.756,243.578,0.04,Medio,Media
Bolivia,2003.0,BOL,9050703.0,36849589696.0,10.983,1.214,239.582,1.3056116395802064,6.002,3.946,0.51,0.298,5615.732,254.561,0.04,Medio,Media
Bolivia,2004.0,BOL,9204297.0,38518211935.0,11.051,1.201,170.64,1.0274217697615171,6.199,3.891,0.568,0.287,5715.799,265.612,0.039,Medio,Media
Bolivia,2005.0,BOL,9360758.0,40366066215.0,12.337,1.318,142.932,0.7702398986177279,6.984,4.408,0.637,0.306,5535.625,277.949,0.042,Medio,Media
Bolivia,2006.0,BOL,9521685.0,42467223163.0,12.369,1.299,127.692,0.6870328587716559,6.797,4.646,0.728,0.291,5990.768,290.318,0.04,Medio,Media
Bolivia,2007.0,BOL,9685960.0,44577390720.0,12.74,1.315,122.738,0.5912605972631324,7.636,4.192,0.766,0.286,6331.773,303.058,0.04,Medio,Media
Bolivia,2008.0,BOL,9850859.0,47500614555.0,13.028,1.322,130.623,0.6416911866298403,7.548,4.459,0.865,0.274,6400.373,316.085,0.041,Medio,Media
Bolivia,2009.0,BOL,10016279.0,49290119749.0,13.633,1.361,128.916,0.6380811816566023,7.464,4.987,1.006,0.277,6203.996,329.719,0.043,Medio,Media
Bolivia,2010.0,BOL,10182345.0,51541502268.0,14.809,1.454,131.919,0.5506285891335079,7.944,5.676,1.043,0.287,6230.567,344.527,0.044,Medio,Media
Bolivia,2011.0,BOL,10348931.0,54437027542.0,16.051,1.551,127.57,0.004,8.398,6.372,1.145,0.295,6331.921,360.578,0.047,Medio,Media
Bolivia,2012.0,BOL,10515814.0,57225289193.0,17.575,1.671,127.762,0.0,9.702,6.654,1.099,0.307,7473.803,378.153,0.05,Medio,Media
Bolivia,2013.0,BOL,10682612.0,61114326124.0,17.778,1.664,129.91,0.004,9.695,6.786,1.208,0.291,7439.076,395.931,0.05,Medio,Media
Bolivia,2014.0,BOL,10848889.0,64451770571.0,19.9,1.834,115.929,0.011,10.869,7.597,1.329,0.309,7439.606,415.831,0.056,Medio,Media
Bolivia,2015.0,BOL,11014707.0,67582198248.0,19.9,1.807,107.861,0.015,10.765,7.639,1.381,0.294,7687.697,435.731,0.056,Medio,Media
Bolivia,2016.0,BOL,11180020.0,70463901130.0,21.25,1.901,101.131,0.015,11.223,8.519,1.434,0.302,7971.473,456.98,0.06,Medio,Media
Bolivia,2017.0,BOL,11344591.0,73419862854.0,22.182,1.955,131.516,0.022,12.044,8.629,1.438,0.302,8260.953,479.162,0.062,Medio,Media
Bolivia,2018.0,BOL,11508370.0,76521114837.0,22.509,1.956,145.075,0.018,12.241,8.702,1.496,0.294,8327.178,501.671,0.061,Medio,Media
Bolivia,2019.0,BOL,11671386.0,78217588630.0,22.609,1.937,127.225,0.022,12.861,8.119,1.553,0.289,8193.27,524.28,0.061,Medio,Media
Bolivia,2020.0,BOL,11816301.0,71382934039.0,18.32,1.55,124.737,0.007,10.336,6.61,1.277,0.257,6695.948,542.6,0.052,Medio,Media
Bolivia,2021.0,BOL,11937369.0,75741579784.0,21.767,1.823,136.508,0.022,12.729,7.519,1.436,0.287,7936.341,564.367,0.059,Medio,Media
Bolivia,2022.0,BOL,12077156.0,78165311428.0,23.488,1.945,144.386,0.022,13.76,8.081,1.548,0.3,8554.576,587.855,0.063,Medio,Media
Bolivia,2023.0,BOL,12244161.0,81917649450.74332,24.621,2.011,152.311,0.024,13.975,8.961,1.583,0.25504762029327427,8598.646,612.476,0.065,,
Bolivia,2024.0,BOL,12413318.0,83070771721.52885,28.709,2.313,160.017,0.025,14.533,12.413,1.616,0.27223205588123073,11310.880855170482,641.184,0.074,,
Bonaire Sint Eustatius and Saba,1950.0,BES,7023.0,-1326345131.0400977,0.114,16.283,-26.725075310991514,0.0,0.114,0.0,0.0,1.2846483716261292,71539.64311967143,0.114,0.002,,
Bonaire Sint Eustatius and Saba,1951.0,BES,7052.0,-1289612839.893783,0.18,25.576,-48.72411019652113,0.0,0.18,0.0,0.0,1.934456916861905,113208.17839094067,0.295,0.003,,
Bonaire Sint Eustatius and Saba,1952.0,BES,7141.0,-1332224027.2448142,0.104,14.583,-22.722181328680804,0.0,0.104,0.0,0.0,1.1657791220623865,63918.23083270015,0.399,0.002,,
Bonaire Sint Eustatius and Saba,1953.0,BES,7249.0,-1323457549.782996,0.121,16.626,-27.500472977087178,0.0,0.121,0.0,0.0,1.3086015881772686,73077.63781593229,0.519,0.002,,
Bonaire Sint Eustatius and Saba,1954.0,BES,7460.0,-1258904934.4908974,0.244,32.68,-65.4833838884783,0.0,0.244,0.0,0.0,2.4311816347580537,145063.21007064148,0.763,0.004,,
Bonaire Sint Eustatius and Saba,1955.0,BES,7628.0,-1282309808.4598105,0.202,26.436,-50.62895932650342,0.0,0.202,0.0,0.0,1.9945181631744677,117064.33960929295,0.965,0.003,,
Bonaire Sint Eustatius and Saba,1956.0,BES,7638.0,-1251933080.2843366,0.261,34.146,-68.6995807983823,0.0,0.261,0.0,0.0,2.533529870625043,151630.50595059918,1.226,0.003,,
Bonaire Sint Eustatius and Saba,1957.0,BES,7653.0,-1294564424.4644222,0.178,23.276,-43.04821395072438,0.0,0.178,0.0,0.0,1.773466989707479,102891.87230937542,1.404,0.002,,
Bonaire Sint Eustatius and Saba,1958.0,BES,7699.0,-1306079407.0202,0.156,20.267,-35.99150554820657,0.0,0.156,0.0,0.0,1.5630926686692526,89401.76417169986,1.56,0.002,,
Bonaire Sint Eustatius and Saba,1959.0,BES,7761.0,-1283592150.875933,0.201,25.88,-49.13146363201974,0.0,0.201,0.0,0.0,1.9554963569438726,114566.51548272638,1.761,0.002,,
Bonaire Sint Eustatius and Saba,1960.0,BES,7853.0,-1298245403.7098813,0.173,21.993,-40.0119127367347,0.0,0.173,0.0,0.0,1.6837369136777964,97140.10921708691,1.933,0.002,,
Bonaire Sint Eustatius and Saba,1961.0,BES,7983.0,-1295056526.8838234,0.18,22.579,-41.36801865746086,0.0,0.18,0.0,0.0,1.7246922266280569,99767.42423538712,2.114,0.002,,
Bonaire Sint Eustatius and Saba,1962.0,BES,8122.0,-1287065524.3582442,0.198,24.371,-45.536751918731674,0.0,0.198,0.0,0.0,1.8499566541074113,107801.61324304133,2.312,0.002,,
Bonaire Sint Eustatius and Saba,1963.0,BES,8286.0,-1291798111.1783817,0.19,22.883,-42.02618206337694,0.0,0.19,0.0,0.0,1.7459118996401857,101130.62962124086,2.501,0.002,,
Bonaire Sint Eustatius and Saba,1964.0,BES,8472.0,-1294942210.9895036,0.184,21.761,-39.37928598781108,0.0,0.184,0.0,0.0,1.6674570885279953,96100.50888584646,2.686,0.002,,
Bonaire Sint Eustatius and Saba,1965.0,BES,8677.0,-1304159901.4001641,0.165,19.062,-32.8629076754214,0.0,0.165,0.0,0.0,1.4786434734788836,83994.7657899925,2.851,0.001,,
Bonaire Sint Eustatius and Saba,1966.0,BES,8893.0,-1309254046.4282944,0.155,17.392,-28.929865518021707,0.0,0.155,0.0,0.0,1.3618776486644264,76507.80204371878,3.006,0.001,,
Bonaire Sint Eustatius and Saba,1967.0,BES,9129.0,-1293971365.0893087,0.191,20.87,-37.190722845850466,0.0,0.191,0.0,0.0,1.605112746245301,92106.36291729541,3.196,0.002,,
Bonaire Sint Eustatius and Saba,1968.0,BES,9368.0,-1300048650.871977,0.177,18.911,-32.4135493373181,0.0,0.177,0.0,0.0,1.4680352416974662,83318.23714534014,3.373,0.001,,
Bonaire Sint Eustatius and Saba,1969.0,BES,9625.0,-1277940132.9826396,0.232,24.089,-44.61252812027278,0.0,0.232,0.0,0.0,1.8301049929699682,106538.50264439716,3.605,0.002,,
Bonaire Sint Eustatius and Saba,1970.0,BES,9885.0,-1267737633.6651177,0.259,26.234,-49.56057222670332,0.0,0.259,0.0,0.0,1.9800311214880226,116155.43415967996,3.864,0.002,,
Bonaire Sint Eustatius and Saba,1971.0,BES,10148.0,-1281651117.3608637,0.226,22.24,-40.04177528985128,0.0,0.226,0.0,0.0,1.7006886480460786,98243.78815949491,4.09,0.001,,
Bonaire Sint Eustatius and Saba,1972.0,BES,10377.0,-1284616458.969343,0.219,21.089,-37.333271459393636,0.0,0.219,0.0,0.0,1.6202069176972151,93083.64951586637,4.309,0.001,,
Bonaire Sint Eustatius and Saba,1973.0,BES,10558.0,-1275899132.6357524,0.243,22.993,-41.72546813919169,0.0,0.243,0.0,0.0,1.753287491942152,101620.08224381144,4.552,0.001,,
Bonaire Sint Eustatius and Saba,1974.0,BES,10715.0,-1284488560.2608256,0.22,20.536,-36.00300522184408,0.0,0.22,0.0,0.0,1.5815146595942484,90604.6650989007,4.772,0.001,,
Bonaire Sint Eustatius and Saba,1975.0,BES,10878.0,-1306520807.7605178,0.159,14.649,-22.332428258227154,0.0,0.159,0.0,0.0,1.1699737516159519,64211.35332055802,4.931,0.001,,
Bonaire Sint Eustatius and Saba,1976.0,BES,11057.0,-1241866387.6873503,0.34,30.785,-59.88723513298348,0.0,0.34,0.0,0.0,2.2980355644096186,136560.24025887577,5.272,0.002,,
Bonaire Sint Eustatius and Saba,1977.0,BES,11242.0,-1299458337.288114,0.178,15.815,-24.99378354117681,0.0,0.178,0.0,0.0,1.2514466778375513,69439.23809929556,5.449,0.001,,
Bonaire Sint Eustatius and Saba,1978.0,BES,11437.0,-1308257067.0631132,0.151,13.239,-19.015091645441622,0.0,0.151,0.0,0.0,1.0713645157194203,57890.226782342565,5.601,0.001,,
Bonaire Sint Eustatius and Saba,1979.0,BES,11621.0,-1305317798.4474356,0.159,13.668,-19.98589544263639,0.0,0.159,0.0,0.0,1.1013393888351015,59813.70269444751,5.76,0.001,,
Bonaire Sint Eustatius and Saba,1980.0,BES,11804.0,-1303364179.246061,0.163,13.848,-20.389375418908763,0.0,0.163,0.0,0.0,1.113910963017093,60620.80290653507,5.923,0.001,,
Bonaire Sint Eustatius and Saba,1981.0,BES,11962.0,-1305558979.530889,0.156,13.016,-18.446431153132377,0.0,0.156,0.0,0.0,1.055739466061194,56890.75953274712,6.079,0.001,,
Bonaire Sint Eustatius and Saba,1982.0,BES,12078.0,-1299277297.421353,0.174,14.413,-21.66605251496513,0.0,0.174,0.0,0.0,1.1533823601193665,63154.10402793554,6.253,0.001,,
Bonaire Sint Eustatius and Saba,1983.0,BES,12177.0,-1326383853.0635102,0.089,7.347,-5.16607306780935,0.0,0.089,0.0,0.0,0.6593429955407659,31469.222207172057,6.342,0.0,,
Bonaire Sint Eustatius and Saba,1984.0,BES,12284.0,-1283038516.5591724,0.223,18.187,-30.359021712105964,0.0,0.223,0.0,0.0,1.4171703236438278,80074.50028339295,6.566,0.001,,
Bonaire Sint Eustatius and Saba,1985.0,BES,12391.0,-1270846600.0466366,0.261,21.103,-37.075053817058105,0.0,0.261,0.0,0.0,1.6209862013467027,93148.13832949325,6.827,0.001,,
Bonaire Sint Eustatius and Saba,1986.0,BES,12494.0,-1337335088.906649,0.05,4.012,2.5383400268789114,0.0,0.05,0.0,0.0,0.42619675956489184,16517.418444654177,6.877,0.0,,
Bonaire Sint Eustatius and Saba,1987.0,BES,12601.0,-1338473903.3740544,0.045,3.537,3.640580468836669,0.0,0.045,0.0,0.0,0.3929900967174055,14387.85140997217,6.922,0.0,,
Bonaire Sint Eustatius and Saba,1988.0,BES,12714.0,-1338034837.4069023,0.044,3.453,3.8343701736182716,0.0,0.044,0.0,0.0,0.38711672452816026,14011.265454583996,6.966,0.0,,
Bonaire Sint Eustatius and Saba,1989.0,BES,12830.0,-1325215935.749451,0.084,6.513,-3.209550130749374,0.0,0.084,0.0,0.0,0.6010051367782316,27730.45012556491,7.049,0.0,,
Bonaire Sint Eustatius and Saba,1990.0,BES,12958.0,-1322799547.727419,0.089,6.906,-4.116087047140564,0.0,0.089,0.0,0.0,0.6284723900117756,29492.450046446513,7.139,0.0,,
Bonaire Sint Eustatius and Saba,1991.0,BES,13070.0,-1327705641.3656323,0.071,5.464,-0.7912791191767194,0.0,0.071,0.0,0.0,0.527672977935743,23027.453086496746,7.21,0.0,,
Bonaire Sint Eustatius and Saba,1992.0,BES,13186.0,-1330854849.4847686,0.059,4.462,1.5228993785144027,0.0,0.059,0.0,0.0,0.4576291316993039,18535.145632201133,7.269,0.0,,
Bonaire Sint Eustatius and Saba,1993.0,BES,13297.0,-1320790265.3947635,0.091,6.83,-3.920375246579077,0.0,0.091,0.0,0.0,0.623144457897794,29151.851905001637,7.36,0.0,,
Bonaire Sint Eustatius and Saba,1994.0,BES,13407.0,-1321358233.6349702,0.087,6.495,-3.147353027432514,0.0,0.087,0.0,0.0,0.5997239413272855,27649.957294822496,7.447,0.0,,
Bonaire Sint Eustatius and Saba,1995.0,BES,13531.0,-1321013236.4325123,0.086,6.368,-2.850857262847372,0.0,0.086,0.0,0.0,0.5908418599613762,27080.611747025487,7.533,0.0,,
Bonaire Sint Eustatius and Saba,1996.0,BES,13670.0,-1321922363.034557,0.081,5.896,-1.7562549820507005,0.0,0.081,0.0,0.0,0.5578435669246069,24964.50706691104,7.614,0.0,,
Bonaire Sint Eustatius and Saba,1997.0,BES,13812.0,-1320126142.28447,0.084,6.107,-2.2408473868763767,0.0,0.084,0.0,0.0,0.5725885316558049,25910.53650560956,7.698,0.0,,
Bonaire Sint Eustatius and Saba,1998.0,BES,13959.0,-1341819719.5574226,0.005,0.334,11.019790426738329,0.0,0.005,0.0,0.0,0.1690688067237453,27.89555445848964,7.703,0.0,,
Bonaire Sint Eustatius and Saba,1999.0,BES,14101.0,-1332440506.2602894,0.035,2.474,6.109744163866406,0.0,0.035,0.0,0.0,0.3186471335795462,9622.389845124397,7.738,0.0,,
Bonaire Sint Eustatius and Saba,2000.0,BES,14256.0,-1315582199.783798,0.093,6.494,-3.1018883162906707,0.0,0.093,0.0,0.0,0.5996255270373778,27645.732802664465,7.83,0.0,,
Bonaire Sint Eustatius and Saba,2001.0,BES,14526.0,-1313759839.5222447,0.094,6.49,-3.085154427911485,0.0,0.094,0.0,0.0,0.5993400499345959,27627.85497895541,7.924,0.0,,
Bonaire Sint Eustatius and Saba,2002.0,BES,15033.0,-1312053887.875828,0.091,6.046,-2.041466643009363,0.0,0.091,0.0,0.0,0.5682952964812182,25637.323067842008,8.015,0.0,,
Bonaire Sint Eustatius and Saba,2003.0,BES,15666.0,-1308692242.263282,0.091,5.805,-1.4619677754821616,0.0,0.091,0.0,0.0,0.5514394864447068,24556.925720386236,8.106,0.0,,
Bonaire Sint Eustatius and Saba,2004.0,BES,16330.0,-1304022792.5282373,0.095,5.843,-1.5218965330467764,0.0,0.095,0.0,0.0,0.5540845692264583,24727.401332831818,8.202,0.0,,
Bonaire Sint Eustatius and Saba,2005.0,BES,17002.0,-1300552905.5907328,0.095,5.562,-0.8462388315273142,0.0,0.095,0.0,0.0,0.5344314929844354,23467.68017280507,8.296,0.0,,
Bonaire Sint Eustatius and Saba,2006.0,BES,17701.0,-1295770995.0948117,0.099,5.568,-0.8292377518973382,0.0,0.099,0.0,0.0,0.5348387449754131,23494.696974405157,8.395,0.0,,
Bonaire Sint Eustatius and Saba,2007.0,BES,18408.0,-1289149864.2869546,0.111,6.028,-1.8414678241769504,0.0,0.111,0.0,0.0,0.5669748499296224,25557.21463260216,8.506,0.0,,
Bonaire Sint Eustatius and Saba,2008.0,BES,19118.0,-1286066008.8761127,0.107,5.583,-0.8026780846447821,0.0,0.107,0.0,0.0,0.5358622525873407,23562.18717710507,8.613,0.0,,
Bonaire Sint Eustatius and Saba,2009.0,BES,19847.0,-1281421885.0161028,0.109,5.502,-0.5921184064436851,0.0,0.109,0.0,0.0,0.5301899683920175,23199.136503762853,8.722,0.0,,
Bonaire Sint Eustatius and Saba,2010.0,BES,20583.0,-1283672648.8100505,0.075,3.655,3.5844370902347666,0.0,0.075,0.0,0.0,0.4011078012435579,14918.16602147923,8.797,0.0,,
Bonaire Sint Eustatius and Saba,2011.0,BES,21650.0,-1273354819.255852,0.096,4.432,1.8812188558353835,0.0,0.096,0.0,0.0,0.4553916656995691,18402.008340037242,8.893,0.0,,
Bonaire Sint Eustatius and Saba,2012.0,BES,22847.0,-1260313304.1190312,0.117,5.132,-22.30894502851715,-8.265719278287731,0.117,8.838423811649236,0.0,0.4848463767970097,23705.926075735526,9.01,0.0,,
Bonaire Sint Eustatius and Saba,2013.0,BES,23835.0,-1255027005.4257493,0.114,4.765,-21.257903184739533,-8.227360241151434,0.114,8.806863427145908,0.0,0.459067141400847,22062.362319070067,9.124,0.0,,
Bonaire Sint Eustatius and Saba,2014.0,BES,24491.0,-1250475113.682843,0.117,4.787,-21.300584167826507,-8.230039353905937,0.117,8.80901175670952,0.0,0.46060323971129546,22160.901996262364,9.241,0.0,,
Bonaire Sint Eustatius and Saba,2015.0,BES,24638.0,-1247834982.7512212,0.128,5.205,-22.44346529647622,-8.274645728005991,0.128,8.845571375847829,0.0,0.4899416198746342,24032.892216319207,9.369,0.0,,
Bonaire Sint Eustatius and Saba,2016.0,BES,24567.0,-1247674871.3189087,0.132,5.369,-22.89601651018944,-8.292198375893442,0.132,8.859974385829272,0.0,0.5014494828726055,24767.38681065678,9.501,0.0,,
Bonaire Sint Eustatius and Saba,2017.0,BES,24821.0,-1245004426.6306477,0.139,5.609,-23.547940559211163,-8.317937307177026,0.139,8.881060451233669,0.0,0.5182908161039288,25842.22880828337,9.64,0.0,,
Bonaire Sint Eustatius and Saba,2018.0,BES,25184.0,-1243988164.156133,0.132,5.238,-22.516482469565794,-8.27883441986402,0.132,8.848975386522042,0.0,0.4922367789287966,24180.78384725781,9.772,0.0,,
Bonaire Sint Eustatius and Saba,2019.0,BES,25652.0,-1240057100.2718682,0.139,5.428,-23.021744019193797,-8.299368611851591,0.139,8.86576861521635,0.0,0.5055658601874311,25031.699431624296,9.912,0.0,,
Bonaire Sint Eustatius and Saba,2020.0,BES,26476.0,-1236196937.9261603,0.132,4.982,-21.76986027783434,-8.2524622288728,0.132,8.827243432360703,0.0,0.47424384243679923,23034.3615342555,10.043,0.0,,
Bonaire Sint Eustatius and Saba,2021.0,BES,27347.0,-1229840305.4755938,0.139,5.091,-22.037343666981286,-8.264565578787447,0.139,8.837081351538146,0.0,0.4818832599059367,23522.514799843913,10.183,0.0,,
Bonaire Sint Eustatius and Saba,2022.0,BES,28654.0,-1220849141.777719,0.147,5.115,-22.048075010200016,-8.267907705973716,0.147,8.839673952556971,0.0,0.48354976591429755,23629.98931617457,10.329,0.0,,
Bonaire Sint Eustatius and Saba,2023.0,BES,29920.0,-1213117499.6466575,0.146,4.889,-21.394211593628157,-8.244458344410257,0.146,8.820356172603244,0.0,0.4676714334723539,22617.885401015337,10.475,0.0,,
Bonaire Sint Eustatius and Saba,2024.0,BES,30699.0,-1207587088.400665,0.152,4.947,-21.520459930135637,-8.251170976491311,0.152,8.825774538609927,0.0,0.47172932059735356,22877.646715013314,10.627,0.0,,
Bosnia and Herzegovina,1950.0,BIH,2690407.0,16879526753.971886,2.719,1.011,9.978,2.622,0.081,0.004,0.014,0.22465276515903448,3251.3458332136097,42.126,0.046,,
Bosnia and Herzegovina,1951.0,BIH,2730245.0,17150424878.250607,2.574,0.943,9.079,2.48,0.078,0.003,0.013,0.21942775087982175,2919.5447856720793,44.7,0.04,,
Bosnia and Herzegovina,1952.0,BIH,2774688.0,5286154000.0,2.585,0.932,9.474,2.51,0.057,0.003,0.015,0.489,2302.000554592707,47.285,0.04,Bajo,Alta
Bosnia and Herzegovina,1953.0,BIH,2829229.0,5376714000.0,2.567,0.907,8.789,2.451,0.096,0.006,0.015,0.477,2213.019832605535,49.852,0.039,Bajo,Alta
Bosnia and Herzegovina,1954.0,BIH,2890205.0,5385852000.0,3.063,1.06,9.147,2.938,0.103,0.007,0.016,0.569,2739.817167122338,52.916,0.045,Bajo,Alta
Bosnia and Herzegovina,1955.0,BIH,2952172.0,6736110000.0,3.509,1.189,8.837,3.377,0.106,0.008,0.018,0.521,3436.130689891639,56.425,0.047,Medio,Alta
Bosnia and Herzegovina,1956.0,BIH,3015555.0,5844300000.0,4.013,1.331,8.899,3.866,0.121,0.009,0.017,0.687,3742.1305314563806,60.438,0.051,Bajo,Alta
Bosnia and Herzegovina,1957.0,BIH,3079942.0,6810264000.0,4.358,1.415,8.626,4.183,0.143,0.01,0.022,0.64,4234.982953837906,64.797,0.053,Bajo,Alta
Bosnia and Herzegovina,1958.0,BIH,3145429.0,7139784000.0,4.293,1.365,7.186,4.109,0.151,0.011,0.022,0.601,4082.94254110612,69.09,0.051,Medio,Alta
Bosnia and Herzegovina,1959.0,BIH,3212369.0,8494395000.0,4.926,1.533,5.776,4.706,0.182,0.012,0.025,0.58,4914.215877957982,74.016,0.056,Medio,Alta
Bosnia and Herzegovina,1960.0,BIH,3281387.0,9302040000.0,5.382,1.64,6.125,5.12,0.221,0.013,0.027,0.579,5404.669913791858,79.398,0.057,Medio,Alta
Bosnia and Herzegovina,1961.0,BIH,3348038.0,9649575000.0,5.646,1.686,6.439,5.379,0.225,0.016,0.027,0.585,5615.833551124425,85.043,0.06,Medio,Alta
Bosnia and Herzegovina,1962.0,BIH,3407536.0,9604932000.0,5.793,1.7,6.54,5.495,0.253,0.016,0.029,0.603,5634.687699065708,90.837,0.059,Medio,Alta
Bosnia and Herzegovina,1963.0,BIH,3461941.0,10788426000.0,6.445,1.862,7.159,6.093,0.299,0.02,0.033,0.597,6400.4657669777625,97.282,0.063,Medio,Alta
Bosnia and Herzegovina,1964.0,BIH,3513443.0,11950705000.0,7.302,2.078,7.9,6.872,0.367,0.028,0.035,0.611,7366.770032318775,104.584,0.067,Medio,Alta
Bosnia and Herzegovina,1965.0,BIH,3562844.0,12466517000.0,7.514,2.109,8.089,6.949,0.486,0.042,0.037,0.603,7525.514436292771,112.097,0.066,Medio,Alta
Bosnia and Herzegovina,1966.0,BIH,3610570.0,13491210000.0,7.445,2.062,8.064,6.774,0.586,0.046,0.04,0.552,7413.468363275373,119.543,0.063,Medio,Alta
Bosnia and Herzegovina,1967.0,BIH,3656227.0,13350540000.0,7.52,2.057,8.073,6.601,0.821,0.056,0.043,0.563,7371.37284798532,127.063,0.061,Medio,Alta
Bosnia and Herzegovina,1968.0,BIH,3698804.0,13960323000.0,8.044,2.175,8.61,6.892,1.028,0.073,0.051,0.576,7892.641410211942,135.107,0.062,Medio,Alta
Bosnia and Herzegovina,1969.0,BIH,3737769.0,15160308000.0,8.34,2.231,8.597,7.023,1.169,0.094,0.055,0.55,8205.570861660806,143.447,0.061,Medio,Alta
Bosnia and Herzegovina,1970.0,BIH,3773248.0,15741453000.0,10.898,2.888,11.427,9.125,1.584,0.128,0.061,0.692,10941.21276247263,154.345,0.073,Medio,Alta
Bosnia and Herzegovina,1971.0,BIH,3809388.0,16886890000.0,11.746,3.083,12.589,9.953,1.58,0.145,0.067,0.696,11824.293420027461,166.091,0.076,Medio,Alta
Bosnia and Herzegovina,1972.0,BIH,3848278.0,17800359000.0,11.008,2.86,11.603,9.326,1.423,0.181,0.078,0.618,10945.742274423794,177.099,0.068,Medio,Alta
Bosnia and Herzegovina,1973.0,BIH,3887374.0,18589472000.0,13.15,3.383,14.087,10.29,2.551,0.214,0.094,0.707,13218.760917101163,190.248,0.077,Medio,Alta
Bosnia and Herzegovina,1974.0,BIH,3926471.0,20064600000.0,13.206,3.363,14.255,10.424,2.455,0.231,0.097,0.658,13236.573376383842,203.455,0.078,Medio,Alta
Bosnia and Herzegovina,1975.0,BIH,3965749.0,20883060000.0,13.78,3.475,15.241,11.032,2.419,0.229,0.1,0.66,13745.968893753245,217.235,0.081,Medio,Alta
Bosnia and Herzegovina,1976.0,BIH,4004560.0,21245844000.0,14.222,3.551,15.504,11.21,2.655,0.247,0.109,0.669,14077.399405825847,231.457,0.08,Medio,Alta
Bosnia and Herzegovina,1977.0,BIH,4042136.0,23073642000.0,13.83,3.421,15.692,10.721,2.716,0.277,0.116,0.599,13625.388986802698,245.287,0.075,Medio,Alta
Bosnia and Herzegovina,1978.0,BIH,4078246.0,24714895000.0,15.453,3.789,17.254,11.526,3.475,0.321,0.13,0.625,15299.351572776697,260.739,0.081,Medio,Alta
Bosnia and Herzegovina,1979.0,BIH,4113302.0,26658056000.0,16.806,4.086,19.582,12.302,3.976,0.391,0.137,0.63,16682.36062960237,277.546,0.086,Medio,Alta
Bosnia and Herzegovina,1980.0,BIH,4148427.0,26958096000.0,16.524,3.983,19.09,11.994,3.862,0.498,0.141,0.613,16238.843756958668,294.069,0.085,Medio,Alta
Bosnia and Herzegovina,1981.0,BIH,4184220.0,27965895275.0,17.983,4.298,20.984,14.605,2.722,0.499,0.13,0.643,17568.588035917925,312.052,0.095,Medio,Alta
Bosnia and Herzegovina,1982.0,BIH,4221104.0,28545391931.0,16.519,3.913,20.11,12.983,2.818,0.557,0.133,0.579,15958.639555783851,328.571,0.088,Medio,Alta
Bosnia and Herzegovina,1983.0,BIH,4258736.0,28495872913.0,17.788,4.177,21.983,14.33,2.743,0.564,0.126,0.624,17070.662125680214,346.359,0.094,Medio,Alta
Bosnia and Herzegovina,1984.0,BIH,4295538.0,29023906214.0,18.759,4.367,23.127,15.368,2.602,0.648,0.119,0.646,17885.354328219986,365.118,0.096,Medio,Alta
Bosnia and Herzegovina,1985.0,BIH,4330362.0,29393065490.0,19.135,4.419,24.032,15.739,2.598,0.66,0.114,0.651,18098.74671534954,384.254,0.095,Medio,Alta
Bosnia and Herzegovina,1986.0,BIH,4362114.0,30438102624.0,19.983,4.581,24.755,16.249,2.895,0.698,0.115,0.657,18845.61864417536,404.237,0.098,Medio,Alta
Bosnia and Herzegovina,1987.0,BIH,4390248.0,29878195971.0,19.508,4.444,24.469,15.84,2.736,0.789,0.113,0.653,18210.541026759496,423.745,0.092,Medio,Alta
Bosnia and Herzegovina,1988.0,BIH,4414409.0,29138453478.0,20.13,4.56,25.057,16.191,2.99,0.805,0.111,0.691,18662.492684745735,443.875,0.092,Medio,Alta
Bosnia and Herzegovina,1989.0,BIH,4433985.0,29517137447.0,20.068,4.526,24.999,16.252,2.83,0.846,0.106,0.68,18519.460671286968,463.942,0.09,Medio,Alta
Bosnia and Herzegovina,1990.0,BIH,4448658.0,26068545854.0,19.872,4.467,23.772,15.937,3.02,0.783,0.098,0.762,18071.268697368712,483.814,0.087,Medio,Alta
Bosnia and Herzegovina,1991.0,BIH,4458350.0,22759463465.0,14.06,3.154,15.115,10.404,2.79,0.743,0.101,0.618,12382.924827828663,497.874,0.061,Medio,Alta
Bosnia and Herzegovina,1992.0,BIH,4234620.0,16213891161.0,15.029,3.549,14.954,12.586,1.594,0.788,0.061,0.927,8677.138,512.903,0.067,Medio,Alta
Bosnia and Herzegovina,1993.0,BIH,3904484.0,11077007356.0,12.581,3.222,12.092,10.908,1.345,0.267,0.061,1.136,6852.752,525.484,0.055,Medio,Alta
Bosnia and Herzegovina,1994.0,BIH,3725412.0,11242944737.0,3.205,0.86,1.044,1.175,1.61,0.322,0.098,0.285,7033.086,528.689,0.014,Medio,Media
Bosnia and Herzegovina,1995.0,BIH,3715565.0,11770817203.0,3.406,0.917,1.731,1.378,1.656,0.282,0.09,0.289,12820.879,532.094,0.014,Medio,Media
Bosnia and Herzegovina,1996.0,BIH,3875246.0,17934743605.0,4.24,1.094,2.019,1.999,1.709,0.473,0.059,0.236,6143.073,536.334,0.017,Medio,Media
Bosnia and Herzegovina,1997.0,BIH,4018228.0,21766878558.0,8.366,2.082,10.564,6.243,1.762,0.282,0.078,0.384,9844.338,544.7,0.034,Medio,Alta
Bosnia and Herzegovina,1998.0,BIH,4089357.0,24470419886.0,10.551,2.58,11.391,7.958,2.154,0.322,0.116,0.431,11882.883,555.25,0.043,Medio,Alta
Bosnia and Herzegovina,1999.0,BIH,4130312.0,26775071100.0,10.333,2.502,12.47,7.757,2.132,0.33,0.114,0.386,11489.427,565.583,0.042,Medio,Alta
Bosnia and Herzegovina,2000.0,BIH,4159785.0,27629709487.0,13.702,3.294,14.966,9.706,3.301,0.458,0.237,0.496,13112.501,579.286,0.054,Medio,Alta
Bosnia and Herzegovina,2001.0,BIH,4179446.0,27937499205.0,13.263,3.173,13.986,9.453,3.246,0.3,0.263,0.475,12905.365,592.548,0.052,Medio,Alta
Bosnia and Herzegovina,2002.0,BIH,4188006.0,28997438498.0,14.173,3.384,16.985,10.453,3.1,0.282,0.337,0.489,12973.768,606.721,0.054,Medio,Alta
Bosnia and Herzegovina,2003.0,BIH,4178523.0,29748999379.0,14.358,3.436,17.142,10.812,2.851,0.37,0.325,0.483,11420.435,621.079,0.052,Medio,Alta
Bosnia and Herzegovina,2004.0,BIH,4140990.0,31229543774.0,15.462,3.734,17.814,11.091,3.404,0.583,0.385,0.495,11305.199,636.541,0.054,Medio,Alta
Bosnia and Herzegovina,2005.0,BIH,4096493.0,32159580501.0,16.046,3.917,18.575,11.85,3.136,0.692,0.368,0.499,10346.191,652.588,0.054,Medio,Alta
Bosnia and Herzegovina,2006.0,BIH,4063269.0,33580206309.0,17.387,4.279,19.976,12.895,3.315,0.729,0.448,0.518,10823.57,669.974,0.057,Alto,Alta
Bosnia and Herzegovina,2007.0,BIH,4013420.0,35158268243.0,17.474,4.354,21.083,12.688,3.543,0.769,0.473,0.497,11227.055,687.449,0.055,Alto,Alta
Bosnia and Herzegovina,2008.0,BIH,3947545.0,36676627730.0,19.955,5.055,23.414,14.573,4.099,0.762,0.521,0.544,12752.937,707.404,0.062,Alto,Alta
Bosnia and Herzegovina,2009.0,BIH,3879798.0,35937393954.0,20.537,5.293,24.732,15.319,4.397,0.436,0.385,0.571,15458.73,727.941,0.065,Alto,Alta
Bosnia and Herzegovina,2010.0,BIH,3811480.0,35774435069.0,21.146,5.548,24.933,15.87,4.458,0.458,0.36,0.591,16196.391,749.087,0.063,Alto,Alta
Bosnia and Herzegovina,2011.0,BIH,3741799.0,35664062419.0,23.765,6.351,27.99,18.488,4.419,0.52,0.337,0.666,17665.49,772.851,0.069,Alto,Alta
Bosnia and Herzegovina,2012.0,BIH,3670109.0,35371051813.0,22.138,6.032,27.007,17.235,4.107,0.48,0.315,0.626,17613.062,794.989,0.063,Alto,Alta
Bosnia and Herzegovina,2013.0,BIH,3610857.0,36202157063.0,21.801,6.038,26.23,17.086,4.004,0.374,0.337,0.602,16714.635,816.79,0.062,Alto,Alta
Bosnia and Herzegovina,2014.0,BIH,3564831.0,36619951250.0,19.312,5.417,25.571,14.55,4.093,0.348,0.321,0.527,16940.182,836.102,0.054,Alto,Alta
Bosnia and Herzegovina,2015.0,BIH,3518541.0,38199900995.0,18.46,5.247,25.801,13.491,4.254,0.407,0.309,0.483,17474.537,854.563,0.052,Alto,Alta
Bosnia and Herzegovina,2016.0,BIH,3472997.0,39438504839.0,21.734,6.258,30.061,16.155,4.836,0.421,0.322,0.551,18144.992,876.297,0.061,Alto,Alta
Bosnia and Herzegovina,2017.0,BIH,3428684.0,40717914490.0,22.153,6.461,29.107,16.455,4.891,0.458,0.348,0.544,19206.406,898.449,0.062,Alto,Alta
Bosnia and Herzegovina,2018.0,BIH,3386999.0,42277004927.0,22.079,6.519,29.802,16.604,4.639,0.454,0.381,0.522,18484.439,920.528,0.06,Alto,Alta
Bosnia and Herzegovina,2019.0,BIH,3345532.0,43497123759.0,20.81,6.22,28.978,15.334,4.683,0.429,0.365,0.478,17670.797,941.338,0.056,Alto,Alta
Bosnia and Herzegovina,2020.0,BIH,3299352.0,42185625323.0,20.832,6.314,28.885,15.722,4.287,0.392,0.431,0.494,17237.43,962.17,0.059,Alto,Alta
Bosnia and Herzegovina,2021.0,BIH,3244912.0,45303796505.0,21.268,6.554,28.094,15.564,4.812,0.473,0.42,0.469,20087.381,983.438,0.058,Alto,Alta
Bosnia and Herzegovina,2022.0,BIH,3204802.0,47069138435.0,20.743,6.472,28.014,15.192,4.708,0.461,0.382,0.441,28264.172,1004.181,0.055,Alto,Alta
Bosnia and Herzegovina,2023.0,BIH,3185072.0,20269260647.118267,19.881,6.242,27.088,14.389,4.647,0.462,0.382,0.5401942773326448,26735.992,1024.062,0.052,,
Bosnia and Herzegovina,2024.0,BIH,3164256.0,20126946516.510773,19.426,6.139,26.472,13.869,4.724,0.451,0.382,0.532611938801282,26386.93244632966,1043.488,0.05,,
Botswana,1950.0,BWA,413708.0,210471954.0,90.99959348232208,4.640142386857813,9.14,60.1223533844926,14.88371863426093,10.870569672519736,4.473622231029507,0.37431102064661204,21264.690782014488,2366.6730471098385,0.2697209123139476,Bajo,
Botswana,1951.0,BWA,423568.0,216851043.0,90.99677429289456,4.639637076228175,9.043,60.125786563514794,14.87778894250949,10.870544992615066,4.473112078328894,0.3743045791646644,21262.402406286707,2366.684091049056,0.2697691773730918,Bajo,
Botswana,1952.0,BWA,433719.0,222923239.0,90.99245106315922,4.638941981331693,8.891,60.13084330182629,14.868773255210236,10.870532665734729,4.472573593454376,0.3742950711957776,21259.201791554446,2366.707143440222,0.26982172413796573,Bajo,
Botswana,1953.0,BWA,443979.0,230017408.0,90.98593276586914,4.637980523267594,8.66,60.13816384801774,14.855335755777752,10.870542295675946,4.472020024258951,0.3742816796654175,21254.714064315787,2366.7482897348414,0.2698788521722991,Bajo,
Botswana,1954.0,BWA,454051.0,236867447.0,90.97815633971769,4.636868327289393,8.383,60.146806292282875,14.839338683146842,10.870564927168793,4.471466038480207,0.3742658666673443,21249.494878808768,2366.800047356403,0.2699376384671016,Bajo,
Botswana,1955.0,BWA,463935.0,243921903.0,90.97130933609753,4.6358736078043155,8.14,60.15444398296211,14.825249674554598,10.870579995331319,4.470930093664512,0.37425195617171036,21244.840221355433,2366.8443966110794,0.26999373983819575,Bajo,
Botswana,1956.0,BWA,473785.0,251189812.0,90.96055542651987,4.63440379318423,7.755,60.166179201434666,14.80322913756735,10.870633373025811,4.4703694218342545,0.37423067222778394,21237.888107327362,2366.921079906741,0.27005726588937984,Bajo,
Botswana,1957.0,BWA,483798.0,258203620.0,90.95423143823139,4.633470334505195,7.531,60.17327926080787,14.790195230709848,10.870642531604496,4.469830017552402,0.3742177045618585,21233.531763321876,2366.9609363868954,0.2701129296487576,Bajo,
Botswana,1958.0,BWA,494112.0,264952043.0,90.94991956946974,4.632775811067175,7.38,60.178300800163214,14.781225169821873,10.870630007750819,4.469287118745035,0.37420839090726254,21230.335735925884,2366.9837527191953,0.2701660596628479,Bajo,
Botswana,1959.0,BWA,504883.0,273395712.0,90.94347897948806,4.631818771315065,7.153,60.185508472238226,14.76798144651567,10.87063757070193,4.468715145619447,0.3741954321503053,21225.876068047615,2367.0237302081728,0.27022507137650265,Bajo,
Botswana,1960.0,BWA,516174.0,280135984.0,90.94276667380419,4.631545099575865,7.133,60.186822474233736,14.766280820356755,10.870584194485623,4.468145356885527,0.37419266903167137,21224.7305559133,2367.0155376169364,0.27027553834426926,Bajo,
Botswana,1961.0,BWA,527952.0,290136370.0,91.00696155916819,4.6391879743227795,9.478,60.11968695660713,14.896661821622068,10.869904049461454,4.468033552778463,0.3743146973994328,21261.85775547732,2366.470983773705,0.2702010966338387,Bajo,
Botswana,1962.0,BWA,540189.0,298428634.0,90.99964496275578,4.6380965181143905,9.219,60.127945527768944,14.881557956361618,10.869910876732547,4.46737551855834,0.3742995426356347,21256.772656705547,2366.5162605329165,0.2702683707278819,Bajo,
Botswana,1963.0,BWA,552977.0,308051066.0,90.99471465376153,4.637290191934173,9.048,60.13366585584243,14.871338431717383,10.869893022118923,4.46671329535806,0.3742892067454834,21253.07327015128,2366.541247565728,0.270333210912137,Bajo,
Botswana,1964.0,BWA,566282.0,320099466.0,90.98859995377958,4.636337770895627,8.836,60.1405437593214,14.858795172571824,10.869886734540884,4.466030131451964,0.3742772519076103,21248.673086929495,2366.575594942226,0.2704022294245952,Bajo,
Botswana,1965.0,BWA,574670.0,329317185.0,90.97417293498239,4.634453417458947,8.319,60.15591870755995,14.829467400913288,10.869987283187704,4.465534175362405,0.3742500808225349,21239.690514656435,2366.684734160843,0.27046605625416226,Bajo,
Botswana,1966.0,BWA,577876.0,361974812.0,90.96811988818487,4.633762243423526,8.127,60.16078269665742,14.818479667663127,10.870070336913436,4.465524811353218,0.3742483751560663,21236.360625427227,2366.7339672524645,0.2704863120828781,Bajo,
Botswana,1967.0,BWA,580938.0,397995990.0,90.97325275314113,4.634448709567544,8.345,60.153679624674,14.830392407564425,10.870050565488981,4.465624332718688,0.37426918290362526,21239.683641360734,2366.6913589744013,0.27048352747380283,Bajo,
Botswana,1968.0,BWA,583974.0,438875904.0,90.97467049691875,4.634698428087871,8.432,60.15022102915056,14.83497315052825,10.87007348155091,4.465729411255948,0.3742845284335759,21240.888796073694,2366.6799795321363,0.27048700193274894,Bajo,
Botswana,1969.0,BWA,587078.0,482089801.0,90.98081384648799,4.635530732992863,8.693,60.14166792938293,14.849263359665251,10.87005340127184,4.46587932788489,0.37430964756859736,21244.90834282953,2366.6297281873526,0.270481153786355,Bajo,
Botswana,1970.0,BWA,590338.0,529687114.0,91.06008106450295,4.645291319320106,11.619,60.05592934378553,15.012407069719977,10.86933058291769,4.466570813338484,0.37447571938705204,21292.084478335953,2365.9758059953806,0.270332709554861,Bajo,
Botswana,1971.0,BWA,600488.0,667407080.0,90.94444733482227,4.631450942317873,7.53,60.17099914115184,14.78304589330913,10.870573616975449,4.466069006423437,0.37429766326739405,21225.17166062527,2366.9320347788803,0.27057873253432985,Bajo,
Botswana,1972.0,BWA,622416.0,842936728.0,0.022,0.035,8.231,0.022,9.153989991737632,-8.32856731729164,0.0,0.026,-856.3274679059214,0.022,0.0,Bajo,Baja
Botswana,1973.0,BWA,652420.0,1021847746.0,0.051,0.079,8.645,0.051,9.14548879008727,-8.359832915401858,0.0,0.05,-732.8440583171941,0.073,0.0,Bajo,Baja
Botswana,1974.0,BWA,685455.0,1112449434.0,0.088,0.128,8.126,0.088,9.099160069476579,-8.36205752363368,0.0,0.079,-593.8445386500498,0.161,0.001,Bajo,Baja
Botswana,1975.0,BWA,720389.0,1206259797.0,0.187,0.259,9.39,0.187,9.07667861177298,-8.464724983979142,0.0,0.155,-241.91386285529734,0.348,0.001,Bajo,Media
Botswana,1976.0,BWA,758514.0,1335032691.0,0.594,0.783,9.505,0.594,8.78393022099986,-8.645288925676935,0.0,0.445,1246.72149955461,0.942,0.003,Bajo,Alta
Botswana,1977.0,BWA,799587.0,1476200579.0,0.78,0.976,10.756,0.78,8.760451455035728,-8.754907293070705,0.0,0.529,1866.3168152600701,1.722,0.004,Bajo,Alta
Botswana,1978.0,BWA,849246.0,1648605253.0,0.832,0.979,10.825,0.832,8.77787139286615,-8.7297388391261,0.0,0.505,1960.2836867388028,2.554,0.004,Bajo,Alta
Botswana,1979.0,BWA,901754.0,1883922745.0,0.942,1.044,12.883,0.942,8.891448617789038,-8.827916197314956,0.0,0.5,2274.8612110549507,3.495,0.005,Bajo,Alta
Botswana,1980.0,BWA,937493.0,2114317678.0,1.403,1.497,11.87,0.986,0.418,0.0,0.0,0.664,4610.632,4.899,0.007,Medio,Alta
Botswana,1981.0,BWA,970003.0,2362259234.0,1.408,1.451,11.073,1.008,0.4,0.0,0.0,0.596,4671.701,6.307,0.007,Medio,Alta
Botswana,1982.0,BWA,1009273.0,2562518642.0,1.399,1.386,11.973,1.099,0.3,0.0,0.0,0.546,4189.353,7.706,0.007,Medio,Alta
Botswana,1983.0,BWA,1046148.0,2867984498.0,1.33,1.271,11.639,1.03,0.3,0.0,0.0,0.464,4051.099,9.035,0.007,Medio,Alta
Botswana,1984.0,BWA,1083665.0,3259569091.0,1.344,1.24,9.798,1.044,0.3,0.0,0.0,0.412,3906.469,10.38,0.007,Medio,Alta
Botswana,1985.0,BWA,1121954.0,3564063346.0,1.658,1.478,9.95,1.158,0.5,0.0,0.0,0.465,4928.077,12.037,0.008,Medio,Alta
Botswana,1986.0,BWA,1160655.0,3829274528.0,1.566,1.349,9.63,1.066,0.5,0.0,0.0,0.409,5065.451,13.604,0.008,Medio,Alta
Botswana,1987.0,BWA,1199180.0,4148395078.0,1.838,1.533,11.985,1.238,0.6,0.0,0.0,0.443,5167.503,15.442,0.009,Medio,Alta
Botswana,1988.0,BWA,1235488.0,4660648876.0,2.001,1.619,10.613,1.301,0.7,0.0,0.0,0.429,5805.19,17.443,0.009,Medio,Alta
Botswana,1989.0,BWA,1270279.0,6213534958.0,2.229,1.755,11.774,1.429,0.8,0.0,0.0,0.359,6378.684,19.672,0.01,Medio,Alta
Botswana,1990.0,BWA,1305699.0,6660711722.0,2.7,2.068,14.169,1.748,0.953,0.0,1.0798094342481928,0.405,6855.631,22.372,0.012,Medio,Alta
Botswana,1991.0,BWA,1341767.0,7315023272.0,2.634,1.963,12.925,1.718,0.916,0.0,1.1439629499460453,0.36,6982.897,25.006,0.011,Medio,Alta
Botswana,1992.0,BWA,1380038.0,7702501132.0,2.777,2.012,16.858,1.943,0.834,0.0,1.2223237565931504,0.361,8235.484,27.784,0.012,Medio,Alta
Botswana,1993.0,BWA,1420120.0,8026901258.0,3.195,2.25,17.357,1.924,1.271,0.0,1.0873868249714396,0.398,7765.477,30.979,0.014,Medio,Alta
Botswana,1994.0,BWA,1460030.0,8505234702.0,3.03,2.075,15.451,1.953,1.077,0.0,1.1465809778715659,0.356,7518.793,34.009,0.013,Medio,Alta
Botswana,1995.0,BWA,1498842.0,9306926237.0,3.045,2.031,15.667,1.975,1.07,0.0,1.1663918777537923,0.327,7412.382,37.054,0.013,Medio,Alta
Botswana,1996.0,BWA,1535917.0,10069439768.0,2.755,1.794,14.543,1.587,1.169,0.0,1.2145010452748783,0.274,6853.327,39.809,0.011,Medio,Media
Botswana,1997.0,BWA,1571700.0,11122733889.0,2.799,1.781,13.648,1.7,1.099,0.0,1.2374661443301984,0.252,6902.57,42.608,0.011,Medio,Media
Botswana,1998.0,BWA,1606906.0,11452605950.0,3.342,2.08,15.113,2.023,1.319,0.0,1.1505056880910187,0.292,7237.88,45.95,0.014,Medio,Media
Botswana,1999.0,BWA,1642006.0,12841571074.0,3.158,1.923,18.518,1.594,1.565,0.0,1.1693041280610585,0.246,6701.352,49.108,0.013,Medio,Media
Botswana,2000.0,BWA,1677384.0,13391002424.0,3.778,2.252,15.518,2.052,1.726,0.0,1.1905414027083367,0.282,8543.656,52.886,0.015,Alto,Media
Botswana,2001.0,BWA,1712264.0,13725120137.0,3.847,2.247,18.93,2.004,1.843,0.0,1.2047804270715174,0.28,8774.433,56.733,0.015,Alto,Media
Botswana,2002.0,BWA,1744765.0,14885467195.0,3.975,2.278,17.603,2.088,1.887,0.0,1.2152868184542083,0.267,8939.827,60.708,0.015,Alto,Media
Botswana,2003.0,BWA,1775744.0,15922248755.0,3.825,2.154,10.328,1.803,2.023,0.0,1.2595946075327449,0.24,8960.578,64.534,0.014,Alto,Media
Botswana,2004.0,BWA,1807153.0,16720998899.0,3.895,2.155,9.934,1.982,1.913,0.0,1.2586369384013507,0.233,8820.595,68.429,0.014,Alto,Media
Botswana,2005.0,BWA,1839881.0,17874650435.0,4.096,2.226,11.237,2.142,1.955,0.0,1.266396950848952,0.229,9163.713,72.525,0.014,Alto,Media
Botswana,2006.0,BWA,1874526.0,19804034564.0,4.133,2.205,13.949,2.09,2.043,0.0,1.3116077264250605,0.209,9568.378,76.658,0.014,Alto,Media
Botswana,2007.0,BWA,1911200.0,21924081026.0,4.228,2.212,15.813,1.935,2.294,0.0,1.3191827410710748,0.193,9655.335,80.886,0.013,Alto,Media
Botswana,2008.0,BWA,1949973.0,23814412331.0,4.503,2.309,25.351,1.953,2.55,0.0,1.3021732742229273,0.189,9837.472,85.389,0.014,Alto,Media
Botswana,2009.0,BWA,1990671.0,22485468865.0,3.855,1.937,13.294,1.577,2.182,0.0,0.096,0.171,9056.343,89.245,0.012,Alto,Media
Botswana,2010.0,BWA,2033110.0,24958864035.0,4.537,2.232,28.061,1.991,2.446,0.0,0.1,0.182,9157.634,93.782,0.014,Alto,Media
Botswana,2011.0,BWA,2073538.0,27061119164.0,4.029,1.943,30.76,1.43,2.593,0.0,0.006,0.149,9418.284,97.811,0.012,Alto,Baja
Botswana,2012.0,BWA,2108617.0,27014847416.0,5.077,2.408,18.382,2.327,2.744,0.0,0.006,0.188,9152.468,102.887,0.015,Alto,Media
Botswana,2013.0,BWA,2140687.0,30014304729.0,5.663,2.645,21.05,2.774,2.884,0.0,0.006,0.189,8948.596,108.55,0.016,Alto,Media
Botswana,2014.0,BWA,2172053.0,31724220202.0,6.85,3.154,15.645,3.844,3.001,0.0,0.006,0.216,8857.137,115.401,0.019,Alto,Media
Botswana,2015.0,BWA,2203276.0,30185273524.0,5.418,2.459,13.025,2.898,2.51,0.004,0.006,0.179,10640.027,120.818,0.015,Alto,Media
Botswana,2016.0,BWA,2234784.0,32359220755.0,6.341,2.837,12.54,3.57,2.765,0.0,0.006,0.196,11547.974,127.159,0.018,Alto,Media
Botswana,2017.0,BWA,2266749.0,33690154993.0,7.066,3.117,16.953,4.252,2.809,0.0,0.006,0.21,10434.404,134.225,0.02,Alto,Media
Botswana,2018.0,BWA,2299149.0,35101769105.0,7.643,3.324,15.224,4.624,3.019,0.0,0.0,0.218,10197.871,141.869,0.021,Alto,Media
Botswana,2019.0,BWA,2332082.0,36166405883.0,7.486,3.21,12.989,3.86,3.625,0.0,0.0,0.207,9783.121,149.354,0.02,Alto,Media
Botswana,2020.0,BWA,2365895.0,33010529929.0,6.192,2.617,14.49,2.929,3.263,0.0,0.0,0.188,9292.531,155.547,0.018,Alto,Media
Botswana,2021.0,BWA,2401448.0,36918974292.0,6.683,2.783,23.811,3.29,3.393,0.0,0.0,0.181,9660.034,162.23,0.018,Alto,Media
Botswana,2022.0,BWA,2439895.0,39293967463.0,7.396,3.031,21.384,4.353,3.039,0.0,0.004,0.188,12002.065,169.625,0.02,Alto,Media
Botswana,2023.0,BWA,2480242.0,15454821278.533474,7.249,2.923,21.499,4.174,3.07,0.0,0.004,0.3482168424477772,9508.218,176.874,0.019,,
Botswana,2024.0,BWA,2521145.0,15735196931.998491,7.462,2.96,26.201,4.361,3.096,0.0,0.004,0.3451048526260011,11880.864444941903,184.336,0.019,,
Brazil,1950.0,BRA,53408551.0,119498713953.0,19.659,0.368,716.436,6.383,12.579,0.004,0.687,0.165,2767.2366247470327,315.519,0.331,Bajo,Media
Brazil,1951.0,BRA,55018849.0,125334815718.0,21.659,0.394,783.852,6.276,14.645,0.004,0.72,0.173,2943.395180660898,337.178,0.339,Medio,Media
Brazil,1952.0,BRA,56694872.0,134544281777.0,24.934,0.44,832.109,6.008,18.108,0.004,0.799,0.185,3481.2738599837994,362.113,0.386,Medio,Media
Brazil,1953.0,BRA,58433756.0,140888047523.0,25.218,0.432,862.059,5.62,18.537,0.007,1.003,0.179,3465.3215534458886,387.331,0.379,Medio,Media
Brazil,1954.0,BRA,60235125.0,151832712656.0,29.676,0.493,896.183,5.752,22.549,0.015,1.236,0.195,4105.014296049004,417.007,0.437,Medio,Media
Brazil,1955.0,BRA,62101393.0,165244237890.0,34.024,0.548,932.602,5.862,26.656,0.015,1.37,0.206,4558.001123930843,451.03,0.457,Medio,Media
Brazil,1956.0,BRA,64033997.0,170024683125.0,36.608,0.572,969.485,5.071,29.737,0.018,1.617,0.215,4799.386142990383,487.639,0.462,Medio,Media
Brazil,1957.0,BRA,66031498.0,183084423046.0,35.977,0.545,1008.302,5.028,29.061,0.033,1.679,0.197,4589.7734872614465,523.616,0.44,Medio,Media
Brazil,1958.0,BRA,68092148.0,202937298867.0,39.054,0.574,1056.456,3.95,32.855,0.066,1.872,0.192,4909.441944432531,562.67,0.464,Medio,Media
Brazil,1959.0,BRA,70214470.0,222726630328.0,39.017,0.556,1108.498,4.107,32.474,0.092,1.897,0.175,4610.2891372270315,601.687,0.441,Medio,Media
Brazil,1960.0,BRA,72388124.0,243618972875.0,46.852,0.647,1190.701,4.965,39.018,0.114,2.21,0.192,5368.6437154124615,648.539,0.499,Medio,Media
Brazil,1961.0,BRA,74605442.0,264690940898.0,49.135,0.659,1248.988,4.679,41.472,0.114,2.32,0.186,5631.2097034178405,697.674,0.522,Medio,Media
Brazil,1962.0,BRA,76865322.0,282182178609.0,53.611,0.697,1291.067,5.668,44.826,0.11,2.487,0.19,6047.686257400092,751.285,0.55,Medio,Media
Brazil,1963.0,BRA,79164237.0,283741047460.0,55.519,0.701,1324.279,5.419,46.91,0.165,2.531,0.196,6128.458541576213,806.804,0.541,Medio,Media
Brazil,1964.0,BRA,81488598.0,293385651687.0,56.621,0.695,1337.409,6.17,46.999,0.161,2.734,0.193,6010.728456487295,863.425,0.523,Medio,Media
Brazil,1965.0,BRA,83817586.0,300547041906.0,56.273,0.671,1339.636,6.944,45.766,0.194,2.72,0.187,3267.448,919.698,0.498,Medio,Media
Brazil,1966.0,BRA,86139356.0,320583718312.0,64.154,0.745,1354.039,8.365,51.857,0.245,2.914,0.2,3468.567,983.852,0.541,Medio,Media
Brazil,1967.0,BRA,88446119.0,334149068085.0,66.022,0.746,1366.897,8.123,53.725,0.256,3.074,0.198,3500.2,1049.874,0.54,Medio,Media
Brazil,1968.0,BRA,90741243.0,366804798046.0,77.21,0.851,1387.439,8.533,63.978,0.231,3.48,0.21,3895.539,1127.084,0.598,Medio,Media
Brazil,1969.0,BRA,93045768.0,401601726554.0,84.072,0.904,1404.317,9.416,69.422,0.234,3.724,0.209,4146.475,1211.156,0.611,Medio,Media
Brazil,1970.0,BRA,95375656.0,443496716015.0,93.467,0.98,1401.215,8.904,78.255,0.154,4.267,0.211,4887.167,1304.623,0.627,Medio,Media
Brazil,1971.0,BRA,97739280.0,493683360000.0,102.314,1.047,1411.194,8.984,87.053,0.249,4.646,0.207,5176.854,1406.937,0.66,Medio,Media
Brazil,1972.0,BRA,100146794.0,552789520000.0,113.992,1.138,1436.452,9.373,97.726,0.275,5.395,0.206,5817.811,1520.929,0.703,Medio,Media
Brazil,1973.0,BRA,102600970.0,629980118000.0,132.029,1.287,1469.63,9.01,115.365,0.377,6.35,0.21,6703.924,1652.958,0.773,Medio,Media
Brazil,1974.0,BRA,105089675.0,681263712000.0,142.981,1.361,1525.418,9.541,124.836,0.692,7.072,0.21,7254.19,1795.939,0.841,Medio,Media
Brazil,1975.0,BRA,107619567.0,716641578000.0,150.287,1.396,1583.52,11.062,129.706,0.78,7.933,0.21,7457.292,1946.226,0.885,Medio,Media
Brazil,1976.0,BRA,110213353.0,790037637000.0,154.562,1.402,1637.224,11.52,132.208,0.916,9.075,0.196,7965.411,2100.788,0.865,Medio,Media
Brazil,1977.0,BRA,112875287.0,828975504000.0,162.314,1.438,1677.652,15.055,135.293,1.132,10.012,0.196,8330.01,2263.101,0.884,Medio,Media
Brazil,1978.0,BRA,115600943.0,870261975000.0,177.061,1.532,1725.847,17.708,145.469,1.484,11.382,0.203,8972.107,2440.162,0.931,Medio,Media
Brazil,1979.0,BRA,118380819.0,929101336000.0,187.728,1.586,1766.409,18.463,154.526,1.63,11.954,0.202,9475.116,2627.89,0.962,Medio,Media
Brazil,1980.0,BRA,121207451.0,1014791980000.0,186.127,1.536,1805.811,19.987,150.21,1.883,12.739,0.183,9554.172,2814.017,0.959,Alto,Media
Brazil,1981.0,BRA,124063113.0,971272328000.0,171.262,1.38,1813.243,19.723,135.528,1.685,12.578,0.176,9034.091,2985.279,0.907,Medio,Media
Brazil,1982.0,BRA,126923156.0,978935436000.0,171.439,1.351,1842.956,21.552,133.194,2.382,12.183,0.175,9301.312,3156.718,0.915,Medio,Media
Brazil,1983.0,BRA,129790081.0,950507880000.0,165.851,1.278,1848.509,23.926,125.74,3.378,9.754,0.174,9202.626,3322.57,0.877,Medio,Media
Brazil,1984.0,BRA,132658861.0,1001891162000.0,167.524,1.263,1859.422,28.997,122.062,4.17,8.694,0.167,9625.038,3490.094,0.861,Medio,Media
Brazil,1985.0,BRA,135515593.0,1080097284000.0,180.065,1.329,2126.996,34.871,127.517,4.994,9.235,0.167,10099.972,3670.159,0.894,Alto,Media
Brazil,1986.0,BRA,138336371.0,1160963076000.0,197.183,1.425,2177.23,35.123,142.376,5.987,11.067,0.17,10427.861,3867.342,0.965,Alto,Media
Brazil,1987.0,BRA,141104946.0,1201712854000.0,205.912,1.459,2132.35,40.234,145.541,6.639,11.243,0.171,10499.386,4073.254,0.976,Alto,Media
Brazil,1988.0,BRA,143826357.0,1200534790000.0,207.64,1.444,2081.372,39.776,147.652,6.841,11.07,0.173,10742.801,4280.894,0.947,Alto,Media
Brazil,1989.0,BRA,146502975.0,1238775447000.0,212.016,1.447,2043.831,39.93,151.58,7.306,11.086,0.171,10795.25,4492.91,0.955,Alto,Media
Brazil,1990.0,BRA,149143223.0,1185475140000.0,218.658,1.466,2105.299,37.095,151.775,7.484,11.062,0.184,10479.675,4711.567,0.962,Alto,Media
Brazil,1991.0,BRA,151724253.0,1213090136106.0,229.394,1.512,2189.194,42.466,156.7,7.336,11.776,0.189,10703.902,4940.961,0.989,Alto,Media
Brazil,1992.0,BRA,154275077.0,1221828516629.0,233.601,1.514,2267.928,41.203,163.252,7.983,9.77,0.191,10708.817,5174.562,1.037,Alto,Media
Brazil,1993.0,BRA,156794574.0,1298220757545.0,244.306,1.558,2282.487,42.343,171.252,8.73,10.164,0.188,11035.176,5418.868,1.074,Alto,Media
Brazil,1994.0,BRA,159265011.0,1391783970549.0,254.002,1.595,2672.895,43.664,179.165,8.985,10.086,0.183,11345.266,5672.87,1.106,Alto,Media
Brazil,1995.0,BRA,161735079.0,1468835128486.0,268.678,1.661,2645.838,45.582,190.347,9.603,11.528,0.183,11828.174,5941.547,1.142,Alto,Media
Brazil,1996.0,BRA,164202549.0,1520364859776.0,289.311,1.762,2586.919,46.471,206.279,10.608,13.884,0.19,12366.625,6230.858,1.194,Alto,Media
Brazil,1997.0,BRA,166661662.0,1591956040321.0,306.949,1.842,2696.838,47.047,219.83,11.863,15.267,0.193,12895.613,6537.807,1.259,Alto,Media
Brazil,1998.0,BRA,169159651.0,1617675773756.0,317.359,1.876,2929.596,45.591,229.578,12.411,16.175,0.196,13238.571,6855.167,1.306,Alto,Media
Brazil,1999.0,BRA,171641544.0,1645887982219.0,327.256,1.907,2965.704,46.805,235.468,14.069,16.439,0.199,13225.068,7182.422,1.318,Alto,Media
Brazil,2000.0,BRA,174018278.0,1739728033832.0,340.183,1.955,2823.803,50.457,239.491,18.443,16.047,0.196,13586.246,7522.605,1.333,Alto,Media
Brazil,2001.0,BRA,176301201.0,1785513006345.0,346.166,1.963,2783.375,49.43,241.792,23.185,15.227,0.194,13068.835,7868.771,1.347,Alto,Media
Brazil,2002.0,BRA,178503485.0,1861742323845.0,347.765,1.948,2981.136,48.689,239.219,29.293,14.39,0.187,13173.609,8216.536,1.324,Alto,Media
Brazil,2003.0,BRA,180622688.0,1904932706436.0,344.645,1.908,3846.776,51.933,232.434,30.919,13.096,0.181,13211.707,8561.181,1.246,Alto,Media
Brazil,2004.0,BRA,182675144.0,2038447931287.0,361.434,1.979,3313.758,53.833,239.768,38.215,13.273,0.177,13703.958,8922.615,1.263,Alto,Media
Brazil,2005.0,BRA,184688101.0,2129214530430.0,364.371,1.973,3057.048,50.952,240.218,39.619,14.349,0.171,13910.277,9286.985,1.231,Alto,Media
Brazil,2006.0,BRA,186653099.0,2240805319046.0,368.871,1.976,2819.171,50.835,242.251,42.053,15.44,0.165,14152.363,9655.856,1.206,Alto,Media
Brazil,2007.0,BRA,188552311.0,2405626901513.0,390.573,2.071,2745.828,54.989,256.003,43.246,17.2,0.162,14905.908,10046.431,1.24,Alto,Media
Brazil,2008.0,BRA,190367297.0,2559842659987.0,412.638,2.168,2616.45,55.315,267.239,51.303,18.884,0.161,15424.676,10459.067,1.287,Alto,Media
Brazil,2009.0,BRA,192079958.0,2589568436235.0,389.775,2.029,2432.428,43.586,262.705,40.959,19.031,0.151,15230.74,10848.843,1.237,Alto,Media
Brazil,2010.0,BRA,193701931.0,2820492538862.0,440.269,2.273,2422.236,56.688,286.08,55.049,21.288,0.156,16462.07,11289.112,1.321,Alto,Media
Brazil,2011.0,BRA,195284736.0,2968455007203.0,461.911,2.365,2379.088,62.292,303.885,53.101,22.176,0.156,16981.988,11751.023,1.34,Alto,Media
Brazil,2012.0,BRA,196876113.0,3025484250011.0,497.468,2.527,2503.241,61.016,327.734,63.397,24.157,0.164,17312.078,12248.492,1.423,Alto,Media
Brazil,2013.0,BRA,198478290.0,3116394665745.0,531.569,2.678,2568.796,65.604,342.338,74.704,25.803,0.171,17638.982,12780.061,1.507,Alto,Media
Brazil,2014.0,BRA,200085126.0,3132099937531.0,556.526,2.781,2628.207,69.037,356.751,81.285,25.533,0.178,17870.57,13336.586,1.569,Alto,Media
Brazil,2015.0,BRA,201675534.0,3021043246476.0,528.174,2.619,2617.904,69.455,330.356,80.464,23.903,0.175,17530.328,13864.759,1.492,Alto,Media
Brazil,2016.0,BRA,203218108.0,2922076150345.0,491.745,2.42,2512.195,63.828,312.942,69.666,21.412,0.168,16983.99,14356.505,1.389,Alto,Media
Brazil,2017.0,BRA,204703440.0,2960731613785.0,497.255,2.429,2431.265,67.318,315.045,70.688,20.306,0.168,16988.619,14853.759,1.382,Alto,Media
Brazil,2018.0,BRA,206107265.0,3013541086239.0,476.601,2.312,2423.189,65.837,298.889,67.418,20.559,0.158,16915.357,15330.359,1.297,Alto,Media
Brazil,2019.0,BRA,207455459.0,3050327159562.0,476.724,2.298,2468.734,61.885,302.98,67.122,20.841,0.156,17194.145,15807.083,1.285,Alto,Media
Brazil,2020.0,BRA,208660845.0,2950377451264.0,447.999,2.147,2571.217,55.949,285.284,59.027,23.843,0.152,16401.875,16255.082,1.274,Alto,Media
Brazil,2021.0,BRA,209550291.0,3097565215045.0,496.562,2.37,2774.466,67.936,303.465,75.975,25.288,0.16,17089.926,16751.645,1.347,Alto,Media
Brazil,2022.0,BRA,210306411.0,3187412907763.0,480.058,2.283,2875.004,56.112,315.339,60.086,24.625,0.151,17744.193,17231.701,1.279,Alto,Media
Brazil,2023.0,BRA,211140731.0,1435842414271.9653,483.992,2.292,2817.818,54.906,323.29,56.12,25.779,-0.42494001127564424,18252.027,17715.695,1.271,,
Brazil,2024.0,BRA,211998565.0,1441682727312.8596,483.012,2.278,2804.431,50.954,323.865,58.914,25.381,-0.4489485140774783,18486.229,18198.707,1.251,,
British Virgin Islands,1950.0,VGB,7397.0,-1363430960.5284462,84.87515652672029,4.736768666832145,0.011,54.1653127165461,14.227565937496436,10.485631830455205,5.4451232479254,0.39334038484324596,21883.30873843675,2049.8313820983544,0.2337850472642695,,
British Virgin Islands,1951.0,VGB,7410.0,-1363342470.589947,84.87515653675267,4.7367684142893935,0.011,54.16531343965503,14.227565074107872,10.48563202939767,5.44512274842578,0.39334039900278694,21883.307563264276,2049.8315060445407,0.23378510597049967,,
British Virgin Islands,1952.0,VGB,7398.0,-1363424153.6101,84.87515652749202,4.736768647405779,0.011,54.16531277216989,14.227565871081936,10.485631845758434,5.445123209502354,0.3933403859324416,21883.308648038877,2049.8313916326756,0.23378505178013348,,
British Virgin Islands,1953.0,VGB,7410.0,-1363342470.589947,84.87515653675267,4.7367684142893935,0.011,54.16531343965503,14.227565074107872,10.48563202939767,5.44512274842578,0.39334039900278694,21883.307563264276,2049.8315060445407,0.23378510597049967,,
British Virgin Islands,1954.0,VGB,7469.0,-1362940862.4075272,84.87515658228423,4.736767268133829,0.011,54.1653167214572,14.227561155652026,10.485632932290486,5.445120481465933,0.39334046326531863,21883.302229789242,2049.8320685695376,0.2337853724064678,,
British Virgin Islands,1955.0,VGB,7516.0,-1362620950.9939377,84.8751291408279,4.736763004391354,0.01,54.16534825527134,14.2275021711243,10.485633917477564,5.445118479332001,0.3933404620181069,21883.28178372607,2049.832743621992,0.23378563820298104,,
British Virgin Islands,1956.0,VGB,7557.0,-1362341867.3417478,84.87512917246846,4.7367622079103695,0.01,54.16535053584568,14.227499448129592,10.485634544911541,5.445116903987019,0.39334050667512044,21883.278077412873,2049.8331345291904,0.23378582335339956,,
British Virgin Islands,1957.0,VGB,7615.0,-1361947066.0776742,84.87512921722829,4.7367610811811725,0.01,54.16535376202407,14.22749559608826,10.48563543250112,5.44511467545019,0.39334056984845706,21883.272834335705,2049.8336875198643,0.23378608527350364,,
British Virgin Islands,1958.0,VGB,7702.0,-1361354864.1815634,84.87512928436809,4.736759391087372,0.01,54.16535860129159,14.227489818026278,10.485636763885502,5.445111332644997,0.3933406646084609,21883.264969719912,2049.8345170058788,0.23378647815365972,,
British Virgin Islands,1959.0,VGB,7832.0,-1360469964.7965705,84.87512938469186,4.73675686565986,0.01,54.16536583238097,14.22748118414058,10.485638753310461,5.445106337648687,0.39334080620386963,21883.253217995192,2049.835756467734,0.23378706521596185,,
British Virgin Islands,1960.0,VGB,7974.0,-1359503382.3914247,84.87512949427634,4.736754107115959,0.01,54.16537373095555,14.227471753280803,10.485640926374629,5.445100881575817,0.3933409608696235,21883.240381495863,2049.837110341456,0.2337877064686303,,
British Virgin Islands,1961.0,VGB,8059.0,-1358924794.3320062,84.87512955987266,4.7367524558748935,0.01,54.165378458975574,14.227466108047835,10.485642227152447,5.445097615616708,0.3933410534512371,21883.23269767589,2049.8379207588227,0.23378809031705877,,
British Virgin Islands,1962.0,VGB,8093.0,-1379104624.8023405,0.004,0.453,0.013,-7.77399720440159,0.004,8.450917306505335,0.0,0.15590031091998194,2766.5378465754934,0.004,0.0,,
British Virgin Islands,1963.0,VGB,8136.0,-1378823681.1369176,0.004,0.45,0.013,-7.773736426835267,0.004,8.4506961055996,0.0,0.1556904450553908,2753.0951177814954,0.007,0.0,,
British Virgin Islands,1964.0,VGB,8192.0,-1376697770.7315443,0.007,0.895,0.017,-7.81355674348643,0.007,8.48425472796718,0.0,0.18681284006603716,4747.095059698095,0.015,0.0,,
British Virgin Islands,1965.0,VGB,8283.0,-1376117529.1046062,0.007,0.885,0.017,-7.81268171346394,0.007,8.483513762073379,0.0,0.18611328650071837,4702.286033054798,0.022,0.0,,
British Virgin Islands,1966.0,VGB,8438.0,-1373423569.3638895,0.011,1.303,0.021,-7.850242053416121,0.011,8.5151376079652,0.0,0.21534591744361373,6575.290202953315,0.033,0.0,,
British Virgin Islands,1967.0,VGB,8671.0,-1375287751.0319004,0.004,0.423,0.014,-7.771394571751104,0.004,8.448706272396468,0.0,0.1538017768444919,2632.1092653288806,0.037,0.0,,
British Virgin Islands,1968.0,VGB,9023.0,-1368182898.6245778,0.015,1.624,0.025,-7.879232848674892,0.015,8.539512771872932,0.0,0.23779433550131396,8013.635760599949,0.051,0.0,,
British Virgin Islands,1969.0,VGB,9554.0,-1363415668.902055,0.018,1.918,0.028,-7.905707935598125,0.018,8.56178810396781,0.0,0.25835537300921635,9331.005468759316,0.07,0.0,,
British Virgin Islands,1970.0,VGB,9967.0,-1360918004.7756705,0.018,1.838,0.028,-7.89865479433667,0.018,8.555821459431437,0.0,0.25275977496994434,8972.527023165707,0.088,0.0,,
British Virgin Islands,1971.0,VGB,10117.0,-1358583470.2343252,0.022,2.173,0.032,-7.928865335080756,0.022,8.581239548730563,0.0,0.2761862485335954,10473.61610688166,0.11,0.0,,
British Virgin Islands,1972.0,VGB,10256.0,-1357750956.979915,0.022,2.144,0.032,-7.9263220424631715,0.022,8.579089669273163,0.0,0.27415717077961915,10343.673049380017,0.132,0.0,,
British Virgin Islands,1973.0,VGB,10388.0,-1355578146.4475799,0.026,2.469,0.036,-7.9556484907131075,0.026,8.603762013673574,0.0,0.29688395340954987,11799.954334033715,0.158,0.0,,
British Virgin Islands,1974.0,VGB,10521.0,-1354794310.9090002,0.026,2.438,0.037,-7.952924059330915,0.026,8.60146022457928,0.0,0.29471473274085747,11661.051230773479,0.183,0.0,,
British Virgin Islands,1975.0,VGB,10627.0,-1354170737.5565662,0.026,2.413,0.037,-7.950737169009358,0.026,8.599612621197277,0.0,0.29296520003565657,11549.033981862856,0.209,0.0,,
British Virgin Islands,1976.0,VGB,10733.0,-1353539324.883004,0.026,2.39,0.037,-7.948726705969143,0.026,8.597913922571738,0.0,0.29135560520363335,11445.978299658196,0.234,0.0,,
British Virgin Islands,1977.0,VGB,10823.0,-1351679853.9620502,0.029,2.708,0.041,-7.977308070399404,0.029,8.621982258886497,0.0,0.3135937640441073,12870.904222817559,0.264,0.0,,
British Virgin Islands,1978.0,VGB,10904.0,-1351206846.0392692,0.029,2.688,0.041,-7.975565805271906,0.029,8.620511118239,0.0,0.3121937855458704,12781.293235611414,0.293,0.0,,
British Virgin Islands,1979.0,VGB,10986.0,-1350727031.1451094,0.029,2.668,0.041,-7.973823598220939,0.029,8.619039997876154,0.0,0.3107938094597227,12691.682227965666,0.322,0.0,,
British Virgin Islands,1980.0,VGB,11148.0,-1351123763.5280254,0.029,2.629,0.041,-7.978066069827099,0.029,8.500743757434389,0.0,0.31333565271900454,11157.304,0.352,0.0,,
British Virgin Islands,1981.0,VGB,11499.0,-1344305410.9418924,0.044,3.824,0.056,-8.06423962405325,0.044,8.541304465243181,0.0,0.39765975227840217,16180.771,0.396,0.0,,
British Virgin Islands,1982.0,VGB,11944.0,-1341807749.562234,0.037,3.068,0.049,-8.044605614448642,0.037,8.779624970097322,0.0,0.33592518326659304,15577.92,0.432,0.0,,
British Virgin Islands,1983.0,VGB,12388.0,-1339277638.7198093,0.04,3.253,0.052,-8.04018781521572,0.04,8.649175033414453,0.0,0.3533276575329177,15019.59,0.473,0.0,,
British Virgin Islands,1984.0,VGB,12844.0,-1340877779.020019,0.04,3.138,0.052,-7.967152168045859,0.04,8.148535166664026,0.0,0.36100667097141537,9684.025,0.513,0.0,,
British Virgin Islands,1985.0,VGB,13291.0,-1338144669.0436866,0.048,3.584,0.06,-7.969833420882241,0.048,7.935921425872286,0.0,0.39972178556597826,9332.765,0.561,0.0,,
British Virgin Islands,1986.0,VGB,13749.0,-1338436262.6288242,0.055,3.997,0.066,-7.92485415710761,0.055,7.376334678423561,0.0,0.44710258561589017,5465.904,0.616,0.0,,
British Virgin Islands,1987.0,VGB,14213.0,-1328084039.5523176,0.062,4.382,0.073,-8.040538085214312,0.062,8.059441358233169,0.0,0.45297184026214926,13625.07,0.678,0.0,,
British Virgin Islands,1988.0,VGB,14704.0,-1325112838.584339,0.066,4.485,0.077,-8.036935055162969,0.066,7.975760481441061,0.0,0.46301487798969326,13204.113,0.744,0.0,,
British Virgin Islands,1989.0,VGB,15201.0,-1322139285.5685608,0.066,4.339,0.077,-8.028718821378321,0.066,7.986291570208261,0.0,0.45222286142797835,12739.499,0.81,0.0,,
British Virgin Islands,1990.0,VGB,15727.0,-1318934356.5855064,0.066,4.194,0.078,-8.021028433564025,0.066,8.000367171810332,0.0,0.4413896249754454,12313.418,0.876,0.0,,
British Virgin Islands,1991.0,VGB,16208.0,-1315982250.910515,0.073,4.521,0.085,-8.02172794982251,0.073,7.83355745200195,0.0,0.4701234144696344,11947.996,0.949,0.0,,
British Virgin Islands,1992.0,VGB,16615.0,-1313443170.2839592,0.081,4.852,0.093,-8.023984126812026,0.081,7.675773116990575,0.0,0.4988575869874488,11685.422,1.03,0.0,,
British Virgin Islands,1993.0,VGB,17008.0,-1311031867.3529456,0.084,4.955,0.096,-8.021900194448797,0.084,7.604472928712019,0.0,0.5085053310764351,11386.002,1.114,0.0,,
British Virgin Islands,1994.0,VGB,17430.0,-1308402213.2147067,0.088,5.045,0.1,-8.020073486637868,0.088,7.5408558299715,0.0,0.5169788217678846,11110.334,1.202,0.0,,
British Virgin Islands,1995.0,VGB,17863.0,-1305692080.1487434,0.088,4.923,0.1,-8.014831434514681,0.088,7.561862002338108,0.0,0.5075723561780009,10841.019,1.29,0.0,,
British Virgin Islands,1996.0,VGB,18308.0,-1300157566.2766898,0.099,5.404,0.111,-8.061175412297375,0.099,7.662570900550001,0.0,0.5388364819692366,13682.49,1.389,0.0,,
British Virgin Islands,1997.0,VGB,18783.0,-1297259841.3375964,0.103,5.462,0.115,-8.057499524315634,0.103,7.600918739957973,0.0,0.5449553463303797,13301.653,1.491,0.0,,
British Virgin Islands,1998.0,VGB,19262.0,-1294290752.335893,0.103,5.326,0.115,-8.051250874340365,0.103,7.62120982667676,0.0,0.5345687299621948,12970.873,1.594,0.0,,
British Virgin Islands,1999.0,VGB,19755.0,-1291219886.7220607,0.114,5.75,0.126,-8.054410154214093,0.114,7.420480233473822,0.0,0.5713327888834875,12647.424,1.707,0.0,,
British Virgin Islands,2000.0,VGB,20266.0,-1279859779.4045286,0.117,5.785,0.13,-8.17512060200873,0.117,8.322363221969308,0.0,0.5451715979621693,21586.766,1.825,0.0,,
British Virgin Islands,2001.0,VGB,20825.0,-1276130681.4421513,0.128,6.158,0.141,-8.180743775769965,0.128,8.16619315874363,0.0,0.5768660185160658,21500.305,1.953,0.0,,
British Virgin Islands,2002.0,VGB,21454.0,-1271341579.9144917,0.139,6.49,0.153,-8.191630456708296,0.139,8.090972328206021,0.0,0.603059267118907,22075.652,2.092,0.001,,
British Virgin Islands,2003.0,VGB,22155.0,-1265898292.001781,0.147,6.615,0.16,-8.204745679354826,0.147,8.120020458419162,0.0,0.611098670452763,22837.088,2.239,0.001,,
British Virgin Islands,2004.0,VGB,22905.0,-1260456383.6740868,0.154,6.719,0.167,-8.21235739348991,0.154,8.11843812718351,0.0,0.6186062793392014,23218.637,2.393,0.001,,
British Virgin Islands,2005.0,VGB,23693.0,-1255204348.2558908,0.165,6.959,0.179,-8.215577487036834,0.165,8.011002571402939,0.0,0.6392247276880553,23091.428,2.557,0.001,,
British Virgin Islands,2006.0,VGB,24519.0,-1248508928.7797132,0.18,7.322,0.193,-8.239053980203073,0.18,7.992606734109083,0.0,0.6658278172405823,24307.912,2.737,0.001,,
British Virgin Islands,2007.0,VGB,25391.0,-1242550285.4588675,0.183,7.215,0.197,-8.23843990801599,0.183,8.038176203708872,0.0,0.6567179762632775,24333.58,2.92,0.001,,
British Virgin Islands,2008.0,VGB,26308.0,-1235513444.6046336,0.191,7.242,0.205,-8.252074478680859,0.191,8.120529055582864,0.0,0.6560429567660331,25234.713,3.111,0.001,,
British Virgin Islands,2009.0,VGB,27240.0,-1228896089.9737039,0.194,7.129,0.209,-8.25519001936454,0.194,8.197564181868206,0.0,0.6455030606492,25544.244,3.305,0.001,,
British Virgin Islands,2010.0,VGB,27698.0,-1225540965.4286351,0.213,7.672,0.227,-8.269029021909718,0.213,8.010905028804707,0.0,0.6903513592131167,25813.229,3.517,0.001,,
British Virgin Islands,2011.0,VGB,28733.0,-1218791860.2756786,0.209,7.269,0.224,-8.258543459597618,0.209,8.136566337396424,0.0,0.6574854892431077,25476.943,3.726,0.001,,
British Virgin Islands,2012.0,VGB,30369.0,-1208939264.8278897,0.209,6.877,0.224,-8.233732461899793,0.209,8.143484049083828,0.0,0.6291890745414903,24020.611,3.935,0.001,,
British Virgin Islands,2013.0,VGB,31727.0,-1200601487.4204044,0.213,6.698,0.228,-8.218158814256407,0.213,8.10987846656202,0.0,0.617441412975789,22992.465,4.148,0.001,,
British Virgin Islands,2014.0,VGB,32988.0,-1192480180.1754541,0.216,6.553,0.232,-8.209683305156078,0.216,8.114221495924927,0.0,0.6069209875883915,22467.686,4.364,0.001,,
British Virgin Islands,2015.0,VGB,34523.0,-1182841680.7903895,0.224,6.474,0.239,-8.19749492384667,0.224,8.052323896293787,0.0,0.6032407837602525,21548.275,4.587,0.001,,
British Virgin Islands,2016.0,VGB,33904.0,-1186448493.3501022,0.227,6.7,0.243,-8.210450278582611,0.227,8.033300738633159,0.0,0.6200314188320908,22235.967,4.814,0.001,,
British Virgin Islands,2017.0,VGB,32724.0,-1194983819.2110171,0.18,5.486,0.195,-8.183005622884364,0.18,8.457062473540452,0.0,0.5195342044144566,21665.006,4.994,0.0,,
British Virgin Islands,2018.0,VGB,34682.0,-1183740250.3125584,0.158,4.543,0.174,-8.135513673621372,0.158,8.588267881201563,0.0,0.44779583586234145,19300.41,5.152,0.0,,
British Virgin Islands,2019.0,VGB,36423.0,-1170415258.0399008,0.183,5.03,0.199,-8.16809527004635,0.183,8.567971592365694,0.0,0.483355147371218,20971.912,5.335,0.0,,
British Virgin Islands,2020.0,VGB,37161.0,-1166096733.7594566,0.18,4.831,0.195,-8.151373169514077,0.18,8.561963276075339,0.0,0.4692977054179343,20171.9,5.514,0.001,,
British Virgin Islands,2021.0,VGB,37833.0,-1161477268.731346,0.183,4.842,0.199,-8.155792056600134,0.183,8.566327718663768,0.0,0.4699401158673502,20222.768,5.698,0.0,,
British Virgin Islands,2022.0,VGB,38346.0,-1157958133.0237138,0.186,4.844,0.202,-8.156783643461363,0.186,8.569047491759132,0.0,0.4699991121777372,20253.197,5.883,0.0,,
British Virgin Islands,2023.0,VGB,39009.0,-1154000438.2803392,0.185,4.752,0.202,-8.147112677276265,0.185,8.541167812166691,0.0,0.4642934382471968,19622.957,6.069,0.0,,
British Virgin Islands,2024.0,VGB,39498.0,-1147984784.9741092,0.193,4.874,0.209,-8.196052133701624,0.193,8.802632680552831,0.0,0.46469131300720007,22576.686657500915,6.261,0.0,,
Brunei,1950.0,BRN,48316.0,-1075474131.2189646,0.414,8.569,0.984,0.0,0.154,0.26,0.0,0.7432172913090833,37017.23507018121,32.921,0.007,,
Brunei,1951.0,BRN,51213.0,-1066378716.9906392,0.3,5.867,0.869,0.0,0.033,0.267,0.0,0.5548871307051273,24894.708097527087,33.221,0.005,,
Brunei,1952.0,BRN,54252.0,-1045392542.6792595,0.322,5.943,0.957,0.0,0.051,0.271,0.0,0.5601366903050723,25236.24084006047,33.544,0.005,,
Brunei,1953.0,BRN,57582.0,-1022575178.2601012,0.344,5.981,1.08,0.0,0.077,0.267,0.0,0.5627256814031475,25406.8481723149,33.888,0.005,,
Brunei,1954.0,BRN,61227.0,-998218165.1753099,0.359,5.865,1.032,0.0,0.085,0.274,0.0,0.5546189960316719,24888.031306982968,34.247,0.005,,
Brunei,1955.0,BRN,65228.0,-975934398.6645012,0.3,4.606,0.995,0.0,0.033,0.267,0.0,0.46685632855779247,19238.310929664956,34.548,0.004,,
Brunei,1956.0,BRN,69568.0,-947727446.5176657,0.297,4.266,1.037,0.0,0.029,0.268,0.0,0.44315505474149286,17714.623070120728,34.845,0.004,,
Brunei,1957.0,BRN,74183.0,-917550558.9045503,0.293,3.951,1.034,0.0,0.029,0.264,0.0,0.42119789436706573,16302.602562601489,35.138,0.004,,
Brunei,1958.0,BRN,78989.0,-884499792.3838595,0.319,4.036,1.161,0.0,0.022,0.297,0.0,0.42709811728541014,16686.76153995156,35.457,0.004,,
Brunei,1959.0,BRN,83860.0,-851919349.2189759,0.326,3.889,0.633,0.0,0.029,0.297,0.0,0.41688553743009077,16028.553418215386,35.783,0.004,,
Brunei,1960.0,BRN,88359.0,-821745408.0959792,0.333,3.774,0.527,0.0,0.029,0.304,0.0,0.40887014747317035,15514.05880307483,36.116,0.004,,
Brunei,1961.0,BRN,92529.0,-795278694.0525388,0.304,3.287,0.791,0.0,0.029,0.275,0.0,0.37481959618438176,13323.160777920688,36.42,0.003,,
Brunei,1962.0,BRN,96737.0,-764514739.473839,0.37,3.825,0.839,0.0,0.074,0.296,0.0,0.41231511501284407,15743.035622339718,36.79,0.004,,
Brunei,1963.0,BRN,101171.0,-735561914.012534,0.355,3.513,1.489,0.0,0.055,0.3,0.0,0.39043582126796683,14339.096426949984,37.146,0.003,,
Brunei,1964.0,BRN,105936.0,-704290697.3830943,0.341,3.217,1.327,0.0,0.073,0.267,0.0,0.3698138378896551,13009.051228290306,37.486,0.003,,
Brunei,1965.0,BRN,110856.0,-671617903.165891,0.333,3.008,0.837,0.0,0.011,0.323,0.0,0.3553366291357062,12078.539090566574,37.82,0.003,,
Brunei,1966.0,BRN,115890.0,-632517170.8860557,0.491,4.237,1.146,0.0,0.202,0.289,0.0,0.44077218923424527,17592.403832566,38.311,0.004,,
Brunei,1967.0,BRN,121036.0,-599861621.4801104,0.44,3.633,1.4,0.0,0.144,0.296,0.0,0.39873039083838385,14884.774725484347,38.75,0.004,,
Brunei,1968.0,BRN,126237.0,-565392909.2604665,0.429,3.396,1.278,0.0,0.143,0.286,0.0,0.3821287208972355,13816.463194755315,39.179,0.003,,
Brunei,1969.0,BRN,131456.0,-528638305.709182,0.487,3.707,1.387,0.0,0.165,0.322,0.0,0.40382125582032125,15219.93526544911,39.666,0.004,,
Brunei,1970.0,BRN,135157.0,-280204723.55782914,8.204,60.698,9.424,0.0,0.191,0.388,0.0,4.449207324131862,264664.3548571637,47.87,0.055,,
Brunei,1971.0,BRN,137931.0,-285772368.4528382,7.511,54.456,8.94,0.0,0.26,0.363,0.0,4.006395230441122,237258.22392432825,55.381,0.048,,
Brunei,1972.0,BRN,142197.0,-209604040.5971651,9.453,66.479,10.969,0.0,0.22,0.736,0.0,4.8592513056609805,289914.6392769626,64.834,0.058,,
Brunei,1973.0,BRN,147381.0,-169647393.46103978,9.973,67.671,11.706,0.0,0.249,0.861,0.0,4.945053590320869,294972.8521318861,74.808,0.058,,
Brunei,1974.0,BRN,152669.0,-188784200.30029058,8.178,53.567,10.225,0.0,0.293,1.366,0.0,3.93912532636175,233686.4769542951,82.986,0.048,,
Brunei,1975.0,BRN,158081.0,-186411818.3329141,7.075,44.757,9.023,0.0,0.3,1.517,0.0,3.312729324596431,195222.79288229396,90.061,0.042,,
Brunei,1976.0,BRN,163621.0,-179973487.04162025,6.02,36.792,8.394,0.0,0.337,1.023,0.0,2.751416524458108,159927.15845323296,96.081,0.034,,
Brunei,1977.0,BRN,169287.0,-137529462.05418587,6.39,37.747,9.027,0.0,0.444,1.789,0.0,2.8125302653559685,164706.2313838151,102.471,0.035,,
Brunei,1978.0,BRN,174902.0,-33405748.617619753,9.534,54.509,12.204,0.0,0.542,3.602,0.0,3.991523702430315,239083.5365945131,112.005,0.05,,
Brunei,1979.0,BRN,180430.0,-47852070.30222273,7.434,41.203,10.053,0.0,0.638,3.473,0.0,3.0439581601195385,181073.72428522797,119.439,0.038,,
Brunei,1980.0,BRN,186121.0,-55409730.127147675,6.877,36.951,9.815,0.004,0.674,2.902,0.0,2.828915686877076,129630.031,126.316,0.035,,
Brunei,1981.0,BRN,191990.0,-15187264.308848381,2.059,10.725,4.411,0.0,0.0,1.183,0.0,0.6935149372341913,129935.688,128.376,0.011,,
Brunei,1982.0,BRN,198177.0,33449482.305863857,2.665,13.446,5.233,0.0,0.0,1.178,0.0,0.9002226055037008,137327.547,131.04,0.014,,
Brunei,1983.0,BRN,204754.0,49244998.16788125,2.733,13.349,5.128,0.0,0.0,1.312,0.0,0.9718812638372603,104459.352,133.774,0.014,,
Brunei,1984.0,BRN,211673.0,82959978.29011178,1.916,9.053,4.744,0.0,0.657,1.098,0.0,0.650319771957653,89276.961,135.69,0.01,,
Brunei,1985.0,BRN,218928.0,144461231.43149137,2.594,11.849,5.633,0.0,1.224,1.235,0.0,0.8410271106557927,103014.469,138.284,0.013,,
Brunei,1986.0,BRN,226510.0,163417469.53317237,2.297,10.142,5.742,0.0,1.321,0.943,0.0,0.7926541489214438,65972.906,140.581,0.011,,
Brunei,1987.0,BRN,233876.0,245366348.58729458,3.316,14.178,6.428,0.0,1.191,2.077,0.0,1.0299986081570345,102043.992,143.897,0.016,,
Brunei,1988.0,BRN,240928.0,279065581.5158086,5.712,23.709,9.15,0.0,1.601,4.063,0.0,1.8365960068115417,85808.805,149.609,0.026,,
Brunei,1989.0,BRN,248077.0,338407961.1431501,6.342,25.566,9.148,-0.34601118853685353,1.576,4.719,0.0,1.9216433561536979,97908.484,155.952,0.029,,
Brunei,1990.0,BRN,255307.0,372281977.54467154,5.009,19.618,7.824,0.36140021335506556,1.096,3.855,0.0,1.4819312045272526,80499.367,160.961,0.022,,
Brunei,1991.0,BRN,262604.0,406135562.3640518,6.826,25.994,9.399,-1.6370366422284865,1.253,4.371,0.0,2.0456140669202343,62545.637,167.787,0.029,,
Brunei,1992.0,BRN,269848.0,452787630.59790325,6.668,24.712,9.166,-1.489333554263287,1.048,4.477,0.0,1.9485628783053446,59518.008,174.455,0.03,,
Brunei,1993.0,BRN,276978.0,497448367.7947266,5.851,21.126,8.623,-1.2361408641016594,1.099,4.162,0.0,1.6674869606542961,55113.656,180.306,0.026,,
Brunei,1994.0,BRN,284098.0,542862312.0900044,5.293,18.63,8.102,-1.1652690297307706,1.092,4.078,0.0,1.4725984110042225,51641.887,185.599,0.023,,
Brunei,1995.0,BRN,291207.0,600670820.4001033,5.884,20.207,8.522,-0.9757136839785034,1.15,4.639,0.0,1.5731965527443383,62311.766,191.484,0.025,,
Brunei,1996.0,BRN,298283.0,643860531.8759162,5.963,19.989,8.825,-1.271066967801418,1.275,4.576,0.0,1.5694222222469663,56655.473,197.446,0.025,,
Brunei,1997.0,BRN,305357.0,694254361.2780061,6.179,20.235,9.193,-1.164144169026995,1.37,4.675,0.0,1.5826371436633768,59185.188,203.625,0.025,,
Brunei,1998.0,BRN,312398.0,736142363.8387952,5.595,17.911,9.499,-0.8472692589559276,1.422,3.975,0.0,1.4113567470673811,52323.48,209.22,0.023,,
Brunei,1999.0,BRN,319412.0,790999466.3164005,5.978,18.716,9.124,-0.5346989238627324,1.546,4.195,0.0,1.4562282702589544,60379.188,215.198,0.024,,
Brunei,2000.0,BRN,326429.0,838650981.376245,5.886,18.032,9.218,-0.2816396519839537,1.4,4.203,0.0,1.4006288610523303,60239.23,221.085,0.023,,
Brunei,2001.0,BRN,333353.0,891813262.4850459,5.758,17.273,9.554,0.49359429934108867,1.472,3.9,0.0,1.3218807520150067,67067.914,226.843,0.022,,
Brunei,2002.0,BRN,340108.0,946348460.1805501,5.285,15.54,8.517,1.5274748906249016,1.334,3.701,0.0,1.156638293990658,76759.656,232.128,0.02,,
Brunei,2003.0,BRN,346650.0,991907494.3457246,6.14,17.711,9.6,0.9516734877474771,1.378,4.503,0.0,1.3289396409831669,77912.984,238.268,0.022,,
Brunei,2004.0,BRN,352921.0,1040837620.7501402,5.967,16.907,8.826,1.5799298178320098,1.334,4.455,0.0,1.245654983822902,84982.734,244.234,0.021,,
Brunei,2005.0,BRN,358930.0,1089816595.5330672,5.429,15.124,8.22,2.722434166500837,1.059,4.206,0.0,1.0777217570817406,94131.758,249.663,0.018,,
Brunei,2006.0,BRN,364670.0,1171798284.8928704,7.144,19.589,10.61,4.697824370123084,0.971,5.877,0.0,1.3163801082795128,142785.906,256.807,0.023,,
Brunei,2007.0,BRN,370883.0,1218158029.4339037,8.077,21.777,11.752,4.275832840371903,1.847,5.939,0.0,1.4823467045563643,147383.641,264.883,0.026,,
Brunei,2008.0,BRN,377800.0,1266330945.9059415,9.166,24.26,14.242,3.9149037117440346,2.056,6.493,0.0,1.6800706248144828,148600.297,274.049,0.029,,
Brunei,2009.0,BRN,384965.0,1269399982.1350393,7.745,20.119,12.395,1.5681429081126552,1.754,5.596,0.0,1.474126238177442,96748.219,281.794,0.025,,
Brunei,2010.0,BRN,392340.0,1329648635.838395,8.017,20.435,12.883,2.136212981245108,1.59,6.126,0.0,1.4700365145197902,108127.867,289.811,0.024,,
Brunei,2011.0,BRN,399395.0,1378552393.7127151,9.555,23.925,15.156,1.1318680637180862,1.957,7.288,0.0,1.7492690592464117,109107.234,299.367,0.028,,
Brunei,2012.0,BRN,405564.0,1416446800.389525,9.5,23.424,15.105,0.9802425012089082,2.066,7.113,0.0,1.7200151934661354,104440.531,308.866,0.027,,
Brunei,2013.0,BRN,411205.0,1447240758.10998,7.626,18.546,11.878,1.9354699279915364,1.656,5.624,0.0,1.3470114325679126,95801.016,316.492,0.022,,
Brunei,2014.0,BRN,416757.0,1494312917.0581784,8.831,21.19,13.895,1.8493586185149293,1.689,6.771,0.0,1.5336240713068148,106308.477,325.323,0.025,,
Brunei,2015.0,BRN,422223.0,1540035167.2095804,6.933,16.421,11.545,3.9492177870635605,1.645,4.891,0.0,1.1240952864135374,115953.25,332.257,0.02,,
Brunei,2016.0,BRN,427571.0,1579673595.8406076,7.633,17.852,12.281,3.836499892651833,1.803,5.341,0.0,1.230422947820031,119606.797,339.89,0.022,,
Brunei,2017.0,BRN,432787.0,1614343538.3542566,9.309,21.51,13.572,2.728541133659718,1.927,6.822,0.0,1.527909249075692,118640.672,349.199,0.026,,
Brunei,2018.0,BRN,437811.0,1651251142.9844742,9.341,21.336,13.698,2.835997953247205,1.905,7.024,0.0,1.5052906424379726,121695.086,358.54,0.025,,
Brunei,2019.0,BRN,442690.0,1684434506.1812983,9.564,21.605,13.946,0.605,2.411,5.972,0.0,1.5728371633428,121644.695,368.104,0.026,,
Brunei,2020.0,BRN,447411.0,1724719857.5565157,11.157,24.937,15.713,2.132,3.41,5.329,0.0,1.8148609996920613,130865.547,379.261,0.032,,
Brunei,2021.0,BRN,451722.0,1747171870.0699954,11.709,25.92,15.828,2.744,3.228,5.331,0.0,1.9140130340852834,123024.211,390.97,0.032,,
Brunei,2022.0,BRN,455374.0,1767332531.5688515,12.237,26.872,15.124,2.689,3.638,5.738,0.0,2.0005629711232027,117670.914,403.207,0.033,,
Brunei,2023.0,BRN,458959.0,1792234478.0164104,12.503,27.241,15.584,2.981,3.621,5.687,0.0,2.0288152686054155,118211.914,415.71,0.033,,
Brunei,2024.0,BRN,462734.0,1815239049.9040961,12.052,26.046,14.962,3.003,3.787,5.073,0.0,1.9391830143826019,115903.56122901716,427.762,0.031,,
Bulgaria,1950.0,BGR,7248509.0,19083316000.0,7.498,1.034,30.722,6.657,0.543,0.2690296328293318,0.298,0.393,4569.535912996185,119.35,0.126,Medio,Alta
Bulgaria,1951.0,BGR,7314426.0,23008494619.0,8.165,1.116,31.571,7.222,0.63,0.3382255057502386,0.312,0.355,5064.605528901152,127.515,0.128,Medio,Alta
Bulgaria,1952.0,BGR,7361958.0,21948373005.0,9.428,1.281,33.176,8.372,0.722,0.21358664561478147,0.334,0.43,5646.511768158767,136.943,0.146,Medio,Alta
Bulgaria,1953.0,BGR,7415922.0,24411090624.0,10.586,1.427,34.497,9.424,0.817,0.21401218137916267,0.345,0.434,6344.452863944101,147.529,0.159,Medio,Alta
Bulgaria,1954.0,BGR,7476266.0,23962411769.0,11.392,1.524,35.602,10.08,0.927,0.14284940793614176,0.385,0.475,6693.772274646479,158.921,0.168,Medio,Alta
Bulgaria,1955.0,BGR,7533657.0,25677945265.0,12.092,1.605,36.457,10.589,1.103,0.1427587907304666,0.4,0.471,7033.203019803128,171.013,0.162,Medio,Alta
Bulgaria,1956.0,BGR,7587165.0,25697112937.0,12.967,1.709,37.641,11.212,1.33,0.07732887016206291,0.425,0.505,7397.15121816532,183.98,0.164,Medio,Alta
Bulgaria,1957.0,BGR,7649543.0,28416757007.0,14.389,1.881,39.244,12.388,1.565,0.07851136696771555,0.436,0.506,8214.915575468047,198.369,0.176,Medio,Alta
Bulgaria,1958.0,BGR,7724893.0,30894757784.0,15.627,2.023,40.652,13.623,1.543,0.08605877361489611,0.462,0.506,8888.6111486796,213.995,0.186,Medio,Alta
Bulgaria,1959.0,BGR,7794176.0,33358889387.0,19.622,2.518,45.636,16.712,2.202,-0.04185140821478228,0.709,0.588,11043.835706897356,233.618,0.222,Medio,Alta
Bulgaria,1960.0,BGR,7862935.0,36520350216.0,22.271,2.832,48.424,18.627,2.858,-0.0826016179473541,0.785,0.61,12451.05915455736,255.888,0.237,Medio,Alta
Bulgaria,1961.0,BGR,7938308.0,38897449649.0,25.945,3.268,49.342,21.431,3.649,-0.18123556385411987,0.865,0.667,14408.535828105898,281.833,0.276,Medio,Alta
Bulgaria,1962.0,BGR,8008328.0,42083991345.0,30.704,3.834,55.74,24.728,5.042,-0.2983848007639125,0.934,0.73,16926.92192040241,312.537,0.315,Medio,Alta
Bulgaria,1963.0,BGR,8073731.0,44009734066.0,34.374,4.258,62.794,26.784,6.5,-0.4091519791298559,1.09,0.781,18783.933280024015,346.912,0.335,Medio,Alta
Bulgaria,1964.0,BGR,8140074.0,47473351256.0,42.818,5.26,70.85,32.119,9.424,-0.6531098646585427,1.276,0.902,23193.78362125838,389.73,0.396,Medio,Alta
Bulgaria,1965.0,BGR,8202417.0,50331994197.0,46.269,5.641,74.657,33.913,10.905,0.125,1.327,0.919,14620.77,435.999,0.409,Medio,Alta
Bulgaria,1966.0,BGR,8258787.0,54296722412.0,48.716,5.899,78.595,34.746,12.373,0.187,1.41,0.897,15567.108,484.715,0.411,Medio,Alta
Bulgaria,1967.0,BGR,8311127.0,57224213384.0,55.108,6.631,84.872,37.701,15.181,0.568,1.657,0.963,17968.76,539.822,0.45,Medio,Alta
Bulgaria,1968.0,BGR,8370645.0,58277542479.0,59.464,7.104,93.189,39.294,17.557,0.876,1.737,1.02,19943.219,599.286,0.461,Medio,Alta
Bulgaria,1969.0,BGR,8435273.0,61114009406.0,66.308,7.861,96.956,41.136,22.508,0.909,1.755,1.085,22058.291,665.594,0.482,Medio,Alta
Bulgaria,1970.0,BGR,8490822.0,64588680656.0,61.174,7.205,88.975,33.124,25.412,0.824,1.813,0.947,24657.031,726.768,0.411,Medio,Alta
Bulgaria,1971.0,BGR,8538900.0,66703386867.0,64.222,7.521,92.371,32.141,29.605,0.568,1.908,0.963,25529.869,790.989,0.414,Medio,Alta
Bulgaria,1972.0,BGR,8579912.0,69853150590.0,66.079,7.702,94.169,32.807,30.979,0.381,1.911,0.946,26144.588,857.068,0.407,Alto,Alta
Bulgaria,1973.0,BGR,8624799.0,72614658323.0,68.717,7.967,97.507,33.535,32.769,0.385,2.029,0.946,27023.654,925.785,0.402,Alto,Alta
Bulgaria,1974.0,BGR,8682750.0,74897570361.0,71.137,8.193,96.305,33.137,35.086,0.839,2.074,0.95,27644.533,996.922,0.419,Alto,Alta
Bulgaria,1975.0,BGR,8723145.0,81059298632.0,72.926,8.36,106.796,34.399,34.209,2.224,2.093,0.9,30414.811,1069.848,0.429,Alto,Alta
Bulgaria,1976.0,BGR,8759433.0,83479278837.0,72.968,8.33,103.345,31.716,35.281,3.891,2.081,0.874,32080.141,1142.816,0.409,Alto,Alta
Bulgaria,1977.0,BGR,8804690.0,82674417087.0,75.796,8.609,104.426,31.628,36.992,4.965,2.212,0.917,33632.816,1218.612,0.413,Alto,Alta
Bulgaria,1978.0,BGR,8813742.0,84458680312.0,81.207,9.214,109.219,33.894,39.591,5.294,2.427,0.962,34789.098,1299.819,0.427,Alto,Alta
Bulgaria,1979.0,BGR,8824994.0,87710555583.0,78.931,8.944,105.973,34.973,35.761,5.665,2.533,0.9,36062.77,1378.75,0.405,Alto,Alta
Bulgaria,1980.0,BGR,8859539.0,85198551837.0,77.254,8.72,105.204,36.574,30.935,7.247,2.498,0.907,37924.316,1456.005,0.398,Alto,Alta
Bulgaria,1981.0,BGR,8887803.0,87452692265.0,80.09,9.011,108.234,37.136,32.541,7.893,2.52,0.916,37245.914,1536.095,0.424,Alto,Alta
Bulgaria,1982.0,BGR,8912738.0,90290359601.0,89.844,10.08,118.522,39.11,39.403,8.75,2.582,0.995,38049.559,1625.939,0.48,Alto,Alta
Bulgaria,1983.0,BGR,8933328.0,88586045314.0,90.061,10.081,118.719,39.027,39.251,9.2,2.583,1.017,38219.535,1716.0,0.476,Alto,Alta
Bulgaria,1984.0,BGR,8952608.0,91505854443.0,87.045,9.723,115.329,39.151,36.0,9.292,2.601,0.951,37916.188,1803.045,0.447,Alto,Alta
Bulgaria,1985.0,BGR,8958855.0,88756020855.0,89.221,9.959,117.05,41.099,36.779,8.951,2.392,1.005,37602.871,1892.267,0.443,Alto,Alta
Bulgaria,1986.0,BGR,8963473.0,91110686132.0,91.172,10.172,118.762,41.007,38.172,9.435,2.559,1.001,38337.195,1983.439,0.446,Alto,Alta
Bulgaria,1987.0,BGR,8976206.0,91271728813.0,91.277,10.169,118.62,41.773,36.27,10.783,2.45,1.0,38579.18,2074.716,0.432,Alto,Alta
Bulgaria,1988.0,BGR,8985721.0,90700492394.0,86.917,9.673,114.177,37.911,34.288,12.263,2.454,0.958,39436.852,2161.633,0.397,Alto,Alta
Bulgaria,1989.0,BGR,8936386.0,89073461843.0,86.467,9.676,113.15,38.577,34.594,11.021,2.276,0.971,39309.855,2248.1,0.389,Alto,Alta
Bulgaria,1990.0,BGR,8822366.0,79352520673.0,76.638,8.687,101.645,34.721,26.355,12.111,2.142,0.966,36771.109,2324.738,0.337,Alto,Alta
Bulgaria,1991.0,BGR,8695798.0,72983249507.0,61.521,7.075,89.922,31.777,17.356,10.184,1.265,0.843,30198.242,2386.259,0.265,Alto,Alta
Bulgaria,1992.0,BGR,8559091.0,67935669606.0,57.356,6.701,79.822,31.436,15.096,8.892,1.097,0.844,28868.836,2443.614,0.255,Alto,Alta
Bulgaria,1993.0,BGR,8466533.0,67190225135.0,58.389,6.896,76.804,33.042,15.219,8.15,1.154,0.869,31134.502,2502.003,0.257,Alto,Alta
Bulgaria,1994.0,BGR,8416924.0,68680754016.0,56.383,6.699,75.071,31.375,14.595,8.113,1.441,0.821,30122.635,2558.386,0.245,Alto,Alta
Bulgaria,1995.0,BGR,8357576.0,70965735433.0,57.917,6.93,81.306,31.308,13.675,9.987,1.993,0.816,32624.234,2616.302,0.246,Alto,Alta
Bulgaria,1996.0,BGR,8291402.0,65116237713.0,58.46,7.051,84.414,31.466,13.911,10.187,1.961,0.898,32793.77,2674.763,0.241,Medio,Alta
Bulgaria,1997.0,BGR,8217101.0,64936506648.0,55.806,6.791,67.291,34.011,11.252,8.234,1.573,0.859,31293.846,2730.569,0.229,Alto,Alta
Bulgaria,1998.0,BGR,8138193.0,67715867197.0,53.114,6.526,66.116,32.115,12.103,7.157,1.118,0.784,30382.707,2783.683,0.219,Alto,Alta
Bulgaria,1999.0,BGR,8067464.0,64098092292.0,46.371,5.748,56.909,26.598,11.927,6.215,1.106,0.723,26929.967,2830.054,0.187,Alto,Alta
Bulgaria,2000.0,BGR,8000519.0,67719765830.0,45.499,5.687,54.792,26.375,10.515,6.767,1.212,0.672,27170.389,2875.553,0.178,Alto,Alta
Bulgaria,2001.0,BGR,7928455.0,68877651140.0,49.02,6.183,56.663,30.061,10.825,6.288,1.228,0.712,28324.223,2924.573,0.191,Alto,Alta
Bulgaria,2002.0,BGR,7861949.0,73450036758.0,46.141,5.869,54.355,27.82,10.815,5.601,1.215,0.628,27707.934,2970.714,0.176,Alto,Alta
Bulgaria,2003.0,BGR,7804405.0,77722336425.0,50.491,6.47,59.688,31.191,11.535,5.822,1.273,0.65,28875.049,3021.206,0.183,Alto,Alta
Bulgaria,2004.0,BGR,7749430.0,83228668873.0,49.537,6.392,55.197,29.943,11.565,5.827,1.444,0.595,28120.139,3070.743,0.173,Alto,Alta
Bulgaria,2005.0,BGR,7695047.0,89684785590.0,50.6,6.576,56.864,29.489,12.14,6.573,1.618,0.564,30680.197,3121.343,0.171,Alto,Alta
Bulgaria,2006.0,BGR,7640292.0,96404598197.0,51.837,6.785,57.148,29.993,12.58,6.731,1.55,0.538,31504.156,3173.181,0.169,Alto,Alta
Bulgaria,2007.0,BGR,7586896.0,104058200673.0,55.669,7.338,61.869,33.366,12.404,6.877,1.979,0.535,30663.352,3228.85,0.177,Alto,Alta
Bulgaria,2008.0,BGR,7535589.0,110900337989.0,54.026,7.169,61.401,32.489,11.78,6.725,1.9,0.487,30551.521,3282.876,0.169,Alto,Alta
Bulgaria,2009.0,BGR,7488016.0,107365071902.0,45.75,6.11,54.552,27.274,11.297,5.05,0.983,0.426,26990.662,3328.626,0.145,Alto,Alta
Bulgaria,2010.0,BGR,7437594.0,109045208364.0,47.816,6.429,57.977,29.294,10.912,5.386,0.807,0.438,28432.732,3376.442,0.144,Alto,Alta
Bulgaria,2011.0,BGR,7380023.0,109435363210.0,53.12,7.198,66.638,34.481,10.107,6.151,0.787,0.485,30434.416,3429.562,0.154,Alto,Alta
Bulgaria,2012.0,BGR,7317020.0,110261509885.0,48.277,6.598,61.776,29.412,10.627,5.753,0.981,0.438,29168.732,3477.839,0.138,Alto,Alta
Bulgaria,2013.0,BGR,7264605.0,109643527181.0,42.583,5.862,52.799,24.997,9.557,5.612,0.892,0.388,27270.346,3520.422,0.121,Alto,Alta
Bulgaria,2014.0,BGR,7223450.0,110703533681.0,45.169,6.253,55.441,26.579,10.562,5.602,0.911,0.408,29286.607,3565.591,0.127,Alto,Alta
Bulgaria,2015.0,BGR,7177515.0,114498611934.0,48.127,6.705,59.445,27.678,11.488,5.94,1.105,0.42,31303.371,3613.718,0.136,Alto,Alta
Bulgaria,2016.0,BGR,7127436.0,117979077002.0,45.344,6.362,56.654,24.155,11.886,5.945,1.194,0.384,29900.988,3659.062,0.128,Alto,Alta
Bulgaria,2017.0,BGR,7075642.0,121237951710.0,47.446,6.706,59.1,25.792,12.162,6.053,1.239,0.391,30834.584,3706.508,0.132,Alto,Alta
Bulgaria,2018.0,BGR,7024745.0,124492855771.0,43.503,6.193,54.545,22.113,12.372,5.797,1.224,0.349,31149.057,3750.011,0.118,Alto,Alta
Bulgaria,2019.0,BGR,6975466.0,129520075495.0,42.195,6.049,53.111,20.806,12.901,5.266,1.138,0.326,30327.924,3792.206,0.114,Alto,Alta
Bulgaria,2020.0,BGR,6933656.0,124392792956.0,36.571,5.274,47.4,16.204,11.944,5.31,1.066,0.294,28177.615,3828.777,0.104,Alto,Media
Bulgaria,2021.0,BGR,6877222.0,133889804025.0,42.365,6.16,52.34,20.423,12.742,6.258,1.06,0.316,32263.266,3871.142,0.115,Alto,Alta
Bulgaria,2022.0,BGR,6825862.0,138390156500.0,46.932,6.876,56.641,25.068,13.385,5.018,1.039,0.339,33606.043,3918.073,0.125,Alto,Alta
Bulgaria,2023.0,BGR,6795805.0,44854591307.9212,34.501,5.077,43.33,13.961,13.17,4.678,1.046,0.3290898915360565,29007.344,3952.575,0.091,,
Bulgaria,2024.0,BGR,6757686.0,44594618758.83085,31.622,4.679,40.275,10.285,13.574,5.022,1.094,0.2961192107064326,28381.641,3984.196,0.082,,
Burkina Faso,1950.0,BFA,4213152.0,3308378554.0,0.004,0.001,12.608,0.001,0.003,0.0,1.2558272582145493,0.001,173.13814572137494,0.004,0.0,Bajo,Baja
Burkina Faso,1951.0,BFA,4260391.0,3432109699.0,0.003,0.001,12.418,0.001,0.002,0.0,1.2547527288674103,0.001,173.1121117934881,0.007,0.0,Bajo,Baja
Burkina Faso,1952.0,BFA,4310353.0,3562573266.0,0.004,0.001,12.384,0.001,0.002,0.0,1.254315174986769,0.001,172.8678570003292,0.011,0.0,Bajo,Baja
Burkina Faso,1953.0,BFA,4361322.0,3686393554.0,0.003,0.001,12.42,0.0,0.003,0.0,1.2522809536455788,0.001,172.6895088995136,0.014,0.0,Bajo,Baja
Burkina Faso,1954.0,BFA,4413878.0,3826147192.0,0.004,0.001,12.54,0.0,0.003,0.0,1.2517515918121354,0.001,172.28424769266985,0.018,0.0,Bajo,Baja
Burkina Faso,1955.0,BFA,4469051.0,3963847111.0,0.004,0.001,12.703,0.0,0.003,0.0,1.2503777638590337,0.001,171.87809682720285,0.022,0.0,Bajo,Baja
Burkina Faso,1956.0,BFA,4526657.0,4118039080.0,0.004,0.001,12.796,0.0,0.004,0.0,1.2482298881987537,0.001,171.61575527982427,0.026,0.0,Bajo,Baja
Burkina Faso,1957.0,BFA,4586570.0,4265641494.0,0.004,0.001,12.929,0.0,0.004,0.0,1.2467436490584274,0.001,171.2162910781965,0.03,0.0,Bajo,Baja
Burkina Faso,1958.0,BFA,4647287.0,4425451171.0,0.004,0.001,13.145,-7.614615005328609,0.004,8.413646127860922,0.0,0.001,1179.8217521807492,0.034,0.0,Bajo,Baja
Burkina Faso,1959.0,BFA,4710848.0,4588183134.0,0.007,0.002,13.205,-7.618549583970209,0.007,8.413807957094495,0.0,0.002,1180.6364150025124,0.041,0.0,Bajo,Baja
Burkina Faso,1960.0,BFA,4778626.0,4724687817.0,0.044,0.009,11.954,-7.643695702776254,0.044,8.420973773561407,0.0,0.009,1187.0146477064045,0.085,0.0,Bajo,Baja
Burkina Faso,1961.0,BFA,4848222.0,4910250740.0,0.092,0.019,11.295,-7.668331115858933,0.092,8.423066741911368,0.0,0.019,1202.6658910485762,0.177,0.001,Bajo,Baja
Burkina Faso,1962.0,BFA,4919673.0,5214809746.0,0.084,0.017,10.878,-7.668610949832301,0.084,8.426357695332907,0.0,0.016,1203.6827275504024,0.261,0.001,Bajo,Baja
Burkina Faso,1963.0,BFA,4993619.0,5145849922.0,0.088,0.018,10.669,-7.673773402999853,0.088,8.427175542848957,0.0,0.017,1204.8523610222833,0.349,0.001,Bajo,Baja
Burkina Faso,1964.0,BFA,5071040.0,5264408789.0,0.11,0.022,10.724,-7.684946889019663,0.11,8.427955403464406,0.0,0.021,1208.7318590630648,0.459,0.001,Bajo,Baja
Burkina Faso,1965.0,BFA,5152834.0,5469261199.0,0.103,0.02,11.006,-7.682575242893154,0.103,8.427377211197165,0.0,0.019,1206.5075651509155,0.562,0.001,Bajo,Baja
Burkina Faso,1966.0,BFA,5237939.0,5493825942.0,0.103,0.02,10.984,-7.685301703578496,0.103,8.427605194955934,0.0,0.019,1206.5652366421732,0.664,0.001,Bajo,Baja
Burkina Faso,1967.0,BFA,5326349.0,5974044343.0,0.103,0.019,11.235,-7.685240594124489,0.103,8.428721469876924,0.0,0.017,1208.464361692735,0.767,0.001,Bajo,Baja
Burkina Faso,1968.0,BFA,5418644.0,6162626478.0,0.103,0.019,11.395,-7.687705827911897,0.103,8.428624674779455,0.0,0.017,1208.284554506462,0.87,0.001,Bajo,Baja
Burkina Faso,1969.0,BFA,5513179.0,6286241666.0,0.121,0.022,11.376,-7.696336016626123,0.121,8.43014325443644,0.0,0.019,1214.804430174764,0.99,0.001,Bajo,Baja
Burkina Faso,1970.0,BFA,5610307.0,6300886904.0,0.143,0.025,11.732,-7.705900189571144,0.143,8.429111511681347,0.0,0.023,1214.2697428074189,1.133,0.001,Bajo,Baja
Burkina Faso,1971.0,BFA,5708002.0,6541176022.0,0.15,0.026,11.719,-7.7106832431705925,0.15,8.430697602023221,0.0,0.023,1218.5920863968,1.284,0.001,Bajo,Baja
Burkina Faso,1972.0,BFA,5807238.0,6808659446.0,0.161,0.028,11.588,-7.718332670955332,0.161,8.432951822535646,0.0,0.024,1223.841537370014,1.445,0.001,Bajo,Baja
Burkina Faso,1973.0,BFA,5911926.0,6454900447.0,0.169,0.029,11.421,-7.725104684295003,0.169,8.432645490509609,0.0,0.026,1221.883593711706,1.613,0.001,Bajo,Baja
Burkina Faso,1974.0,BFA,6024905.0,6324906289.0,0.205,0.034,11.699,-7.739851364725711,0.205,8.43210656728137,0.0,0.032,1223.5705242305798,1.818,0.001,Bajo,Baja
Burkina Faso,1975.0,BFA,6147575.0,6059268275.0,0.22,0.036,12.289,-7.746845905455123,0.22,8.428474312913792,0.0,0.036,1219.0406479121548,2.038,0.001,Bajo,Baja
Burkina Faso,1976.0,BFA,6280638.0,5989425589.0,0.209,0.033,12.489,-7.746467527172035,0.209,8.426630706320772,0.0,0.035,1209.0236629348751,2.247,0.001,Bajo,Baja
Burkina Faso,1977.0,BFA,6428739.0,6421258657.0,0.249,0.039,12.916,-7.761001883427026,0.249,8.428452609883138,0.0,0.039,1221.7785634988336,2.496,0.001,Bajo,Baja
Burkina Faso,1978.0,BFA,6590987.0,7164371750.0,0.348,0.053,13.198,-7.7914258776335785,0.348,8.432729383813099,0.0,0.049,1255.1145553024471,2.844,0.002,Bajo,Baja
Burkina Faso,1979.0,BFA,6763902.0,7235379587.0,0.407,0.06,13.969,-7.810271836271687,0.407,8.432376332625466,0.0,0.056,1262.1901988094087,3.251,0.002,Bajo,Baja
Burkina Faso,1980.0,BFA,6947900.0,7360690144.0,0.432,0.062,15.35,-7.86574412642603,0.432,8.391469850838794,0.0,0.059,254.619,3.683,0.002,Bajo,Baja
Burkina Faso,1981.0,BFA,7140270.0,7678602958.0,0.557,0.078,15.52,-7.904809066500176,0.557,8.392018329223557,0.0,0.073,247.082,4.24,0.003,Bajo,Baja
Burkina Faso,1982.0,BFA,7340199.0,7851839601.0,0.575,0.078,15.742,-7.912497263825884,0.575,8.392723561769323,0.0,0.073,240.352,4.816,0.003,Bajo,Baja
Burkina Faso,1983.0,BFA,7551136.0,7760300068.0,0.594,0.079,20.506,-7.8969957131459,0.594,8.371090845986092,0.0,0.076,233.638,5.409,0.003,Bajo,Baja
Burkina Faso,1984.0,BFA,7772260.0,7886109101.0,0.465,0.06,23.3,-7.849317950908901,0.465,8.358363522439516,0.0,0.059,227.613,5.875,0.002,Bajo,Baja
Burkina Faso,1985.0,BFA,7999935.0,8913468636.0,0.476,0.06,26.113,-7.834900340048707,0.476,8.348531433717524,0.0,0.053,213.18,6.351,0.002,Bajo,Baja
Burkina Faso,1986.0,BFA,8228847.0,10319538769.0,0.48,0.058,27.392,-7.831408547913966,0.48,8.352077537251244,0.0,0.047,245.253,6.831,0.002,Bajo,Baja
Burkina Faso,1987.0,BFA,8457112.0,10142656933.0,0.517,0.061,28.565,-7.841376205162932,0.517,8.348540329624942,0.0,0.051,249.21,7.347,0.002,Bajo,Baja
Burkina Faso,1988.0,BFA,8687441.0,10990388168.0,0.553,0.064,29.349,-7.846517115880841,0.553,8.347281730708474,0.0,0.05,254.419,7.901,0.003,Bajo,Baja
Burkina Faso,1989.0,BFA,8921178.0,10858848042.0,0.821,0.092,31.083,-7.911241973160264,0.821,8.343633703792644,0.0,0.076,222.042,8.721,0.004,Bajo,Baja
Burkina Faso,1990.0,BFA,9159358.0,10752296234.0,0.594,0.065,32.467,-7.217378496889065,0.594,8.621963514077596,-0.9309828840634093,0.055,220.592,9.315,0.003,Bajo,Baja
Burkina Faso,1991.0,BFA,9394631.0,11509843577.0,0.638,0.068,33.636,-7.224539655984255,0.638,8.625355735599701,-0.9333505892813454,0.055,248.237,9.953,0.003,Bajo,Baja
Burkina Faso,1992.0,BFA,9629280.0,11312544997.0,0.634,0.066,34.407,-7.217842271729166,0.634,8.624665068309332,-0.946355379330476,0.056,243.531,10.586,0.003,Bajo,Baja
Burkina Faso,1993.0,BFA,9871715.0,11471092622.0,0.634,0.064,34.774,-7.216633286331408,0.634,8.628067399613872,-0.9542229244451006,0.055,258.528,11.22,0.003,Bajo,Baja
Burkina Faso,1994.0,BFA,10123807.0,11400569605.0,0.66,0.065,35.711,-7.880799940295173,0.66,8.332177241845933,0.0,0.058,277.202,11.88,0.003,Bajo,Baja
Burkina Faso,1995.0,BFA,10386723.0,11823046260.0,0.661,0.064,36.462,-7.8785740056214095,0.649,8.326639040468947,0.012,0.056,272.304,12.541,0.003,Bajo,Baja
Burkina Faso,1996.0,BFA,10655943.0,12896055272.0,0.727,0.068,36.652,-7.896831004354825,0.714,8.334366729121662,0.012,0.056,279.571,13.267,0.003,Bajo,Baja
Burkina Faso,1997.0,BFA,10934222.0,13326250630.0,0.764,0.07,36.508,-7.915551780315095,0.747,8.354590026580581,0.016,0.057,442.538,14.031,0.003,Bajo,Baja
Burkina Faso,1998.0,BFA,11240668.0,13917970173.0,0.848,0.075,36.665,-7.942962202805887,0.832,8.356113183901595,0.016,0.061,391.219,14.879,0.003,Bajo,Baja
Burkina Faso,1999.0,BFA,11574930.0,14604702492.0,1.04,0.09,36.033,-7.974263080005068,0.967,8.349628941201328,0.073,0.071,383.809,15.919,0.004,Bajo,Baja
Burkina Faso,2000.0,BFA,11925548.0,14546973590.0,0.931,0.078,35.617,-7.97385087032038,0.89,8.353880820395844,0.04,0.064,340.959,16.85,0.004,Bajo,Baja
Burkina Faso,2001.0,BFA,12294996.0,15179805834.0,1.064,0.087,35.983,-8.019979384638393,1.044,8.372453735776748,0.02,0.07,376.25,17.914,0.004,Bajo,Baja
Burkina Faso,2002.0,BFA,12680904.0,15543232009.0,1.067,0.084,36.556,-8.031994889509825,1.055,8.376170388662022,0.012,0.069,381.058,18.982,0.004,Bajo,Baja
Burkina Faso,2003.0,BFA,13082530.0,16390237677.0,1.184,0.091,40.711,-8.042065817264875,1.172,8.369786451070482,0.012,0.072,404.996,20.166,0.004,Bajo,Baja
Burkina Faso,2004.0,BFA,13500536.0,16718435442.0,1.107,0.082,41.092,-8.03574348358213,1.096,8.361654165760921,0.012,0.066,351.7,21.273,0.004,Bajo,Baja
Burkina Faso,2005.0,BFA,13932127.0,17737650575.0,1.104,0.079,43.234,-8.032777087287153,1.092,8.357857021886016,0.012,0.062,362.958,22.377,0.004,Bajo,Baja
Burkina Faso,2006.0,BFA,14373713.0,18406718353.0,1.217,0.085,51.665,-8.018155000986193,1.205,8.327233237918648,0.012,0.066,349.467,23.594,0.004,Bajo,Baja
Burkina Faso,2007.0,BFA,14816313.0,18724205542.0,1.616,0.109,47.665,-8.137461905447104,1.605,8.381603703648574,0.012,0.086,480.703,25.211,0.005,Bajo,Baja
Burkina Faso,2008.0,BFA,15258103.0,19365623019.0,1.818,0.119,48.019,-8.124221287748908,1.638,8.341587842769052,0.18,0.094,508.09,27.029,0.006,Bajo,Baja
Burkina Faso,2009.0,BFA,15710067.0,19506442026.0,1.836,0.117,47.63,-8.129807257913214,1.619,8.330897827905613,0.217,0.094,463.295,28.865,0.006,Bajo,Baja
Burkina Faso,2010.0,BFA,16176503.0,20688336651.0,1.985,0.123,51.298,-8.146275107775294,1.759,8.33003759687174,0.226,0.096,500.353,30.85,0.006,Bajo,Baja
Burkina Faso,2011.0,BFA,16661907.0,21589787625.0,2.149,0.129,50.416,-8.199408122178035,1.924,8.355219563052692,0.226,0.1,552.546,32.999,0.006,Bajo,Baja
Burkina Faso,2012.0,BFA,17172284.0,22982976785.0,2.612,0.152,52.311,-8.276486127986427,2.36,8.378610974644081,0.252,0.114,632.108,35.611,0.007,Bajo,Baja
Burkina Faso,2013.0,BFA,17695411.0,24314382909.0,2.809,0.159,51.86,-8.337428934723262,2.583,8.41651634724454,0.226,0.116,735.404,38.42,0.008,Bajo,Baja
Burkina Faso,2014.0,BFA,18229466.0,25366464630.0,2.868,0.157,52.732,-8.380184620648212,2.711,8.439059365574565,0.156,0.113,665.529,41.287,0.008,Bajo,Baja
Burkina Faso,2015.0,BFA,18777488.0,26361085012.0,3.744,0.199,52.205,-8.419560149884445,3.221,8.392019708409562,0.523,0.142,823.61,45.031,0.011,Bajo,Baja
Burkina Faso,2016.0,BFA,19334854.0,27931683815.0,3.988,0.206,53.406,-8.425350726631724,3.348,8.368674420354331,0.639,0.143,764.289,49.019,0.011,Bajo,Baja
Burkina Faso,2017.0,BFA,19894413.0,29664279937.0,4.622,0.232,56.974,-8.503483505735975,3.924,8.38864725361939,0.697,0.156,862.711,53.64,0.013,Bajo,Media
Burkina Faso,2018.0,BFA,20438289.0,31623015393.0,5.226,0.256,56.296,-8.573748069245756,4.393,8.404299955889165,0.833,0.165,943.597,58.867,0.014,Bajo,Media
Burkina Faso,2019.0,BFA,20961956.0,33422048798.0,5.618,0.268,56.196,-8.567586271952653,4.554,8.3664322711157,1.064,0.168,953.479,64.485,0.015,Bajo,Media
Burkina Faso,2020.0,BFA,21478691.0,34067429050.0,5.618,0.262,52.042,-8.599795101263929,4.533,8.382973045605945,1.085,0.165,936.216,70.103,0.016,Bajo,Media
Burkina Faso,2021.0,BFA,21995249.0,36419784717.0,6.329,0.288,57.648,-8.667344813087247,5.166,8.401298049882064,1.162,0.174,1043.45,76.431,0.017,Bajo,Media
Burkina Faso,2022.0,BFA,22509038.0,37320442404.0,6.542,0.291,57.944,-8.704552124680395,5.341,8.408783243128754,1.201,0.175,1011.84,82.974,0.017,Bajo,Media
Burkina Faso,2023.0,BFA,23025777.0,155300350650.39682,6.308,0.274,58.401,-9.17886391002848,5.107,8.796892161769096,1.201,0.19158317124072638,1020.263,89.282,0.017,,
Burkina Faso,2024.0,BFA,23548782.0,158861451419.659,6.508,0.276,59.459,-9.184696276049623,5.306,8.85375085665503,1.201,0.18798486618340224,1837.4117519374477,95.79,0.017,,
Burundi,1950.0,BDI,2254942.0,1405700573.0,0.009,0.004,6.167,0.001,0.008,0.0,0.0,0.006,-1098.5642449814286,0.009,0.0,Bajo,Baja
Burundi,1951.0,BDI,2305749.0,1485475404.0,0.009,0.004,6.702,0.0,0.009,0.0,0.0,0.006,-1097.8570363745714,0.018,0.0,Bajo,Baja
Burundi,1952.0,BDI,2355807.0,1530956817.0,0.016,0.007,7.096,0.001,0.015,0.0,0.0,0.011,-1093.9120574595108,0.034,0.0,Bajo,Baja
Burundi,1953.0,BDI,2405189.0,1595031004.0,0.015,0.006,7.543,0.0,0.015,0.0,0.0,0.009,-1093.4696047820826,0.049,0.0,Bajo,Baja
Burundi,1954.0,BDI,2454593.0,1683704180.0,0.006,0.003,7.524,0.0,0.006,0.0,0.0,0.004,-1095.700302202975,0.055,0.0,Bajo,Baja
Burundi,1955.0,BDI,2504658.0,1736391841.0,0.008,0.003,7.781,0.0,0.008,0.0,0.0,0.004,-1094.778787119184,0.063,0.0,Bajo,Baja
Burundi,1956.0,BDI,2555312.0,1800938967.0,0.009,0.003,7.817,0.0,0.009,0.0,0.0,0.005,-1095.8779950497021,0.072,0.0,Bajo,Baja
Burundi,1957.0,BDI,2606484.0,1869930164.0,0.01,0.004,8.033,0.0,0.01,0.0,0.0,0.005,-1090.310137413777,0.082,0.0,Bajo,Baja
Burundi,1958.0,BDI,2657416.0,1921836269.0,0.01,0.004,8.468,0.0,0.01,0.0,0.0,0.005,-1089.5425448458434,0.092,0.0,Bajo,Baja
Burundi,1959.0,BDI,2709604.0,2034099335.0,0.039,0.014,8.742,0.001,0.038,0.0,0.0,0.019,-1072.1595851963425,0.131,0.0,Bajo,Baja
Burundi,1960.0,BDI,2764265.0,2063691886.0,0.036,0.013,8.413,0.0,0.036,0.0,0.0,0.018,-1073.1582392512976,0.167,0.0,Bajo,Baja
Burundi,1961.0,BDI,2835122.0,1779904141.0,0.048,0.017,7.31,0.003,0.045,0.0,0.0,0.027,-1065.5968381559833,0.215,0.001,Bajo,Baja
Burundi,1962.0,BDI,2907945.0,1945978180.0,0.044,0.015,6.419,-7.634692918050979,0.044,8.433722711641462,0.0,0.023,1165.3792635515083,0.259,0.0,Bajo,Baja
Burundi,1963.0,BDI,2969844.0,2024692239.0,0.048,0.016,5.835,-7.642301222380995,0.048,8.436718659024358,0.0,0.024,1166.1216589498772,0.306,0.0,Bajo,Baja
Burundi,1964.0,BDI,3055656.0,2146734698.0,0.048,0.016,4.779,-7.648590046502017,0.048,8.442814957739596,0.0,0.022,1172.9714461452131,0.354,0.0,Bajo,Baja
Burundi,1965.0,BDI,3141371.0,2228969112.0,0.037,0.012,3.342,-7.649651169497551,0.037,8.450842603645313,0.0,0.016,1175.63248238387,0.391,0.0,Bajo,Baja
Burundi,1966.0,BDI,3217962.0,2329584836.0,0.048,0.015,3.537,-7.658439400654203,0.048,8.449857469401177,0.0,0.02,1174.9923279557352,0.438,0.0,Bajo,Baja
Burundi,1967.0,BDI,3300699.0,2544875606.0,0.048,0.014,3.693,-7.659220309815703,0.048,8.450122689076425,0.0,0.019,1173.6701552287345,0.486,0.0,Bajo,Baja
Burundi,1968.0,BDI,3380389.0,2516573427.0,0.055,0.016,6.865,-7.647686949691321,0.055,8.434908530297111,0.0,0.022,1173.2871201247158,0.541,0.0,Bajo,Baja
Burundi,1969.0,BDI,3454598.0,2480923278.0,0.073,0.021,4.837,-7.673066197421942,0.073,8.440452920691143,0.0,0.03,1172.9342330385703,0.614,0.001,Bajo,Baja
Burundi,1970.0,BDI,3530431.0,3145068385.0,0.062,0.018,4.201,0.0,0.062,0.9478969754770885,0.0,0.02,593.9689617896445,0.676,0.0,Bajo,Baja
Burundi,1971.0,BDI,3617295.0,3244323553.0,0.073,0.02,3.515,0.0,0.073,0.9388118078102866,0.0,0.023,592.6203799125567,0.75,0.0,Bajo,Baja
Burundi,1972.0,BDI,3617134.0,3056965200.0,0.073,0.02,4.826,0.0,0.073,0.9386677438950449,0.0,0.024,590.0709081597847,0.823,0.0,Bajo,Baja
Burundi,1973.0,BDI,3611994.0,3260400710.0,0.073,0.02,4.977,0.0,0.073,0.9425491936445728,0.0,0.022,596.4242278765964,0.896,0.0,Bajo,Baja
Burundi,1974.0,BDI,3703604.0,3249842039.0,0.092,0.025,4.866,0.0,0.092,0.9290198617583653,0.0,0.028,604.8721049440544,0.988,0.001,Bajo,Baja
Burundi,1975.0,BDI,3796617.0,3246180057.0,0.077,0.02,4.937,0.0,0.077,0.9334548670876828,0.0,0.024,589.3613986572452,1.065,0.0,Bajo,Baja
Burundi,1976.0,BDI,3882626.0,3584117520.0,0.088,0.023,5.069,0.0,0.088,0.929043430403176,0.0,0.025,599.1949761974824,1.153,0.0,Bajo,Baja
Burundi,1977.0,BDI,3983585.0,3911103339.0,0.099,0.025,5.268,0.0,0.099,0.9264537636387629,0.0,0.025,613.1104355329285,1.252,0.001,Bajo,Baja
Burundi,1978.0,BDI,4100342.0,4095033034.0,0.103,0.025,5.34,0.004,0.099,0.923111219627824,0.0,0.025,612.3902900630299,1.354,0.001,Bajo,Baja
Burundi,1979.0,BDI,4203533.0,4165106742.0,0.11,0.026,5.358,0.004,0.106,0.9181635555527192,0.0,0.026,613.3324945758061,1.464,0.001,Bajo,Baja
Burundi,1980.0,BDI,4383713.0,4081883613.0,0.147,0.033,5.133,0.007,0.139,0.8521419134641403,0.0,0.036,105.644,1.611,0.001,Bajo,Baja
Burundi,1981.0,BDI,4566017.0,4516507010.0,0.158,0.035,4.972,0.007,0.15,0.8479793743637956,0.0,0.035,114.782,1.768,0.001,Bajo,Baja
Burundi,1982.0,BDI,4681397.0,4482358891.0,0.158,0.034,5.102,0.015,0.143,0.8430728944770036,0.0,0.035,98.253,1.926,0.001,Bajo,Baja
Burundi,1983.0,BDI,4808530.0,4616672696.0,0.205,0.043,5.125,0.018,0.187,0.8223091302547028,0.0,0.044,112.321,2.131,0.001,Bajo,Baja
Burundi,1984.0,BDI,4926477.0,4605245347.0,0.22,0.045,4.797,0.019,0.201,0.813353741097984,0.0,0.048,137.425,2.351,0.001,Bajo,Baja
Burundi,1985.0,BDI,5034043.0,5124898563.0,0.231,0.046,4.686,0.015,0.216,0.813732934333279,0.0,0.045,136.942,2.582,0.001,Bajo,Baja
Burundi,1986.0,BDI,5129423.0,5315582207.0,0.234,0.046,4.883,0.018,0.216,0.8126306406244996,0.0,0.044,135.653,2.816,0.001,Bajo,Baja
Burundi,1987.0,BDI,5247790.0,5518937944.0,0.249,0.047,4.76,0.026,0.224,0.8065884324773703,0.0,0.045,143.854,3.065,0.001,Bajo,Baja
Burundi,1988.0,BDI,5365332.0,5769869430.0,0.227,0.042,4.551,0.018,0.209,0.8212652285468605,0.0,0.039,214.769,3.293,0.001,Bajo,Baja
Burundi,1989.0,BDI,5471706.0,5847419756.0,0.267,0.049,4.564,0.018,0.249,0.805690341579874,0.0,0.046,237.782,3.56,0.001,Bajo,Baja
Burundi,1990.0,BDI,5587051.0,6041848505.0,0.209,0.037,4.982,0.015,0.194,0.8709338289781767,-0.045788445410523515,0.035,245.513,3.769,0.001,Bajo,Baja
Burundi,1991.0,BDI,5703860.0,6316030264.0,0.238,0.042,5.263,0.015,0.224,0.863081792778082,-0.04682702722676324,0.038,274.805,4.007,0.001,Bajo,Baja
Burundi,1992.0,BDI,5858405.0,6377442162.0,0.216,0.037,5.054,0.018,0.198,0.8700153356460567,-0.05119681755091787,0.034,246.856,4.223,0.001,Bajo,Baja
Burundi,1993.0,BDI,5676847.0,5844277258.0,0.227,0.04,5.001,0.018,0.209,0.8688877962962711,-0.05039352754890891,0.039,288.756,4.45,0.001,Bajo,Baja
Burundi,1994.0,BDI,5713856.0,5760142060.0,0.234,0.041,5.657,0.018,0.216,0.8703646086622249,-0.05494284297665897,0.041,300.241,4.685,0.001,Bajo,Baja
Burundi,1995.0,BDI,6066319.0,5429588207.0,0.238,0.039,5.965,0.018,0.22,0.8690711762605736,-0.0701635755404515,0.044,270.712,4.923,0.001,Bajo,Baja
Burundi,1996.0,BDI,6070510.0,4794534934.0,0.242,0.04,5.941,0.018,0.224,0.8668509991210235,-0.07674825915220529,0.05,283.28,5.165,0.001,Bajo,Baja
Burundi,1997.0,BDI,6070038.0,4657583236.0,0.249,0.041,6.073,0.018,0.231,0.8637014184797539,-0.07870298030256695,0.053,283.108,5.414,0.001,Bajo,Baja
Burundi,1998.0,BDI,6187114.0,4813569995.0,0.249,0.04,6.366,0.018,0.231,0.8660255098950147,-0.08212459559750229,0.052,285.074,5.663,0.001,Bajo,Baja
Burundi,1999.0,BDI,6337155.0,4732759799.0,0.253,0.04,5.675,0.007,0.246,0.8610237235785918,-0.08497323824080705,0.053,277.378,5.916,0.001,Bajo,Baja
Burundi,2000.0,BDI,6470196.0,4647178132.0,0.271,0.042,6.191,0.007,0.264,0.8509519490981142,-0.0916442347991302,0.058,225.243,6.187,0.001,Bajo,Baja
Burundi,2001.0,BDI,6634368.0,4722946125.0,0.205,0.031,6.355,0.011,0.194,0.8790155053641767,-0.09910951139439428,0.043,177.225,6.392,0.001,Bajo,Baja
Burundi,2002.0,BDI,6824139.0,4917697691.0,0.213,0.031,5.693,0.011,0.202,0.8719469501496572,-0.10016902356766022,0.043,158.469,6.605,0.001,Bajo,Baja
Burundi,2003.0,BDI,7043158.0,4852463827.0,0.169,0.024,5.773,0.007,0.161,0.8897342118556777,-0.10993980147667992,0.035,125.226,6.773,0.001,Bajo,Baja
Burundi,2004.0,BDI,7310656.0,5086686387.0,0.198,0.027,4.753,0.007,0.191,0.8742240170253573,-0.1107398080767732,0.039,146.285,6.971,0.001,Bajo,Baja
Burundi,2005.0,BDI,7587303.0,5144959327.0,0.158,0.021,5.052,0.007,0.15,0.7731578651823539,0.0,0.031,117.998,7.129,0.001,Bajo,Baja
Burundi,2006.0,BDI,7865545.0,5422209655.0,0.187,0.024,5.602,0.015,0.172,0.7600560180767847,0.0,0.034,136.604,7.316,0.001,Bajo,Baja
Burundi,2007.0,BDI,8161879.0,5601361293.0,0.187,0.023,5.763,0.011,0.176,0.7599787140334777,0.0,0.033,212.69,7.503,0.001,Bajo,Baja
Burundi,2008.0,BDI,8505643.0,5894788502.0,0.202,0.024,5.906,0.015,0.187,0.7408378432730409,0.0,0.034,126.631,7.704,0.001,Bajo,Baja
Burundi,2009.0,BDI,8947653.0,6197653893.0,0.216,0.024,6.101,0.015,0.201,0.7259039428835983,0.0,0.035,120.272,7.92,0.001,Bajo,Baja
Burundi,2010.0,BDI,9376448.0,6558969212.0,0.333,0.036,6.702,0.018,0.315,0.685417439153384,0.0,0.051,166.689,8.254,0.001,Bajo,Baja
Burundi,2011.0,BDI,9717980.0,6787360000.0,0.414,0.043,7.544,0.011,0.403,0.6581496213919491,0.0,0.061,196.506,8.668,0.001,Bajo,Baja
Burundi,2012.0,BDI,10071033.0,7086796000.0,0.392,0.039,6.979,0.026,0.366,0.6576073537042546,0.0,0.055,175.833,9.06,0.001,Bajo,Baja
Burundi,2013.0,BDI,10439346.0,7430922000.0,0.436,0.042,7.951,0.022,0.414,0.640173222765598,0.0,0.059,186.6,9.496,0.001,Bajo,Baja
Burundi,2014.0,BDI,10799789.0,7764240000.0,0.355,0.033,8.02,0.015,0.34,0.6541496414547825,0.0,0.046,166.763,9.851,0.001,Bajo,Baja
Burundi,2015.0,BDI,11047581.0,7340438000.0,0.355,0.032,7.828,0.004,0.352,0.6428217254785197,0.0,0.048,166.04,10.206,0.001,Bajo,Baja
Burundi,2016.0,BDI,11239459.0,7554391939.0,0.429,0.038,8.23,0.037,0.392,0.6226456721996085,0.0,0.057,182.132,10.635,0.001,Bajo,Baja
Burundi,2017.0,BDI,11506764.0,7833860723.0,0.516,0.045,8.703,0.022,0.494,0.5978591974030008,0.0,0.066,210.261,11.151,0.001,Bajo,Baja
Burundi,2018.0,BDI,11859444.0,8207327776.0,0.645,0.054,8.731,0.018,0.627,0.5641121789018382,0.0,0.079,263.726,11.797,0.002,Bajo,Baja
Burundi,2019.0,BDI,12255339.0,8573379471.0,0.685,0.056,8.472,0.044,0.641,0.5494084533353635,0.0,0.08,260.234,12.482,0.002,Bajo,Baja
Burundi,2020.0,BDI,12617041.0,8635657446.0,0.739,0.059,8.414,0.026,0.711,0.5273060358466736,0.003,0.086,285.653,13.221,0.002,Bajo,Baja
Burundi,2021.0,BDI,12965487.0,8956206318.0,0.772,0.06,8.969,0.044,0.725,0.5169355719537898,0.003,0.086,272.584,13.993,0.002,Bajo,Baja
Burundi,2022.0,BDI,13321102.0,9177077459.0,0.878,0.066,9.28,0.044,0.831,0.4856533519058277,0.003,0.096,273.355,14.87,0.002,Bajo,Baja
Burundi,2023.0,BDI,13689455.0,91747352407.36076,0.901,0.066,9.288,0.051,0.848,0.3361029108844966,0.003,0.1631818761261242,277.141,15.771,0.002,,
Burundi,2024.0,BDI,14047788.0,94187870173.21803,0.917,0.065,9.702,0.052,0.862,0.32849132314876384,0.003,0.1581716441833808,212.31231827631314,16.688,0.002,,
Cambodia,1950.0,KHM,4375252.0,3433858500.0,74.19044369764192,5.121179335641892,71.594,46.146247137893084,15.908170640453534,11.489052323076791,0.0,0.38871758748969926,23203.447665682066,2402.873741383893,0.26708772848180934,Bajo,
Cambodia,1951.0,KHM,4475694.0,3550391174.0,74.34183370362928,5.138156136300663,77.205,45.99084808263184,16.21045520088778,11.487633107203266,0.0,0.38900262774611793,23288.454329528922,2402.0036545740345,0.2672671265171735,Bajo,
Cambodia,1952.0,KHM,4577965.0,3769150257.0,74.4983499249357,5.15622049645541,83.091,45.82512336535422,16.52759531523254,11.486499748971156,0.0,0.3893374208073896,23378.522782740798,2401.211912640422,0.2674372448246169,Bajo,
Cambodia,1953.0,KHM,4680458.0,3808960031.0,74.54439115650007,5.159177050888715,84.802,45.781414463602864,16.615619246018937,11.484594419215803,0.0,0.3893651001510184,23395.67593212431,2400.3369756748266,0.2677618433750882,Bajo,
Cambodia,1954.0,KHM,4783832.0,4257437625.0,74.52397054403224,5.15545949172077,84.448,45.784980190588456,16.58956327204978,11.483792750517978,0.0,0.3894110909500662,23379.333631870682,2399.9014328879434,0.26813256905355165,Bajo,
Cambodia,1955.0,KHM,4890375.0,4170306218.0,0.103,0.021,83.804,-7.240455339263232,0.103,8.08324937316409,0.0,0.025,1216.3724073832482,0.103,0.001,Bajo,Baja
Cambodia,1956.0,KHM,4999483.0,4727680195.0,0.132,0.026,87.027,-7.231433295386871,0.132,8.069305042076945,0.0,0.028,1234.9622336367238,0.234,0.002,Bajo,Baja
Cambodia,1957.0,KHM,5110435.0,5040441717.0,0.161,0.032,89.357,-7.231517296283275,0.161,8.060970900656791,0.0,0.032,1248.6913712639775,0.396,0.002,Bajo,Baja
Cambodia,1958.0,KHM,5220837.0,5295509296.0,0.198,0.038,91.813,-7.233163332582253,0.198,8.052149390891778,0.0,0.037,1258.7979414655142,0.594,0.002,Bajo,Baja
Cambodia,1959.0,KHM,5332933.0,5813117406.0,0.213,0.04,103.493,-7.1700873871029085,0.213,8.00122795181881,0.0,0.037,1271.2840443992359,0.806,0.002,Bajo,Baja
Cambodia,1960.0,KHM,5449964.0,6164508764.0,0.234,0.043,77.008,-7.338557086916332,0.234,8.126872122889893,0.0,0.038,1271.9343287402621,1.041,0.002,Bajo,Baja
Cambodia,1961.0,KHM,5571174.0,6102990907.0,0.286,0.051,61.825,-7.45036362346581,0.286,8.196157502436442,0.0,0.047,1277.2724952851759,1.326,0.003,Bajo,Baja
Cambodia,1962.0,KHM,5697559.0,6594643148.0,0.308,0.054,55.996,-7.493974594998676,0.308,8.22705678161348,0.0,0.047,1288.4538812429319,1.634,0.003,Bajo,Baja
Cambodia,1963.0,KHM,5823012.0,7098278916.0,0.388,0.067,61.365,-7.4864399854429475,0.388,8.206196432078075,0.0,0.055,1326.8205559037274,2.023,0.004,Bajo,Baja
Cambodia,1964.0,KHM,5946186.0,6902567059.0,0.337,0.057,59.188,0.033,0.305,0.8854647140799957,0.0,0.049,697.1108788982169,2.36,0.003,Bajo,Baja
Cambodia,1965.0,KHM,6072288.0,7229630031.0,0.377,0.062,52.46,0.073,0.304,0.8692849393958747,0.0,0.052,706.0716155769155,2.737,0.003,Bajo,Baja
Cambodia,1966.0,KHM,6201235.0,7566806953.0,0.44,0.071,47.972,0.099,0.341,0.8486549315089701,0.0,0.058,729.9058489736485,3.177,0.004,Bajo,Baja
Cambodia,1967.0,KHM,6332946.0,7955878847.0,0.388,0.061,44.423,0.037,0.352,0.8543934484959572,0.0,0.049,707.8004701403702,3.565,0.003,Bajo,Baja
Cambodia,1968.0,KHM,6467323.0,8314689574.0,0.462,0.071,42.491,0.095,0.366,0.8376322017839211,0.0,0.056,732.8638793073219,4.027,0.004,Bajo,Baja
Cambodia,1969.0,KHM,6604731.0,8435318750.0,1.315,0.199,39.494,0.033,1.282,0.6244952926033306,0.0,0.156,1021.0510654975842,5.342,0.01,Bajo,Media
Cambodia,1970.0,KHM,6639187.0,7624957336.0,1.154,0.174,26.62,0.033,1.121,0.6204344243451783,0.0,0.151,909.3843027151179,6.496,0.008,Bajo,Media
Cambodia,1971.0,KHM,6620880.0,7240544814.0,0.22,0.033,22.171,0.026,0.194,0.8578790191430974,0.0,0.03,626.0042757469082,6.716,0.001,Bajo,Baja
Cambodia,1972.0,KHM,6673890.0,6856061015.0,0.092,0.014,19.619,0.015,0.077,0.8875625993940809,0.0,0.013,595.5163139129722,6.808,0.001,Bajo,Baja
Cambodia,1973.0,KHM,6739737.0,9336698663.0,0.088,0.013,24.554,0.0,0.088,0.897177431297155,0.0,0.009,601.1770469366722,6.896,0.001,Bajo,Baja
Cambodia,1974.0,KHM,6783251.0,7983137395.0,0.048,0.007,18.136,0.0,0.048,0.8949970493019941,0.0,0.006,578.727142419151,6.943,0.0,Bajo,Baja
Cambodia,1975.0,KHM,6581373.0,6929422961.0,0.048,0.007,23.457,0.0,0.048,0.9058859486205832,0.0,0.007,579.5324376619499,6.991,0.0,Bajo,Baja
Cambodia,1976.0,KHM,6134989.0,7407832653.0,0.048,0.008,18.228,0.0,0.048,0.913764583521051,0.0,0.006,585.8829748310363,7.039,0.0,Bajo,Baja
Cambodia,1977.0,KHM,5668561.0,7991254920.0,0.048,0.008,23.039,0.0,0.048,0.9323788708659079,0.0,0.006,587.156710011292,7.086,0.0,Bajo,Baja
Cambodia,1978.0,KHM,5211654.0,8736406283.0,0.048,0.009,18.151,0.0,0.048,0.9408155973705767,0.0,0.005,593.1080644440003,7.134,0.0,Bajo,Baja
Cambodia,1979.0,KHM,5088812.0,8922070593.0,0.029,0.006,21.693,0.0,0.029,0.9525879596257255,0.0,0.003,586.9491930518252,7.163,0.0,Bajo,Baja
Cambodia,1980.0,KHM,5199874.0,9092187714.0,0.286,0.055,21.214,0.0,0.286,0.8512923360375703,0.0,0.031,235.129,7.449,0.001,Bajo,Baja
Cambodia,1981.0,KHM,5284493.0,9211222932.0,0.3,0.057,22.211,0.0,0.3,0.8464344732877723,0.0,0.033,243.171,7.749,0.002,Bajo,Baja
Cambodia,1982.0,KHM,5436436.0,9905037160.0,0.337,0.062,22.383,0.0,0.337,0.8389707437377886,0.0,0.034,259.406,8.086,0.002,Bajo,Baja
Cambodia,1983.0,KHM,5636206.0,10619108710.0,0.366,0.065,22.302,0.0,0.366,0.8311419895203922,0.0,0.035,280.339,8.453,0.002,Bajo,Baja
Cambodia,1984.0,KHM,5845115.0,11330466433.0,0.41,0.07,62.263,0.0,0.41,0.8694085357084598,0.0,0.036,301.034,8.863,0.002,Bajo,Baja
Cambodia,1985.0,KHM,6043782.0,12046064980.0,0.418,0.069,89.115,0.0,0.418,0.8960832612051479,0.0,0.035,291.184,9.281,0.002,Bajo,Baja
Cambodia,1986.0,KHM,6285699.0,12748870037.0,0.432,0.069,122.959,0.0,0.432,0.9292827288164882,0.0,0.034,280.773,9.713,0.002,Bajo,Baja
Cambodia,1987.0,KHM,6557971.0,12486216005.0,0.436,0.066,146.197,0.0,0.436,0.9475225778936492,0.0,0.035,269.878,10.149,0.002,Bajo,Baja
Cambodia,1988.0,KHM,6812012.0,12803094474.0,0.451,0.066,135.174,0.0,0.451,0.9273974181474107,0.0,0.035,280.069,10.6,0.002,Bajo,Baja
Cambodia,1989.0,KHM,7073472.0,13115360053.0,0.451,0.064,94.468,0.0,0.451,0.8728045402739443,0.0,0.034,269.565,11.051,0.002,Bajo,Baja
Cambodia,1990.0,KHM,7374754.0,13119771234.0,1.26,0.171,76.431,-7.680468581852454,1.26,8.146958366472852,0.0,0.096,259.637,12.311,0.006,Bajo,Baja
Cambodia,1991.0,KHM,7686857.0,13798587857.0,1.304,0.17,61.88,-7.784702213646847,1.304,8.222301155405809,0.0,0.095,264.771,13.615,0.006,Bajo,Baja
Cambodia,1992.0,KHM,8113085.0,14439550426.0,1.348,0.166,55.284,-7.842737848797059,1.348,8.2598898607211,0.0,0.093,251.897,14.964,0.006,Bajo,Baja
Cambodia,1993.0,KHM,8616383.0,14667326402.0,1.385,0.161,53.24,-7.877999669535832,1.385,8.27446584575856,0.0,0.094,236.789,16.349,0.006,Bajo,Baja
Cambodia,1994.0,KHM,9239160.0,15501963200.0,1.425,0.154,51.157,-7.915098214791378,1.425,8.29224731592822,0.0,0.092,221.044,17.774,0.006,Bajo,Baja
Cambodia,1995.0,KHM,10018500.0,16125089863.0,1.499,0.15,50.727,-7.962058267441952,1.499,8.344072766379501,0.0,0.093,604.913,19.273,0.006,Bajo,Baja
Cambodia,1996.0,KHM,10801268.0,16613603930.0,1.517,0.14,47.281,-8.008649224320399,1.517,8.369222656587741,0.0,0.091,617.202,20.789,0.006,Bajo,Baja
Cambodia,1997.0,KHM,11570986.0,17142178985.0,1.466,0.127,49.469,-8.00740939493162,1.466,8.369474000231651,0.0,0.085,684.69,22.255,0.006,Bajo,Baja
Cambodia,1998.0,KHM,12058180.0,17586612782.0,1.876,0.156,48.416,-8.109862220184771,1.876,8.401842236968463,0.0,0.107,770.722,24.131,0.008,Bajo,Baja
Cambodia,1999.0,KHM,12265734.0,19228281616.0,1.894,0.154,58.961,-8.050664522519437,1.894,8.363299622741698,0.0,0.099,781.196,26.025,0.008,Bajo,Baja
Cambodia,2000.0,KHM,12462343.0,20435399154.0,1.997,0.16,64.275,-8.040464617109468,1.997,8.343265557460105,0.0,0.098,711.57,28.022,0.008,Bajo,Baja
Cambodia,2001.0,KHM,12658486.0,21587210573.0,2.235,0.177,64.071,-8.089088333504707,2.235,8.363020150998478,0.0,0.104,744.975,30.257,0.009,Bajo,Baja
Cambodia,2002.0,KHM,12855249.0,22474402661.0,2.154,0.168,63.016,-8.087515258924455,2.154,8.37136336518936,0.0,0.096,732.305,32.412,0.008,Bajo,Baja
Cambodia,2003.0,KHM,13050977.0,23833222981.0,2.253,0.173,68.149,-8.08104783678283,2.253,8.365238929312028,0.0,0.095,782.703,34.665,0.008,Bajo,Baja
Cambodia,2004.0,KHM,13244737.0,25705927295.0,2.239,0.169,69.559,-8.073767288576217,2.239,8.368824008509804,0.0,0.087,797.893,36.904,0.008,Bajo,Baja
Cambodia,2005.0,KHM,13439203.0,28474467511.0,2.209,0.164,56.498,-8.15792549646601,2.209,8.452746664061436,0.0,0.078,890.318,39.113,0.007,Bajo,Baja
Cambodia,2006.0,KHM,13639032.0,30776292972.0,2.847,0.209,50.543,-8.30541239289609,2.847,8.525059874922547,0.0,0.093,949.561,41.96,0.009,Medio,Baja
Cambodia,2007.0,KHM,13841773.0,33022342696.0,3.489,0.252,49.509,-8.404899337684572,3.437,8.56828156340142,0.053,0.106,1099.202,45.45,0.011,Medio,Baja
Cambodia,2008.0,KHM,14053479.0,34271375874.0,3.936,0.28,48.684,0.048,3.517,0.36783398474157214,0.371,0.115,1137.172,49.386,0.012,Medio,Baja
Cambodia,2009.0,KHM,14276819.0,34042366543.0,4.579,0.321,57.443,0.059,4.173,0.32309899998432234,0.347,0.135,1385.545,53.965,0.015,Medio,Baja
Cambodia,2010.0,KHM,14500730.0,34365990229.0,5.067,0.349,62.385,0.084,4.613,0.2930723410342264,0.37,0.147,1574.498,59.033,0.015,Medio,Baja
Cambodia,2011.0,KHM,14722587.0,35746712625.0,5.271,0.358,72.05,0.099,4.741,0.29116179552981114,0.431,0.147,1602.25,64.304,0.015,Medio,Baja
Cambodia,2012.0,KHM,14945090.0,38360866456.0,5.572,0.373,76.857,0.132,4.954,0.28609300170305707,0.487,0.145,1703.96,69.876,0.016,Medio,Baja
Cambodia,2013.0,KHM,15170210.0,41183075555.0,5.626,0.371,79.991,0.198,4.921,0.2983663432942333,0.507,0.137,1725.298,75.502,0.016,Medio,Baja
Cambodia,2014.0,KHM,15396771.0,44124784572.0,6.702,0.435,90.261,1.092,5.099,0.2561513556246433,0.51,0.152,1792.547,82.204,0.019,Medio,Media
Cambodia,2015.0,KHM,15623253.0,47229402407.0,8.186,0.524,89.092,1.931,5.602,0.18330654700768423,0.653,0.173,2045.979,90.39,0.023,Medio,Media
Cambodia,2016.0,KHM,15852802.0,50470756754.0,10.644,0.671,93.025,2.681,6.542,0.06889624445621845,1.421,0.211,2504.222,101.034,0.03,Medio,Media
Cambodia,2017.0,KHM,16073374.0,54002196805.0,12.087,0.752,92.826,3.166,6.621,0.012053276291827508,2.301,0.224,2612.837,113.121,0.034,Medio,Media
Cambodia,2018.0,KHM,16274522.0,58035619609.0,13.938,0.856,96.588,3.364,7.258,-0.04546363145645227,3.316,0.24,3033.558,127.058,0.038,Medio,Media
Cambodia,2019.0,KHM,16481305.0,62129452776.0,18.626,1.13,101.531,4.488,9.131,-0.2651709437755878,5.007,0.3,3629.568,145.685,0.05,Medio,Media
Cambodia,2020.0,KHM,16725484.0,60205930987.0,20.991,1.255,99.048,6.441,9.204,-0.4034686678227679,5.346,0.349,3623.188,166.675,0.06,Medio,Alta
Cambodia,2021.0,KHM,16974309.0,62027758832.0,20.775,1.224,86.611,5.705,9.16,-0.3618342822606415,5.887,0.335,3779.001,187.451,0.056,Medio,Alta
Cambodia,2022.0,KHM,17201721.0,65136593996.0,20.865,1.213,89.891,5.444,9.399,-0.36959841044504316,6.022,0.32,3826.666,208.316,0.056,Medio,Alta
Cambodia,2023.0,KHM,17423884.0,117171742805.95088,21.412,1.229,91.411,6.034,9.355,-0.23245847726771096,6.022,0.25251932714921294,4590.688,229.727,0.056,,
Cambodia,2024.0,KHM,17638804.0,118637818733.34506,21.883,1.241,91.824,6.078,9.783,-0.0885888177150278,6.022,0.2408266495986832,6446.670164751182,251.61,0.057,,
Cameroon,1950.0,CMR,4330088.0,5229722177.0,0.139,0.032,49.147,0.021,0.118,0.9659494572059882,0.0,0.027,653.8945991503351,0.139,0.002,Bajo,Baja
Cameroon,1951.0,CMR,4395365.0,5417063378.0,0.183,0.042,50.678,0.04,0.143,0.9533694148681737,0.0,0.034,681.8355369528615,0.322,0.003,Bajo,Baja
Cameroon,1952.0,CMR,4464718.0,5620173055.0,0.282,0.063,51.502,0.063,0.219,0.9223498489865931,0.0,0.05,730.2840406785356,0.605,0.004,Bajo,Baja
Cameroon,1953.0,CMR,4538446.0,5824487306.0,0.202,0.044,55.847,0.025,0.176,0.9534342879858138,0.0,0.035,688.7061836799958,0.806,0.003,Bajo,Baja
Cameroon,1954.0,CMR,4616889.0,6040446081.0,0.231,0.05,53.333,0.0,0.231,0.9401247710707519,0.0,0.038,705.7531644521505,1.037,0.003,Bajo,Baja
Cameroon,1955.0,CMR,4700267.0,6263420101.0,0.234,0.05,57.21,0.0,0.231,0.9432288132664226,0.004,0.037,710.4038744743384,1.271,0.003,Bajo,Baja
Cameroon,1956.0,CMR,4788341.0,6493816964.0,0.238,0.05,60.744,0.004,0.227,0.9460148992015002,0.007,0.037,711.406503499737,1.509,0.003,Bajo,Baja
Cameroon,1957.0,CMR,4878935.0,6732063101.0,0.256,0.053,61.436,0.004,0.249,0.9407364141083896,0.004,0.038,720.8726145750072,1.766,0.003,Bajo,Baja
Cameroon,1958.0,CMR,4972220.0,6978686175.0,0.278,0.056,66.145,0.004,0.271,0.9394050452769499,0.004,0.04,728.8249119207003,2.044,0.003,Bajo,Baja
Cameroon,1959.0,CMR,5070072.0,7234105283.0,0.278,0.055,66.072,0.0,0.275,0.9398146305402673,0.004,0.038,730.2388806854756,2.323,0.003,Bajo,Baja
Cameroon,1960.0,CMR,5159059.0,7437215449.0,0.271,0.053,58.879,0.004,0.267,0.933131021174277,0.0,0.036,724.0253042581273,2.594,0.003,Bajo,Baja
Cameroon,1961.0,CMR,5239281.0,7528597016.0,0.282,0.054,58.883,0.004,0.278,0.9286125985378032,0.0,0.037,724.9338083520543,2.876,0.003,Bajo,Baja
Cameroon,1962.0,CMR,5338626.0,7757674335.0,0.289,0.054,52.757,0.0,0.289,0.9177907523402328,0.0,0.037,722.4194502338698,3.166,0.003,Bajo,Baja
Cameroon,1963.0,CMR,5456615.0,8048988251.0,0.3,0.055,54.556,0.0,0.3,0.9161125938614174,0.0,0.037,726.7668926043693,3.466,0.003,Bajo,Baja
Cameroon,1964.0,CMR,5578261.0,8333998159.0,0.337,0.06,58.622,0.0,0.337,0.910937408139882,0.0,0.04,740.2390362391429,3.803,0.003,Bajo,Baja
Cameroon,1965.0,CMR,5704688.0,8502576803.0,0.311,0.055,56.311,0.0,0.311,0.910477875840675,0.0,0.037,725.8779334316996,4.114,0.003,Bajo,Baja
Cameroon,1966.0,CMR,5837300.0,8896457126.0,0.344,0.059,58.156,0.0,0.344,0.9041262922482858,0.0,0.039,737.1161484463344,4.459,0.003,Bajo,Baja
Cameroon,1967.0,CMR,5977315.0,9142134955.0,0.458,0.077,51.767,0.004,0.454,0.8698839260941957,0.0,0.05,785.9807093005115,4.917,0.004,Bajo,Baja
Cameroon,1968.0,CMR,6125860.0,9741294164.0,0.506,0.083,53.507,0.004,0.502,0.8624236534149194,0.0,0.052,805.9621107910716,5.423,0.004,Bajo,Baja
Cameroon,1969.0,CMR,6283470.0,10221153615.0,0.572,0.091,50.779,0.004,0.568,0.845142779814015,0.0,0.056,827.2273965737879,5.994,0.004,Bajo,Baja
Cameroon,1970.0,CMR,6449795.0,10527337004.0,0.637,0.099,51.536,0.004,0.619,0.8298623520081638,0.015,0.061,849.4274136561451,6.632,0.004,Bajo,Baja
Cameroon,1971.0,CMR,6624415.0,10841245253.0,0.809,0.122,53.126,0.004,0.736,0.800398160253914,0.069,0.075,923.8980497303996,7.441,0.005,Bajo,Baja
Cameroon,1972.0,CMR,6806873.0,11317896865.0,0.86,0.126,53.735,0.004,0.773,0.7918417243234914,0.084,0.076,940.4755199455681,8.301,0.005,Bajo,Baja
Cameroon,1973.0,CMR,6996661.0,11480018938.0,0.897,0.128,58.43,0.004,0.799,0.7885160884791873,0.094,0.078,945.5752310528605,9.198,0.005,Bajo,Baja
Cameroon,1974.0,CMR,7193589.0,11988955687.0,0.974,0.135,63.014,0.004,0.865,0.7811757663916128,0.105,0.081,975.0906708691546,10.172,0.006,Bajo,Baja
Cameroon,1975.0,CMR,7397126.0,12613605449.0,1.161,0.157,64.931,0.004,1.041,0.7527283671637535,0.116,0.092,1045.7452775630072,11.332,0.007,Bajo,Baja
Cameroon,1976.0,CMR,7597962.0,12847952000.0,1.089,0.143,68.549,0.0,0.942,0.7664443683721038,0.147,0.085,1005.4830910984906,12.421,0.006,Bajo,Baja
Cameroon,1977.0,CMR,7796510.0,13583540189.0,1.559,0.2,58.22,0.0,1.385,0.6815971031704948,0.174,0.115,1177.60099370548,13.98,0.008,Bajo,Baja
Cameroon,1978.0,CMR,8011917.0,14322935515.0,1.993,0.249,73.874,0.0,1.825,0.6368023331392089,0.169,0.139,1334.5642573590367,15.974,0.01,Bajo,Baja
Cameroon,1979.0,CMR,8239642.0,15104234208.0,1.815,0.22,66.837,0.0,1.583,0.6639402435499228,0.232,0.12,1267.2450119222372,17.789,0.009,Bajo,Baja
Cameroon,1980.0,CMR,8512217.0,16648724023.0,3.886,0.457,65.405,0.0,3.649,0.3289089028855894,0.237,0.233,1296.796,21.675,0.02,Bajo,Media
Cameroon,1981.0,CMR,8816377.0,19480161079.0,5.319,0.603,61.928,0.004,5.078,0.15284986183211935,0.237,0.273,1298.962,26.994,0.028,Bajo,Media
Cameroon,1982.0,CMR,9028676.0,20950721521.0,6.316,0.7,67.788,0.004,6.071,0.057527812023292046,0.241,0.301,1495.434,33.31,0.034,Medio,Media
Cameroon,1983.0,CMR,9215395.0,22424580048.0,6.554,0.711,65.996,0.004,6.276,0.048253091995517305,0.274,0.292,1462.421,39.864,0.035,Medio,Media
Cameroon,1984.0,CMR,9475085.0,24174472998.0,6.053,0.639,64.532,0.004,6.049,0.13283357755277314,0.0,0.25,1436.527,45.917,0.031,Medio,Media
Cameroon,1985.0,CMR,9761728.0,26344696801.0,6.471,0.663,73.411,0.004,6.467,0.11910978632384794,0.0,0.246,1472.349,52.388,0.032,Medio,Media
Cameroon,1986.0,CMR,10060342.0,28252385637.0,1.993,0.198,61.224,0.004,1.99,0.688328384811565,0.0,0.071,1563.531,54.381,0.01,Medio,Baja
Cameroon,1987.0,CMR,10370753.0,26852607960.0,1.843,0.178,54.314,0.004,1.839,0.6753516772867333,0.0,0.069,1417.452,56.224,0.009,Medio,Baja
Cameroon,1988.0,CMR,10684972.0,25616631165.0,2.154,0.202,56.623,0.004,1.906,0.6278809154570097,0.245,0.084,1348.286,58.378,0.01,Medio,Baja
Cameroon,1989.0,CMR,11002749.0,23322584730.0,7.578,0.689,65.955,0.004,7.317,-0.08424477530678631,0.257,0.325,1565.075,65.956,0.034,Bajo,Alta
Cameroon,1990.0,CMR,11331827.0,22937075576.0,2.605,0.23,56.757,0.004,2.345,0.5541681768063516,0.256,0.114,1538.258,68.56,0.011,Bajo,Baja
Cameroon,1991.0,CMR,11667186.0,22472507403.0,2.668,0.229,57.265,0.004,2.451,0.5298975898428586,0.214,0.119,1503.81,71.229,0.011,Bajo,Baja
Cameroon,1992.0,CMR,12006362.0,22168696553.0,2.712,0.226,53.796,0.004,2.455,0.5096387904832742,0.254,0.122,1478.863,73.941,0.012,Bajo,Baja
Cameroon,1993.0,CMR,12353131.0,21846592889.0,2.866,0.232,56.184,0.004,2.609,0.4600081627179722,0.253,0.131,1223.686,76.807,0.013,Bajo,Baja
Cameroon,1994.0,CMR,12704900.0,21685984140.0,4.88,0.384,59.758,0.004,2.642,2.2421550832926576,0.195,0.225,1292.411,81.687,0.021,Bajo,Media
Cameroon,1995.0,CMR,13058517.0,22791497700.0,5.375,0.412,58.283,0.004,2.975,2.31784884477967,0.225,0.236,1287.891,87.061,0.023,Bajo,Media
Cameroon,1996.0,CMR,13414761.0,24336586345.0,5.975,0.445,68.51,0.004,3.466,2.472662538536209,0.124,0.246,1227.809,93.036,0.025,Bajo,Media
Cameroon,1997.0,CMR,13775216.0,26071011666.0,5.379,0.39,63.694,0.004,2.902,2.4025808082806526,0.252,0.206,1252.557,98.415,0.022,Bajo,Media
Cameroon,1998.0,CMR,14144857.0,27818636369.0,5.373,0.38,73.539,-6.058672403786996,2.836,8.32890660285101,0.3,0.193,1217.582,103.788,0.022,Bajo,Media
Cameroon,1999.0,CMR,14525145.0,29453506980.0,5.219,0.359,71.152,-6.054673169057791,2.653,8.32563703087194,0.344,0.177,1122.113,109.008,0.021,Bajo,Media
Cameroon,2000.0,CMR,14912632.0,31207712778.0,5.589,0.375,66.961,-6.119333006969149,2.986,8.371722976393254,0.36,0.179,1139.795,114.596,0.022,Bajo,Media
Cameroon,2001.0,CMR,15309489.0,33173869115.0,5.562,0.363,62.2,-6.146794868679269,2.931,8.391889546518314,0.395,0.168,1092.551,120.159,0.022,Bajo,Media
Cameroon,2002.0,CMR,15725534.0,35058274715.0,5.351,0.34,65.554,2.495194310636852,2.95,0.0,0.376,0.153,1088.163,125.509,0.02,Bajo,Media
Cameroon,2003.0,CMR,16160340.0,37066671075.0,5.705,0.353,69.016,2.4456960766851785,3.32,0.0,0.379,0.154,1122.792,131.214,0.021,Medio,Media
Cameroon,2004.0,CMR,16610485.0,39050234319.0,5.698,0.343,64.708,2.270062910272852,3.44,0.0,0.411,0.146,1117.777,136.912,0.02,Medio,Baja
Cameroon,2005.0,CMR,17074599.0,40566543367.0,5.424,0.318,63.555,2.2696816791048406,3.195,0.0,0.396,0.134,1051.854,142.336,0.018,Medio,Baja
Cameroon,2006.0,CMR,17550403.0,42544656064.0,5.486,0.313,63.154,2.1680150943216105,3.36,0.0,0.393,0.129,1312.83,147.822,0.018,Medio,Baja
Cameroon,2007.0,CMR,18049897.0,44640871980.0,7.409,0.41,69.602,1.9960185056144253,4.573,0.685,0.445,0.166,1277.756,155.231,0.024,Medio,Media
Cameroon,2008.0,CMR,18574052.0,46686367319.0,7.321,0.394,89.964,2.2361618975610043,4.33,0.711,0.385,0.157,1229.333,162.552,0.023,Medio,Media
Cameroon,2009.0,CMR,19113978.0,48395507236.0,8.555,0.448,111.362,2.224426686362639,5.581,0.59,0.424,0.177,1337.605,171.107,0.027,Medio,Media
Cameroon,2010.0,CMR,19668063.0,50826589427.0,8.383,0.426,83.895,1.9300814254039569,5.683,0.594,0.386,0.165,1516.104,179.49,0.025,Medio,Media
Cameroon,2011.0,CMR,20232312.0,53836234148.0,8.105,0.401,73.578,1.7830260935882327,5.658,0.425,0.438,0.151,1562.703,187.596,0.024,Medio,Media
Cameroon,2012.0,CMR,20809530.0,56263171005.0,7.607,0.366,63.15,1.6644704573328513,5.163,0.509,0.487,0.135,1539.453,195.203,0.022,Medio,Baja
Cameroon,2013.0,CMR,21402379.0,59069016946.0,7.853,0.367,69.19,1.7590065672585595,5.159,0.586,0.545,0.133,1261.96,203.056,0.022,Medio,Baja
Cameroon,2014.0,CMR,22059894.0,62482615428.0,8.775,0.398,63.479,1.8180660221666693,5.734,0.85,0.504,0.14,1619.597,211.831,0.025,Medio,Baja
Cameroon,2015.0,CMR,22763418.0,65981645134.0,9.85,0.433,72.208,2.114828288109323,6.213,0.942,0.659,0.149,1584.326,221.681,0.028,Medio,Baja
Cameroon,2016.0,CMR,23454165.0,68936963106.0,9.965,0.425,71.561,2.086607709864385,6.035,1.011,0.907,0.145,1495.517,231.646,0.028,Medio,Baja
Cameroon,2017.0,CMR,24128609.0,71378025048.0,9.582,0.397,76.429,2.0765770976240256,5.507,1.121,0.992,0.134,1432.621,241.228,0.027,Medio,Baja
Cameroon,2018.0,CMR,24806377.0,74248839020.0,9.844,0.397,67.731,2.103975475071164,5.28,1.458,1.097,0.133,1512.495,251.071,0.027,Medio,Baja
Cameroon,2019.0,CMR,25506095.0,76789634582.0,9.605,0.377,65.778,2.040655273291266,5.238,1.327,1.077,0.125,1426.042,260.677,0.026,Medio,Baja
Cameroon,2020.0,CMR,26210566.0,77203536828.0,9.716,0.371,68.029,1.782418699611303,4.99,1.7,1.333,0.126,1442.474,270.393,0.028,Medio,Baja
Cameroon,2021.0,CMR,26915765.0,80020685294.0,9.734,0.362,65.718,1.5339649401652693,5.137,1.385,1.744,0.122,1339.79,280.127,0.026,Medio,Baja
Cameroon,2022.0,CMR,27632770.0,82727797383.0,9.792,0.354,67.212,1.4422884019068567,5.354,1.215,1.821,0.118,1320.112,289.919,0.026,Medio,Baja
Cameroon,2023.0,CMR,28372690.0,191697284400.93277,9.695,0.342,64.696,1.0516807154866843,5.522,1.098,1.821,0.17337531709466952,1251.839,299.614,0.025,,
Cameroon,2024.0,CMR,29123748.0,196809176989.93506,9.632,0.331,64.827,0.8248743721176375,5.599,1.114,1.821,0.17420693315567898,872.2562360215943,309.245,0.025,,
Canada,1950.0,CAN,13741740.0,162840745031.0,154.134,11.216,505.042,96.821,52.446,3.554,1.312,0.947,62041.96719115657,4506.218,2.599,Alto,Alta
Canada,1951.0,CAN,14083298.0,172068412379.0,162.682,11.551,519.937,96.883,60.383,4.082,1.334,0.945,63559.17197332729,4668.9,2.549,Alto,Alta
Canada,1952.0,CAN,14482799.0,184612801628.0,159.409,11.007,543.634,89.85,63.829,4.276,1.454,0.863,61141.20734029505,4828.309,2.465,Alto,Alta
Canada,1953.0,CAN,14897877.0,193223630250.0,160.612,10.781,560.395,82.938,69.847,4.811,1.744,0.831,59382.56272717944,4988.92,2.415,Alto,Alta
Canada,1954.0,CAN,15318987.0,191888000078.0,162.968,10.638,577.101,80.084,75.178,5.947,1.759,0.849,59987.465762016465,5151.888,2.4,Alto,Alta
Canada,1955.0,CAN,15728281.0,209810259453.0,169.477,10.775,593.722,72.215,85.758,7.438,1.973,0.808,59063.40818703172,5321.364,2.277,Alto,Alta
Canada,1956.0,CAN,16159621.0,226794207099.0,189.802,11.745,611.303,78.483,97.206,8.541,2.253,0.837,63342.745983530884,5511.167,2.395,Alto,Alta
Canada,1957.0,CAN,16641329.0,233362306798.0,182.815,10.986,636.342,64.926,100.122,10.864,2.711,0.783,59259.44815870533,5693.982,2.233,Alto,Alta
Canada,1958.0,CAN,17104091.0,237535639136.0,182.155,10.65,633.099,57.265,104.567,13.429,2.758,0.767,58094.01803995515,5876.138,2.164,Alto,Alta
Canada,1959.0,CAN,17515522.0,247152347166.0,184.481,10.532,648.453,53.546,107.659,17.305,2.817,0.746,58555.37282612783,6060.619,2.083,Alto,Alta
Canada,1960.0,CAN,17898793.0,254857914000.0,192.716,10.767,631.593,49.639,115.74,21.537,2.595,0.756,60161.34473448852,6253.335,2.053,Alto,Alta
Canada,1961.0,CAN,18263078.0,262380470000.0,194.001,10.623,615.665,45.595,118.662,22.966,2.784,0.739,59391.17084305432,6447.335,2.061,Alto,Alta
Canada,1962.0,CAN,18613597.0,280743758173.0,206.991,11.12,595.135,47.031,126.287,25.978,3.086,0.737,62057.56815290812,6654.326,2.124,Alto,Alta
Canada,1963.0,CAN,18964258.0,294939651718.0,210.911,11.121,598.505,46.599,134.271,22.365,3.144,0.715,61653.437615870775,6865.237,2.054,Alto,Alta
Canada,1964.0,CAN,19321670.0,314154758480.0,237.578,12.296,630.649,51.919,143.72,34.159,3.547,0.756,69272.2455710458,7102.815,2.195,Alto,Alta
Canada,1965.0,CAN,19685517.0,335067002089.0,251.917,12.797,656.695,54.179,151.746,38.035,3.747,0.752,70561.32,7354.732,2.227,Alto,Alta
Canada,1966.0,CAN,20053667.0,356785359843.0,259.074,12.919,620.096,52.582,155.826,42.422,4.001,0.726,73741.68,7613.807,2.184,Alto,Alta
Canada,1967.0,CAN,20408776.0,367635455894.0,281.637,13.8,652.426,57.316,171.49,45.064,3.583,0.766,75766.008,7895.443,2.301,Alto,Alta
Canada,1968.0,CAN,20734173.0,386855293552.0,303.261,14.626,634.903,60.578,179.205,55.525,3.66,0.784,79366.086,8198.705,2.35,Alto,Alta
Canada,1969.0,CAN,21037620.0,407255996179.0,307.119,14.599,677.469,59.122,181.527,58.297,3.7,0.754,82963.18,8505.824,2.232,Alto,Alta
Canada,1970.0,CAN,21440022.0,417751987404.0,341.232,15.916,688.284,58.869,211.372,62.625,3.562,0.817,87153.055,8847.056,2.29,Alto,Alta
Canada,1971.0,CAN,21895694.0,441056641421.0,352.317,16.091,711.904,55.905,220.327,67.469,4.068,0.799,88014.82,9199.373,2.272,Alto,Alta
Canada,1972.0,CAN,22230876.0,464342126500.0,380.814,17.13,705.904,62.177,233.318,76.485,4.477,0.82,93305.891,9580.187,2.347,Alto,Alta
Canada,1973.0,CAN,22512229.0,497617451000.0,381.299,16.937,714.617,52.04,238.175,81.868,4.995,0.766,100058.656,9961.485,2.233,Alto,Alta
Canada,1974.0,CAN,22824085.0,517951814410.0,389.632,17.071,735.087,48.522,248.922,83.516,5.135,0.752,101795.938,10351.117,2.292,Alto,Alta
Canada,1975.0,CAN,23148981.0,529610716972.0,396.79,17.141,731.343,61.288,241.987,85.914,4.933,0.749,98878.531,10747.907,2.336,Alto,Alta
Canada,1976.0,CAN,23455783.0,558634695000.0,398.966,17.009,752.768,59.104,233.734,98.928,4.767,0.714,102191.805,11146.873,2.234,Alto,Alta
Canada,1977.0,CAN,23730341.0,577419655478.0,407.79,17.184,754.494,65.032,233.702,101.954,4.776,0.706,106848.125,11554.663,2.221,Alto,Alta
Canada,1978.0,CAN,23978742.0,600763301726.0,415.532,17.329,752.223,69.513,233.823,104.551,5.113,0.692,107771.141,11970.196,2.184,Alto,Alta
Canada,1979.0,CAN,24237173.0,625737107568.0,441.684,18.223,791.542,76.032,244.296,112.574,5.833,0.706,109757.227,12411.881,2.264,Alto,Alta
Canada,1980.0,CAN,24533779.0,634113667343.0,442.843,18.05,795.95,81.168,241.294,112.041,5.208,0.698,110528.969,12854.724,2.282,Alto,Alta
Canada,1981.0,CAN,24844977.0,653774400000.0,429.622,17.292,774.426,83.682,227.908,110.026,5.034,0.657,108503.625,13284.346,2.276,Alto,Alta
Canada,1982.0,CAN,25140164.0,633852996724.0,414.455,16.486,745.238,88.442,208.643,110.327,4.182,0.654,104002.023,13698.801,2.213,Alto,Alta
Canada,1983.0,CAN,25412605.0,652317707519.0,408.335,16.068,729.674,93.52,193.811,114.031,3.906,0.626,102323.438,14107.136,2.16,Alto,Alta
Canada,1984.0,CAN,25670376.0,689733525765.0,425.237,16.565,785.198,102.918,192.507,121.231,4.276,0.617,107756.992,14532.372,2.185,Alto,Alta
Canada,1985.0,CAN,25927463.0,727013329052.0,421.726,16.266,747.777,99.771,186.659,125.225,5.063,0.58,110202.641,14954.099,2.093,Alto,Alta
Canada,1986.0,CAN,26211036.0,746074615843.0,404.715,15.441,758.581,92.491,186.43,115.783,5.27,0.542,110065.242,15358.814,1.98,Alto,Alta
Canada,1987.0,CAN,26540913.0,776472503351.0,430.982,16.238,778.645,99.031,201.864,119.12,6.259,0.555,112189.555,15789.795,2.042,Alto,Alta
Canada,1988.0,CAN,26927938.0,814240093652.0,455.673,16.922,795.942,106.413,210.88,127.202,5.986,0.56,115004.945,16245.468,2.079,Alto,Alta
Canada,1989.0,CAN,27366046.0,833918743195.0,462.889,16.915,802.299,106.901,206.642,138.422,6.263,0.555,114280.016,16708.357,2.085,Alto,Alta
Canada,1990.0,CAN,27789437.0,835996817449.0,458.018,16.482,802.014,99.139,212.193,125.706,5.823,0.548,108263.508,17166.375,2.015,Alto,Alta
Canada,1991.0,CAN,28157154.0,820274272433.0,449.776,15.974,780.829,104.152,199.964,125.276,4.771,0.548,107284.562,17616.152,1.938,Alto,Alta
Canada,1992.0,CAN,28500066.0,829742094636.0,463.393,16.259,812.695,106.985,202.862,132.473,4.804,0.558,108832.219,18079.545,2.058,Alto,Alta
Canada,1993.0,CAN,28830635.0,853775990714.0,464.072,16.096,812.271,99.618,206.16,137.022,4.893,0.544,110299.57,18543.615,2.04,Alto,Alta
Canada,1994.0,CAN,29147383.0,894851932653.0,478.468,16.415,839.308,103.287,211.173,140.26,5.769,0.535,113257.367,19022.084,2.083,Alto,Alta
Canada,1995.0,CAN,29459138.0,921360066054.0,491.305,16.678,862.328,104.709,213.868,147.985,6.529,0.533,114799.25,19513.389,2.089,Alto,Alta
Canada,1996.0,CAN,29767210.0,938872519434.0,507.775,17.058,901.971,106.867,220.802,154.547,6.185,0.541,116706.812,20021.164,2.095,Alto,Alta
Canada,1997.0,CAN,30059088.0,981728042651.0,522.019,17.366,879.081,113.731,228.749,153.155,6.657,0.532,116146.086,20543.184,2.141,Alto,Alta
Canada,1998.0,CAN,30329971.0,1022474596969.0,529.615,17.462,882.794,119.841,231.618,149.967,6.828,0.518,113457.711,21072.797,2.18,Alto,Alta
Canada,1999.0,CAN,30599458.0,1078414980757.0,543.859,17.774,901.371,120.136,234.589,162.468,7.118,0.504,116044.836,21616.658,2.19,Alto,Alta
Canada,2000.0,CAN,30891800.0,1137681278760.0,566.68,18.344,959.412,129.483,237.243,173.031,7.232,0.498,118073.062,22183.338,2.221,Alto,Alta
Canada,2001.0,CAN,31213578.0,1161459919261.0,558.981,17.908,947.803,126.847,241.282,165.269,6.983,0.481,114440.516,22742.316,2.176,Alto,Alta
Canada,2002.0,CAN,31535579.0,1199865635264.0,564.256,17.893,937.466,124.528,242.197,171.331,7.148,0.47,117118.281,23306.574,2.148,Alto,Alta
Canada,2003.0,CAN,31836483.0,1224575760991.0,581.19,18.255,948.6,123.577,257.913,173.956,7.248,0.475,116565.047,23887.766,2.102,Alto,Alta
Canada,2004.0,CAN,32132680.0,1265917327101.0,576.286,17.935,948.803,116.233,263.667,169.728,7.52,0.455,117265.898,24464.051,2.014,Alto,Alta
Canada,2005.0,CAN,32440172.0,1310077836124.0,570.396,17.583,937.127,117.261,258.105,168.709,7.614,0.435,117037.102,25034.447,1.927,Alto,Alta
Canada,2006.0,CAN,32759174.0,1348293394113.0,566.315,17.287,910.424,114.604,256.937,168.049,7.728,0.42,112017.781,25600.762,1.851,Alto,Alta
Canada,2007.0,CAN,33092171.0,1379925831954.0,589.956,17.828,907.137,119.204,263.617,180.415,7.731,0.428,118416.227,26190.719,1.873,Alto,Alta
Canada,2008.0,CAN,33449088.0,1397938727409.0,574.214,17.167,884.187,113.144,255.22,180.742,6.988,0.411,115754.156,26764.934,1.792,Alto,Alta
Canada,2009.0,CAN,33826370.0,1360538049277.0,541.13,15.997,798.718,93.714,251.479,173.864,5.364,0.398,109988.281,27306.064,1.717,Alto,Alta
Canada,2010.0,CAN,34196900.0,1406355361431.0,554.307,16.209,796.322,96.395,257.185,177.71,6.005,0.394,109967.695,27860.369,1.664,Alto,Alta
Canada,2011.0,CAN,34555449.0,1454221365109.0,562.832,16.288,850.878,87.382,258.636,193.459,6.02,0.387,112865.477,28423.203,1.632,Alto,Alta
Canada,2012.0,CAN,34922513.0,1479829523672.0,561.77,16.086,857.8,82.209,258.238,196.532,6.532,0.38,111724.289,28984.973,1.607,Alto,Alta
Canada,2013.0,CAN,35293421.0,1514296485427.0,568.59,16.11,864.227,79.921,259.85,203.564,5.973,0.375,113458.836,29553.562,1.612,Alto,Alta
Canada,2014.0,CAN,35634265.0,1557757464897.0,564.938,15.854,879.992,77.558,252.104,210.171,5.912,0.363,112508.438,30118.5,1.593,Alto,Alta
Canada,2015.0,CAN,35962236.0,1568025782105.0,563.003,15.655,879.932,74.336,251.971,212.68,6.185,0.359,111824.336,30681.504,1.59,Alto,Alta
Canada,2016.0,CAN,36353345.0,1583727974022.0,553.707,15.231,846.42,74.532,247.842,209.467,6.114,0.35,109289.445,31235.209,1.564,Alto,Alta
Canada,2017.0,CAN,36808498.0,1631871440185.0,566.66,15.395,878.589,73.963,252.357,217.102,6.863,0.347,109394.164,31801.871,1.575,Alto,Alta
Canada,2018.0,CAN,37294996.0,1677189073139.0,575.091,15.42,873.207,62.467,258.216,230.629,6.99,0.343,109464.797,32376.961,1.566,Alto,Alta
Canada,2019.0,CAN,37782934.0,1708858221312.0,579.007,15.325,861.407,59.811,260.942,233.909,7.195,0.339,107455.625,32955.969,1.561,Alto,Alta
Canada,2020.0,CAN,38171903.0,1622144486274.0,524.208,13.733,795.989,49.442,225.773,224.876,6.713,0.323,100465.109,33480.176,1.491,Alto,Alta
Canada,2021.0,CAN,38454058.0,1703443269914.0,537.479,13.977,821.735,47.059,233.624,231.229,7.385,0.316,100431.008,34017.656,1.458,Alto,Alta
Canada,2022.0,CAN,38821259.0,1761295624423.0,547.658,14.107,815.455,39.157,242.291,240.854,6.752,0.311,102122.422,34565.312,1.459,Alto,Media
Canada,2023.0,CAN,39299098.0,266220246350.17062,545.479,13.88,825.051,36.384,241.526,240.94,7.3,-0.6074655193827814,98930.016,35110.789,1.432,,
Canada,2024.0,CAN,39742429.0,269237913108.96323,533.34,13.42,802.732,28.672,244.572,233.468,7.3,-0.66704798270992,97784.539,35644.129,1.382,,
Cape Verde,1950.0,CPV,184986.0,146876000.0,0.103,0.555,0.216,0.096,0.007,-0.14259203545602195,0.0,0.698,874.8525200625272,0.103,0.002,Bajo,Alta
Cape Verde,1951.0,CPV,187208.0,153869000.0,0.077,0.411,0.198,0.07,0.007,0.2043166219477759,0.0,0.5,854.3345361257759,0.18,0.001,Bajo,Alta
Cape Verde,1952.0,CPV,189445.0,159805000.0,0.037,0.193,0.148,0.029,0.007,0.6782955785065494,0.0,0.229,735.5153949643914,0.216,0.001,Bajo,Media
Cape Verde,1953.0,CPV,191560.0,167040000.0,0.018,0.096,0.117,0.012,0.006,0.884433638739999,0.0,0.11,671.7938370922327,0.234,0.0,Bajo,Baja
Cape Verde,1954.0,CPV,193557.0,168920000.0,0.022,0.114,0.111,0.011,0.011,0.8494936966830307,0.0,0.13,689.6516445499308,0.256,0.0,Bajo,Baja
Cape Verde,1955.0,CPV,195622.0,174746000.0,0.022,0.112,0.103,0.007,0.015,0.8564047519324675,0.0,0.126,693.6981182108805,0.278,0.0,Bajo,Baja
Cape Verde,1956.0,CPV,197856.0,182178000.0,0.029,0.148,0.106,0.015,0.015,0.7951538428895137,0.0,0.161,745.8012146574774,0.308,0.0,Bajo,Media
Cape Verde,1957.0,CPV,200300.0,182160000.0,0.018,0.091,0.095,0.004,0.015,0.8988193595638433,0.0,0.101,678.4409781246782,0.326,0.0,Bajo,Baja
Cape Verde,1958.0,CPV,203100.0,185740000.0,0.015,0.072,0.094,-7.669412784996245,0.015,8.439609166703594,0.0,0.079,1228.6517813380956,0.341,0.0,Bajo,Baja
Cape Verde,1959.0,CPV,206367.0,207617000.0,0.018,0.089,0.104,-7.6828738890845205,0.015,8.436902873382557,0.004,0.088,1276.997849906984,0.359,0.0,Bajo,Baja
Cape Verde,1960.0,CPV,210034.0,223595000.0,0.022,0.105,0.101,0.0,0.018,0.9065788429514985,0.004,0.098,755.184528648882,0.381,0.0,Bajo,Baja
Cape Verde,1961.0,CPV,215095.0,238119000.0,0.022,0.102,0.095,-7.688553686757286,0.018,8.437073064828496,0.004,0.092,1323.8150788914795,0.403,0.0,Bajo,Baja
Cape Verde,1962.0,CPV,221930.0,253470000.0,0.018,0.082,0.094,-7.659671779227525,0.015,8.442898003059737,0.004,0.072,1302.4757420674919,0.421,0.0,Bajo,Baja
Cape Verde,1963.0,CPV,229386.0,268429000.0,0.015,0.064,0.093,-7.631682043783554,0.011,8.44804887898793,0.004,0.054,1283.2003493740026,0.436,0.0,Bajo,Baja
Cape Verde,1964.0,CPV,237017.0,282688000.0,0.029,0.123,0.109,-7.705352627547541,0.022,8.434611472081283,0.007,0.103,1383.47631712973,0.465,0.0,Bajo,Baja
Cape Verde,1965.0,CPV,244868.0,298352000.0,0.026,0.105,0.108,-7.678889934208847,0.018,8.43936767504118,0.007,0.086,1360.5317999727508,0.491,0.0,Bajo,Baja
Cape Verde,1966.0,CPV,252989.0,312851000.0,0.022,0.087,0.11,-7.658532869967361,0.022,8.445869366768113,0.0,0.07,1332.5490972233874,0.513,0.0,Bajo,Baja
Cape Verde,1967.0,CPV,261409.0,328016000.0,0.018,0.07,0.106,-7.6375721147140165,0.018,8.44951183261941,0.0,0.056,1303.3793369894734,0.531,0.0,Bajo,Baja
Cape Verde,1968.0,CPV,270172.0,342138000.0,0.029,0.108,0.117,-7.683430733390727,0.026,8.441126130139674,0.004,0.086,1374.1165227195488,0.56,0.0,Bajo,Baja
Cape Verde,1969.0,CPV,279254.0,357892000.0,0.037,0.131,0.125,-7.705155010968493,0.029,8.436697531105708,0.007,0.102,1424.8636864158452,0.597,0.0,Bajo,Baja
Cape Verde,1970.0,CPV,287895.0,372565000.0,0.037,0.127,0.121,0.0,0.029,0.9073995558415079,0.007,0.098,858.7884765325109,0.633,0.0,Bajo,Baja
Cape Verde,1971.0,CPV,294052.0,391755000.0,0.037,0.125,0.119,0.0,0.033,0.9150075616743324,0.004,0.093,865.3887571096993,0.67,0.0,Bajo,Baja
Cape Verde,1972.0,CPV,297388.0,400675000.0,0.051,0.172,0.137,0.0,0.048,0.8544570779998333,0.004,0.128,969.3917944857553,0.721,0.0,Bajo,Baja
Cape Verde,1973.0,CPV,299890.0,407190000.0,0.062,0.208,0.146,0.0,0.055,0.8133226150652257,0.007,0.153,1055.803244297198,0.784,0.0,Bajo,Media
Cape Verde,1974.0,CPV,302578.0,417663000.0,0.066,0.218,0.145,0.0,0.066,0.8046959964012794,0.0,0.158,1084.7410165212877,0.85,0.0,Bajo,Media
Cape Verde,1975.0,CPV,305853.0,346360000.0,0.077,0.252,0.154,0.0,0.077,0.6904828397285925,0.0,0.222,1030.882585988763,0.926,0.0,Bajo,Media
Cape Verde,1976.0,CPV,309462.0,354033000.0,0.073,0.237,0.152,0.0,0.073,0.7163629147799961,0.0,0.207,1010.4481577541042,1.0,0.0,Bajo,Media
Cape Verde,1977.0,CPV,312843.0,336336000.0,0.081,0.258,0.161,0.0,0.081,0.6577210257804118,0.0,0.24,998.9405061893285,1.08,0.0,Bajo,Media
Cape Verde,1978.0,CPV,316163.0,368475000.0,0.209,0.66,0.291,0.0,0.202,0.10067624403287723,0.007,0.566,1806.814498587612,1.289,0.001,Bajo,Alta
Cape Verde,1979.0,CPV,319485.0,381193000.0,0.249,0.78,0.335,0.0,0.249,-0.04921323803830102,0.0,0.654,2075.7146438101468,1.538,0.001,Bajo,Alta
Cape Verde,1980.0,CPV,323310.0,400192000.0,0.121,0.374,0.21,0.0,0.121,0.7554273141497906,0.0,0.302,3711.401,1.659,0.001,Bajo,Media
Cape Verde,1981.0,CPV,327859.0,434100000.0,0.033,0.101,0.124,0.0,0.033,1.181951183263968,0.0,0.076,3649.906,1.692,0.0,Bajo,Baja
Cape Verde,1982.0,CPV,332729.0,446880000.0,0.037,0.11,0.135,0.0,0.037,0.9919910249196073,0.0,0.082,1541.35,1.729,0.0,Bajo,Baja
Cape Verde,1983.0,CPV,337661.0,489104000.0,0.037,0.109,0.123,0.0,0.037,1.0010966697231263,0.0,0.075,1518.837,1.765,0.0,Bajo,Baja
Cape Verde,1984.0,CPV,342511.0,507312000.0,0.084,0.246,0.171,0.0,0.084,0.8456872777217773,0.0,0.166,1835.084,1.849,0.0,Bajo,Media
Cape Verde,1985.0,CPV,347370.0,552214000.0,0.084,0.243,0.178,0.0,0.084,0.8640284156608251,0.0,0.153,1804.471,1.934,0.0,Bajo,Media
Cape Verde,1986.0,CPV,352321.0,566886000.0,0.059,0.166,0.162,0.0,0.059,0.858192717598066,0.0,0.103,546.172,1.992,0.0,Bajo,Baja
Cape Verde,1987.0,CPV,357308.0,592342000.0,0.081,0.226,0.246,0.0,0.081,0.7912096770682646,0.0,0.136,571.836,2.073,0.0,Bajo,Baja
Cape Verde,1988.0,CPV,362339.0,628238000.0,0.073,0.202,0.226,0.0,0.073,0.845101587506994,0.0,0.117,778.756,2.146,0.0,Bajo,Baja
Cape Verde,1989.0,CPV,367820.0,663300000.0,0.081,0.219,0.255,0.0,0.081,0.8452441058406552,0.0,0.122,934.826,2.227,0.0,Bajo,Baja
Cape Verde,1990.0,CPV,375437.0,668100000.0,0.18,0.478,0.371,-8.010678533406868,0.18,8.323641167674605,0.0,0.269,915.859,2.406,0.001,Bajo,Media
Cape Verde,1991.0,CPV,384603.0,689942658.0,0.165,0.429,0.385,-7.96701293773982,0.165,8.340141588436662,0.0,0.239,894.032,2.571,0.001,Bajo,Media
Cape Verde,1992.0,CPV,393426.0,722536200.0,0.18,0.456,0.41,-7.982989176403816,0.18,8.345100267164131,0.0,0.248,1034.849,2.751,0.001,Bajo,Media
Cape Verde,1993.0,CPV,401977.0,790274598.0,0.169,0.419,0.4,-7.930809733566578,0.169,8.357751651699978,0.0,0.213,1015.377,2.919,0.001,Bajo,Media
Cape Verde,1994.0,CPV,410230.0,861446201.0,0.176,0.429,0.413,-7.919688874197652,0.176,8.37068490567886,0.0,0.204,1170.553,3.095,0.001,Bajo,Media
Cape Verde,1995.0,CPV,418116.0,941287684.0,0.198,0.473,0.454,-7.9262921508883135,0.198,8.350025744945096,0.0,0.21,1119.823,3.293,0.001,Medio,Media
Cape Verde,1996.0,CPV,425592.0,1024669345.0,0.22,0.517,0.492,-7.93450825801682,0.22,8.34688496097398,0.0,0.215,1239.749,3.513,0.001,Medio,Media
Cape Verde,1997.0,CPV,432803.0,1122095895.0,0.227,0.525,0.486,-7.914203717444508,0.227,8.342599083874749,0.0,0.202,1216.2,3.74,0.001,Medio,Media
Cape Verde,1998.0,CPV,439789.0,1238844923.0,0.242,0.55,0.502,-7.90248237984758,0.242,8.332794605998917,0.0,0.195,1199.155,3.982,0.001,Medio,Media
Cape Verde,1999.0,CPV,446528.0,1412383310.0,0.286,0.64,0.562,-7.9088789699265245,0.286,8.299345738298019,0.0,0.202,1181.072,4.268,0.001,Medio,Media
Cape Verde,2000.0,CPV,453335.0,1540942373.0,0.297,0.655,0.621,-7.928097639327095,0.297,8.478760748600706,0.0,0.193,2978.757,4.565,0.001,Medio,Media
Cape Verde,2001.0,CPV,460300.0,1663976329.0,0.348,0.756,0.658,-7.954237540236187,0.348,8.473837759838776,0.0,0.209,3277.761,4.913,0.001,Medio,Media
Cape Verde,2002.0,CPV,467056.0,1787222988.0,0.385,0.824,0.674,-7.965649737448063,0.385,8.474628279093476,0.0,0.215,3513.47,5.297,0.001,Medio,Media
Cape Verde,2003.0,CPV,473384.0,1904397612.0,0.414,0.875,0.653,-7.966398049505495,0.414,8.45108605859944,0.0,0.217,3449.694,5.711,0.001,Medio,Media
Cape Verde,2004.0,CPV,479377.0,2022409320.0,0.429,0.894,0.66,-7.964164310316773,0.429,8.473576257402605,0.0,0.212,3723.338,6.14,0.001,Medio,Media
Cape Verde,2005.0,CPV,485128.0,2194575514.0,0.447,0.921,0.67,-7.986080315851455,0.447,8.669778954976607,0.0,0.204,5751.812,6.587,0.002,Medio,Media
Cape Verde,2006.0,CPV,490728.0,2457336149.0,0.495,1.008,0.717,-7.983729826186298,0.495,8.66983861779655,0.0,0.201,6039.814,7.082,0.002,Medio,Media
Cape Verde,2007.0,CPV,496196.0,2720555147.0,0.506,1.019,0.773,-7.972817606860149,0.506,8.731125962509378,0.0,0.186,6660.378,7.587,0.002,Medio,Media
Cape Verde,2008.0,CPV,501362.0,2956642825.0,0.473,0.943,0.709,-7.941981755760656,0.473,8.765978452081818,0.0,0.16,6684.652,8.06,0.001,Medio,Media
Cape Verde,2009.0,CPV,506148.0,2969179680.0,0.524,1.035,0.756,-7.952360777967593,0.524,8.68792576336583,0.0,0.176,6267.305,8.584,0.002,Medio,Media
Cape Verde,2010.0,CPV,509793.0,3071163589.0,0.557,1.092,0.829,-7.9658281964029705,0.557,8.71014454552232,0.0,0.181,6674.801,9.141,0.002,Medio,Media
Cape Verde,2011.0,CPV,511453.0,3248220000.0,0.616,1.204,0.863,-7.997009958994562,0.616,8.791108948773534,0.0,0.19,7844.374,9.756,0.002,Medio,Media
Cape Verde,2012.0,CPV,511966.0,3287052000.0,0.502,0.98,0.757,-7.936884907615058,0.502,8.774836829945091,0.0,0.153,6863.855,10.258,0.001,Medio,Media
Cape Verde,2013.0,CPV,512231.0,3310254000.0,0.495,0.966,0.733,-7.929092811765919,0.495,8.76416462355347,0.0,0.149,6704.588,10.753,0.001,Medio,Baja
Cape Verde,2014.0,CPV,512334.0,3375218000.0,0.491,0.958,0.726,-7.933681848068479,0.491,8.821424228767736,0.0,0.145,7229.522,11.244,0.001,Medio,Baja
Cape Verde,2015.0,CPV,512405.0,3421236000.0,0.495,0.965,0.727,-7.9328140189256935,0.495,8.81292548989035,0.0,0.145,7164.889,11.739,0.001,Medio,Baja
Cape Verde,2016.0,CPV,512556.0,3573126874.0,0.531,1.037,0.779,-7.939026906963845,0.531,8.819651076625629,0.0,0.149,7504.737,12.27,0.002,Medio,Baja
Cape Verde,2017.0,CPV,512899.0,3751791578.0,0.572,1.114,0.798,-7.950127885858729,0.572,8.844219860832725,0.0,0.152,8000.856,12.841,0.002,Medio,Media
Cape Verde,2018.0,CPV,513418.0,3892648372.0,0.572,1.113,0.789,-7.917549033138842,0.572,8.702334997890958,0.0,0.147,6599.902,13.413,0.002,Medio,Baja
Cape Verde,2019.0,CPV,514116.0,4189894317.0,0.63,1.226,0.85,-7.925323240101086,0.63,8.706218036732276,0.0,0.15,7017.119,14.043,0.002,Alto,Media
Cape Verde,2020.0,CPV,514683.0,3381126423.0,0.52,1.011,0.749,-7.911391514031154,0.52,8.600193428261138,0.0,0.154,5224.511,14.564,0.001,Medio,Media
Cape Verde,2021.0,CPV,516655.0,3611420923.0,0.59,1.142,0.825,-7.920508836294916,0.59,8.572249244923878,0.0,0.163,5425.338,15.153,0.002,Medio,Media
Cape Verde,2022.0,CPV,519750.0,4251154554.0,0.598,1.15,0.837,-7.894555907047774,0.598,8.604868471407174,0.0,0.141,5740.389,15.751,0.002,Alto,Baja
Cape Verde,2023.0,CPV,522335.0,2123877410.214992,0.571,1.094,0.813,-7.986720288338381,0.571,8.628337300960432,0.0,0.20123425371234693,5861.125,16.323,0.002,,
Cape Verde,2024.0,CPV,524878.0,2141339665.9523149,0.594,1.131,0.844,-7.942589857381533,0.594,8.566335326313013,0.0,0.2032100648505967,5806.430222640479,16.916,0.002,,
Central African Republic,1950.0,CAF,1438062.0,1646820000.0,0.047,0.033,16.765,0.005,0.042,1.1628345106269367,-0.1475727351409779,0.029,763.9654037137864,0.047,0.001,Bajo,Baja
Central African Republic,1951.0,CAF,1461255.0,1707225000.0,0.063,0.043,16.509,0.002,0.061,1.1479377072902617,-0.14778719917415595,0.037,786.4715832863981,0.11,0.001,Bajo,Baja
Central African Republic,1952.0,CAF,1484828.0,1768748000.0,0.081,0.055,16.641,0.007,0.075,1.1326795397759812,-0.14964362055192337,0.046,814.9746208431861,0.191,0.001,Bajo,Baja
Central African Republic,1953.0,CAF,1508951.0,1832600000.0,0.069,0.045,16.642,0.003,0.066,1.1473236795920227,-0.14845086876080527,0.037,795.3851909054129,0.26,0.001,Bajo,Baja
Central African Republic,1954.0,CAF,1533762.0,1900368000.0,0.072,0.047,16.967,0.001,0.072,1.145812247948429,-0.15013664888040013,0.038,801.4120256549502,0.332,0.001,Bajo,Baja
Central African Republic,1955.0,CAF,1559371.0,1970776000.0,0.072,0.046,17.292,0.002,0.07,1.1509917803936287,-0.1511743313245486,0.036,802.5458782930036,0.404,0.001,Bajo,Baja
Central African Republic,1956.0,CAF,1585850.0,2044040000.0,0.093,0.059,17.572,0.0,0.093,1.135435610369802,-0.15371609195961788,0.046,832.8382037866379,0.497,0.001,Bajo,Baja
Central African Republic,1957.0,CAF,1613283.0,2118624000.0,0.1,0.062,18.249,0.0,0.1,1.136373976674845,-0.1565177200434753,0.047,843.4357790084243,0.597,0.001,Bajo,Baja
Central African Republic,1958.0,CAF,1641677.0,2199048000.0,0.115,0.07,18.604,0.0,0.115,1.1290925342066307,-0.1584907229839232,0.052,865.3853775438433,0.711,0.001,Bajo,Baja
Central African Republic,1959.0,CAF,1671336.0,2278221000.0,0.099,0.059,19.212,-7.557939290016996,0.099,8.37499620147237,0.0,0.043,1308.4279137270264,0.81,0.001,Bajo,Baja
Central African Republic,1960.0,CAF,1702346.0,2298789000.0,0.088,0.052,16.904,-7.564059970768355,0.088,8.386209735950674,0.0,0.038,1292.9622534972696,0.898,0.001,Bajo,Baja
Central African Republic,1961.0,CAF,1734583.0,2387515000.0,0.088,0.051,15.915,-7.569862335604395,0.088,8.391435628128985,0.0,0.037,1291.4356363709944,0.986,0.001,Bajo,Baja
Central African Republic,1962.0,CAF,1768124.0,2322575000.0,0.073,0.041,15.666,-7.562848179963618,0.073,8.39217693500311,0.0,0.032,1262.673075768832,1.059,0.001,Bajo,Baja
Central African Republic,1963.0,CAF,1803067.0,2317076000.0,0.073,0.041,15.932,-7.5622822046538385,0.073,8.390972458406445,0.0,0.032,1262.826414044142,1.132,0.001,Bajo,Baja
Central African Republic,1964.0,CAF,1839582.0,2355310000.0,0.073,0.04,15.893,-7.562277988207052,0.073,8.39162125707152,0.0,0.031,1261.7240245321009,1.206,0.001,Bajo,Baja
Central African Republic,1965.0,CAF,1877856.0,2386648000.0,0.088,0.047,15.872,-7.574516676569754,0.088,8.391405856290083,0.0,0.037,1272.6722364392194,1.294,0.001,Bajo,Baja
Central African Republic,1966.0,CAF,1918087.0,2404495000.0,0.084,0.044,16.141,-7.570710639523243,0.084,8.39043662875677,0.0,0.035,1265.9641374479875,1.378,0.001,Bajo,Baja
Central African Republic,1967.0,CAF,1960450.0,2517768000.0,0.092,0.047,16.152,-7.574843779152296,0.092,8.39136962924265,0.0,0.036,1276.2595658334012,1.47,0.001,Bajo,Baja
Central African Republic,1968.0,CAF,2005104.0,2529905000.0,0.183,0.091,16.439,-7.639658273531394,0.183,8.387689111711117,0.0,0.072,1351.6245655010875,1.653,0.001,Bajo,Baja
Central African Republic,1969.0,CAF,2051517.0,2649420000.0,0.187,0.091,16.774,-7.6385999618870475,0.187,8.387386374493857,0.0,0.071,1355.2151380525888,1.84,0.001,Bajo,Baja
Central African Republic,1970.0,CAF,2097513.0,2773212000.0,0.209,0.1,18.109,-7.641224117983549,0.209,8.382873568087957,0.0,0.075,1383.212241349891,2.048,0.001,Bajo,Baja
Central African Republic,1971.0,CAF,2141455.0,2688468000.0,0.183,0.086,17.768,-7.630739183190084,0.183,8.383556207196266,0.0,0.068,1343.0160128840403,2.232,0.001,Bajo,Baja
Central African Republic,1972.0,CAF,2183773.0,2636136000.0,0.169,0.077,17.676,-7.624783930697962,0.169,8.38346716504046,0.0,0.064,1315.367278203204,2.4,0.001,Bajo,Baja
Central African Republic,1973.0,CAF,2226007.0,2756895000.0,0.161,0.072,18.956,-7.608927432929942,0.161,8.379288379518139,0.0,0.058,1314.0848770390821,2.561,0.001,Bajo,Baja
Central African Republic,1974.0,CAF,2269345.0,2673998000.0,0.114,0.05,17.502,-7.5889802863256755,0.114,8.386167090034814,0.0,0.042,1268.8844904053212,2.675,0.001,Bajo,Baja
Central African Republic,1975.0,CAF,2313925.0,2722734000.0,0.103,0.044,17.768,-7.581597968740596,0.103,8.38524624538448,0.0,0.038,1255.3404181292967,2.778,0.001,Bajo,Baja
Central African Republic,1976.0,CAF,2348567.0,2840640000.0,0.128,0.055,17.988,-7.595375166220991,0.128,8.385058945412002,0.0,0.045,1281.3669163697186,2.906,0.001,Bajo,Baja
Central African Republic,1977.0,CAF,2372932.0,3072056000.0,0.128,0.054,20.008,-7.580422795989808,0.128,8.377641226780039,0.0,0.042,1287.947703481581,3.034,0.001,Bajo,Baja
Central African Republic,1978.0,CAF,2397963.0,3110550000.0,0.147,0.061,17.916,-7.603849089939157,0.147,8.387836256495016,0.0,0.047,1301.7805582034593,3.181,0.001,Bajo,Baja
Central African Republic,1979.0,CAF,2423800.0,3029910000.0,0.103,0.042,19.576,-7.569504272230745,0.103,8.379631183022894,0.0,0.034,1260.797137389155,3.283,0.001,Bajo,Baja
Central African Republic,1980.0,CAF,2450537.0,2898666000.0,0.106,0.043,22.011,-7.611118150627073,0.106,8.33390609889688,0.0,0.037,273.166,3.389,0.001,Bajo,Baja
Central African Republic,1981.0,CAF,2478413.0,2941447000.0,0.136,0.055,19.793,-7.643458328910553,0.136,8.3490835723639,0.0,0.046,341.865,3.525,0.001,Bajo,Baja
Central African Republic,1982.0,CAF,2507374.0,2993424000.0,0.143,0.057,24.225,-7.6222376750580825,0.143,8.330705765721834,0.0,0.048,363.112,3.668,0.001,Bajo,Baja
Central African Republic,1983.0,CAF,2537407.0,2810015000.0,0.147,0.058,22.866,-7.637738151662472,0.147,8.338207053414575,0.0,0.052,380.953,3.815,0.001,Bajo,Baja
Central African Republic,1984.0,CAF,2568610.0,3012834000.0,0.15,0.058,21.96,-7.641726683860496,0.15,8.3409008430989,0.0,0.05,355.743,3.965,0.001,Bajo,Baja
Central African Republic,1985.0,CAF,2600939.0,3115672000.0,0.161,0.062,20.865,-7.653698905542939,0.161,8.344848231671662,0.0,0.052,346.974,4.126,0.001,Bajo,Baja
Central African Republic,1986.0,CAF,2634262.0,3224550000.0,0.161,0.061,21.6,-7.649048336734904,0.161,8.349520973397684,0.0,0.05,417.189,4.287,0.001,Bajo,Baja
Central African Republic,1987.0,CAF,2669154.0,3065439000.0,0.26,0.097,22.043,-7.710183020542061,0.26,8.336716962700649,0.0,0.085,379.463,4.547,0.001,Bajo,Baja
Central African Republic,1988.0,CAF,2713967.0,3129941000.0,0.231,0.085,21.09,-7.697820542930804,0.231,8.343516595406406,0.0,0.074,374.482,4.778,0.001,Bajo,Baja
Central African Republic,1989.0,CAF,2783977.0,3210000000.0,0.249,0.089,22.721,-7.698528311205505,0.249,8.335168851734512,0.0,0.078,364.172,5.027,0.001,Bajo,Baja
Central African Republic,1990.0,CAF,2871915.0,3155955000.0,0.183,0.064,26.744,-7.6398999392468845,0.183,8.322475288347697,0.0,0.058,377.557,5.21,0.001,Bajo,Baja
Central African Republic,1991.0,CAF,2963195.0,3196204632.0,0.191,0.064,26.967,-7.645831346184865,0.191,8.323237875415696,0.0,0.06,386.617,5.401,0.001,Bajo,Baja
Central African Republic,1992.0,CAF,3058837.0,3153286705.0,0.194,0.063,27.213,-7.650205995438352,0.194,8.319706227339061,0.0,0.062,357.676,5.595,0.001,Bajo,Baja
Central African Republic,1993.0,CAF,3157842.0,3141613628.0,0.198,0.063,26.298,-7.661185350691124,0.198,8.326887916411604,0.0,0.063,382.626,5.793,0.001,Bajo,Baja
Central African Republic,1994.0,CAF,3257956.0,3299692291.0,0.209,0.064,27.402,-7.659611304011941,0.209,8.323682422302571,0.0,0.063,390.099,6.002,0.001,Bajo,Baja
Central African Republic,1995.0,CAF,3348062.0,3468004734.0,0.209,0.062,27.789,-7.6559650591566815,0.209,8.322354206709303,0.0,0.06,379.859,6.211,0.001,Bajo,Baja
Central African Republic,1996.0,CAF,3435973.0,3208680589.0,0.213,0.062,30.154,-7.653656223422866,0.213,8.311854774271595,0.0,0.066,389.566,6.423,0.001,Bajo,Baja
Central African Republic,1997.0,CAF,3531700.0,3401098287.0,0.216,0.061,29.815,-7.656462889089722,0.216,8.313750755679566,0.0,0.064,378.638,6.639,0.001,Bajo,Baja
Central African Republic,1998.0,CAF,3628833.0,3555832992.0,0.22,0.061,34.498,-7.629040861779542,0.22,8.291905524429506,0.0,0.062,367.952,6.859,0.001,Bajo,Baja
Central African Republic,1999.0,CAF,3729452.0,3763942207.0,0.231,0.062,31.742,-7.648951532670322,0.231,8.305050113631957,0.0,0.061,358.026,7.09,0.001,Bajo,Baja
Central African Republic,2000.0,CAF,3833421.0,3836505744.0,0.125,0.032,34.897,-7.580139962317006,0.125,8.294870012757224,0.0,0.032,334.19,7.215,0.0,Bajo,Baja
Central African Republic,2001.0,CAF,3919498.0,3861482755.0,0.143,0.036,31.079,-7.612306099537781,0.143,8.309699347202992,0.0,0.037,336.546,7.358,0.001,Bajo,Baja
Central African Republic,2002.0,CAF,4006079.0,3833969443.0,0.117,0.029,26.517,-7.633124270094902,0.117,8.333592412605263,0.0,0.031,325.995,7.475,0.0,Bajo,Baja
Central African Republic,2003.0,CAF,4103092.0,3563805910.0,0.114,0.028,32.75,-7.59828641782749,0.114,8.30089115235988,0.0,0.032,296.659,7.588,0.0,Bajo,Baja
Central African Republic,2004.0,CAF,4192828.0,3659297627.0,0.125,0.03,28.634,-7.630316528494353,0.125,8.320345607233033,0.0,0.034,295.438,7.713,0.0,Bajo,Baja
Central African Republic,2005.0,CAF,4288814.0,3745738822.0,0.128,0.03,30.176,-7.624422069317722,0.128,8.312769631180064,0.0,0.034,285.68,7.841,0.0,Bajo,Baja
Central African Republic,2006.0,CAF,4377582.0,3921727514.0,0.139,0.032,30.236,-7.631806227675902,0.139,8.313747655563894,0.0,0.036,290.687,7.98,0.0,Bajo,Baja
Central African Republic,2007.0,CAF,4462777.0,4078141542.0,0.154,0.034,31.199,-7.633915071374796,0.154,8.309684140281098,0.0,0.038,284.676,8.134,0.0,Bajo,Baja
Central African Republic,2008.0,CAF,4558989.0,4185491968.0,0.15,0.033,38.565,-7.588117910249052,0.15,8.26882826023022,0.0,0.036,214.714,8.285,0.0,Bajo,Baja
Central African Republic,2009.0,CAF,4529051.0,4261637773.0,0.154,0.034,29.027,-7.645211202577784,0.154,8.31269977273231,0.0,0.036,207.184,8.438,0.0,Bajo,Baja
Central African Republic,2010.0,CAF,4493003.0,4410453712.0,0.169,0.038,29.827,-7.641680263703629,0.169,8.306864088011555,0.0,0.038,214.196,8.607,0.001,Bajo,Baja
Central African Republic,2011.0,CAF,4565023.0,4499550000.0,0.154,0.034,31.104,-7.632253228903675,0.154,8.306511268424346,0.0,0.034,230.498,8.761,0.0,Bajo,Baja
Central African Republic,2012.0,CAF,4610848.0,4632212000.0,0.183,0.04,27.238,-7.666814598691952,0.183,8.322260413058384,0.0,0.04,234.505,8.944,0.001,Bajo,Baja
Central African Republic,2013.0,CAF,4642423.0,2929689000.0,0.103,0.022,29.617,-7.6327598816699425,0.103,8.301681988741263,0.0,0.035,160.76,9.047,0.0,Bajo,Baja
Central African Republic,2014.0,CAF,4623187.0,2960958000.0,0.132,0.029,27.428,-7.664737458531404,0.132,8.313762573332678,0.0,0.045,182.189,9.179,0.0,Bajo,Baja
Central African Republic,2015.0,CAF,4629322.0,3105792000.0,0.194,0.042,27.81,-7.696279986583521,0.194,8.315794641808598,0.0,0.063,246.222,9.373,0.001,Bajo,Baja
Central African Republic,2016.0,CAF,4713663.0,3265229504.0,0.238,0.051,30.418,-7.704482900101942,0.238,8.305554518750572,0.0,0.073,258.429,9.611,0.001,Bajo,Baja
Central African Republic,2017.0,CAF,4793512.0,3421678627.0,0.286,0.06,50.713,-7.608373727395401,0.286,8.212533872005027,0.0,0.084,261.116,9.897,0.001,Bajo,Baja
Central African Republic,2018.0,CAF,4878663.0,3557270233.0,0.271,0.056,70.617,-7.478019706535548,0.271,8.121397920760707,0.0,0.076,263.475,10.168,0.001,Bajo,Baja
Central African Republic,2019.0,CAF,4944708.0,3662931320.0,0.311,0.063,59.278,-7.567309448548437,0.311,8.17574995877574,0.0,0.085,270.234,10.479,0.001,Bajo,Baja
Central African Republic,2020.0,CAF,5026629.0,3698072848.0,0.333,0.066,48.789,-7.643557438900391,0.333,8.226241664967294,0.0,0.09,278.651,10.813,0.001,Bajo,Baja
Central African Republic,2021.0,CAF,5112103.0,3734422040.0,0.366,0.072,42.749,-7.6988979499609265,0.366,8.254949465642646,0.0,0.098,278.974,11.179,0.001,Bajo,Baja
Central African Republic,2022.0,CAF,5098038.0,3752056621.0,0.377,0.074,52.552,-7.645970675165113,0.377,8.209513939182141,0.0,0.101,275.471,11.557,0.001,Bajo,Baja
Central African Republic,2023.0,CAF,5152415.0,33635841983.963173,0.389,0.076,61.917,-7.766497051906697,0.389,8.265567423819494,0.0,0.13820692633628778,279.59,11.946,0.001,,
Central African Republic,2024.0,CAF,5330691.0,34850185297.284096,0.395,0.074,68.664,-7.6823345791124655,0.395,8.25526914122005,0.0,0.13397014494907877,1015.9810670428992,12.341,0.001,,
Chad,1950.0,TCD,2525457.0,2125331770.0,0.03,0.012,16.896,0.003,0.027,1.1770195389451485,-0.16835824910688824,0.014,698.0845176361117,0.03,0.0,Bajo,Baja
Chad,1951.0,TCD,2570410.0,2205452934.0,0.039,0.015,17.292,0.001,0.038,1.1778340967429326,-0.17717427308994305,0.018,704.8322252866994,0.069,0.001,Bajo,Baja
Chad,1952.0,TCD,2616313.0,2282775088.0,0.051,0.02,17.914,0.004,0.047,1.173407059341631,-0.18051922661733344,0.022,715.5149419741651,0.12,0.001,Bajo,Baja
Chad,1953.0,TCD,2663776.0,2368064384.0,0.043,0.016,18.076,0.002,0.041,1.1802936315970316,-0.1815876147037474,0.018,708.5817720644989,0.163,0.001,Bajo,Baja
Chad,1954.0,TCD,2713010.0,2453391158.0,0.046,0.017,18.391,0.001,0.045,1.1794243501611785,-0.18370499630335635,0.019,709.799188157027,0.209,0.001,Bajo,Baja
Chad,1955.0,TCD,2764252.0,2544367285.0,0.045,0.016,18.37,0.001,0.044,1.180195277028175,-0.18428157929828304,0.018,707.7769609586251,0.254,0.001,Bajo,Baja
Chad,1956.0,TCD,2817660.0,2638402787.0,0.059,0.021,18.478,0.0,0.059,1.17269256693882,-0.1855428159981063,0.022,718.6047993075606,0.313,0.001,Bajo,Baja
Chad,1957.0,TCD,2873095.0,2735637956.0,0.063,0.022,18.552,0.0,0.063,1.1704109787523156,-0.18669625863729622,0.023,719.8104893497984,0.376,0.001,Bajo,Baja
Chad,1958.0,TCD,2930371.0,2842100532.0,0.072,0.025,18.858,0.0,0.072,1.1673415350229635,-0.1886581841571091,0.025,727.2517437226447,0.448,0.001,Bajo,Baja
Chad,1959.0,TCD,2989326.0,2940409549.0,0.062,0.021,19.288,-7.559683505449852,0.062,8.377807241957612,0.0,0.021,1209.704886090095,0.51,0.001,Bajo,Baja
Chad,1960.0,TCD,3049843.0,2963203101.0,0.055,0.018,19.707,-7.555154609744136,0.055,8.375879391100632,0.0,0.019,1203.0973277801718,0.565,0.001,Bajo,Baja
Chad,1961.0,TCD,3111956.0,3005566454.0,0.051,0.016,16.759,-7.571381048451986,0.051,8.38996604833849,0.0,0.017,1199.9936258718753,0.616,0.001,Bajo,Baja
Chad,1962.0,TCD,3175599.0,3163018660.0,0.084,0.027,14.374,-7.607297397318048,0.084,8.40136643329835,0.0,0.027,1213.9516627708203,0.701,0.001,Bajo,Baja
Chad,1963.0,TCD,3240909.0,3117824077.0,0.092,0.028,13.358,-7.619181793143381,0.092,8.405928104447508,0.0,0.029,1211.0645282982314,0.792,0.001,Bajo,Baja
Chad,1964.0,TCD,3307482.0,3039090591.0,0.099,0.03,13.09,-7.629340219785341,0.099,8.406134089987315,0.0,0.033,1205.9148144990017,0.891,0.001,Bajo,Baja
Chad,1965.0,TCD,3374220.0,3053546777.0,0.106,0.031,13.005,-7.6357763179197935,0.106,8.40650035677416,0.0,0.035,1203.2543044518975,0.997,0.001,Bajo,Baja
Chad,1966.0,TCD,3440907.0,3002203318.0,0.084,0.024,12.875,-7.625103148580498,0.084,8.407283369489797,0.0,0.028,1196.2041746264467,1.082,0.001,Bajo,Baja
Chad,1967.0,TCD,3508513.0,3027219918.0,0.117,0.033,13.015,-7.64698304059651,0.117,8.405968597351723,0.0,0.039,1198.1394393853316,1.199,0.001,Bajo,Baja
Chad,1968.0,TCD,3578228.0,3011389050.0,0.125,0.035,13.029,-7.652921188043273,0.125,8.405980916354292,0.0,0.041,1200.3033133655335,1.323,0.001,Bajo,Baja
Chad,1969.0,TCD,3651121.0,3215064100.0,0.161,0.044,12.915,-7.674587997950145,0.161,8.407504172623506,0.0,0.05,1209.1284827307218,1.485,0.001,Bajo,Baja
Chad,1970.0,TCD,3727834.0,3279969472.0,0.125,0.033,13.634,-7.650331204035199,0.125,8.4052112994558,0.0,0.038,1201.7516442569581,1.609,0.001,Bajo,Baja
Chad,1971.0,TCD,3807326.0,3337863712.0,0.15,0.039,13.412,-7.667897505624655,0.15,8.406353558977086,0.0,0.045,1204.088522041547,1.759,0.001,Bajo,Baja
Chad,1972.0,TCD,3893253.0,3109314453.0,0.121,0.031,14.535,-7.650201059249039,0.121,8.399703096158213,0.0,0.039,1189.5159604827895,1.88,0.001,Bajo,Baja
Chad,1973.0,TCD,3985914.0,2961473021.0,0.161,0.04,14.895,-7.677744937376115,0.161,8.395795760717906,0.0,0.054,1177.1101057511082,2.042,0.001,Bajo,Baja
Chad,1974.0,TCD,4078363.0,3362176878.0,0.15,0.037,15.351,-7.664412189574605,0.15,8.397476868588285,0.0,0.045,1195.603877713742,2.192,0.001,Bajo,Baja
Chad,1975.0,TCD,4167237.0,3945146105.0,0.183,0.044,19.147,-7.652095452123197,0.183,8.384885084585932,0.0,0.046,1225.0061876791901,2.375,0.001,Bajo,Baja
Chad,1976.0,TCD,4251299.0,3887494224.0,0.183,0.043,17.866,-7.663651972918755,0.183,8.390244159702558,0.0,0.047,1216.3874002506554,2.558,0.001,Bajo,Baja
Chad,1977.0,TCD,4331668.0,3592054790.0,0.198,0.046,19.82,-7.66710099139725,0.198,8.378677152223345,0.0,0.055,1202.3928853796815,2.756,0.001,Bajo,Baja
Chad,1978.0,TCD,4411370.0,3574628296.0,0.194,0.044,17.638,-7.680623723737291,0.194,8.388729981325643,0.0,0.054,1196.0402756666163,2.95,0.001,Bajo,Baja
Chad,1979.0,TCD,4505384.0,2814182509.0,0.202,0.045,17.331,-7.710446290852467,0.202,8.381318087426514,0.0,0.072,1136.069204963856,3.152,0.001,Bajo,Baja
Chad,1980.0,TCD,4515461.0,2636554019.0,0.209,0.046,18.213,-7.770228696748317,0.209,8.355530151187967,0.0,0.079,267.529,3.361,0.001,Bajo,Baja
Chad,1981.0,TCD,4520965.0,2352283709.0,0.209,0.046,16.45,-7.795672008315565,0.209,8.361320113169551,0.0,0.089,253.15,3.569,0.001,Bajo,Baja
Chad,1982.0,TCD,4738486.0,2480027011.0,0.205,0.043,17.811,-7.784421063784659,0.205,8.355211135630196,0.0,0.083,241.529,3.775,0.001,Bajo,Baja
Chad,1983.0,TCD,4979137.0,2868360537.0,0.205,0.041,16.882,-7.781025127662277,0.205,8.360601692799708,0.0,0.072,229.856,3.98,0.001,Bajo,Baja
Chad,1984.0,TCD,5045152.0,3020129470.0,0.216,0.043,15.115,-7.793186231348846,0.216,8.357083848188648,0.0,0.072,107.749,4.196,0.001,Bajo,Baja
Chad,1985.0,TCD,5096274.0,3252398958.0,0.18,0.035,16.48,-7.757300309655337,0.18,8.354339350303741,0.0,0.055,130.016,4.376,0.001,Bajo,Baja
Chad,1986.0,TCD,5251074.0,3451800529.0,0.187,0.036,16.301,-7.764492620142134,0.187,8.365093600832898,0.0,0.054,217.952,4.562,0.001,Bajo,Baja
Chad,1987.0,TCD,5438311.0,3574575830.0,0.198,0.036,17.358,-7.766495234094553,0.198,8.358365899837835,0.0,0.055,186.919,4.76,0.001,Bajo,Baja
Chad,1988.0,TCD,5625601.0,3844987847.0,0.066,0.012,16.995,-7.702541337645307,0.066,8.355225479298658,0.0,0.017,109.771,4.826,0.0,Bajo,Baja
Chad,1989.0,TCD,5819588.0,3914715463.0,0.103,0.018,19.328,-7.712770419600226,0.103,8.345826390903927,0.0,0.026,116.358,4.929,0.0,Bajo,Baja
Chad,1990.0,TCD,5982838.0,4042256503.0,0.377,0.063,22.828,-7.242810915166352,0.377,8.617572905112633,-0.8681324785162099,0.093,237.199,5.306,0.002,Bajo,Baja
Chad,1991.0,TCD,6205688.0,4243508738.0,0.388,0.063,28.917,-7.191856455178867,0.388,8.596560508785021,-0.8964990823309349,0.092,223.602,5.695,0.002,Bajo,Baja
Chad,1992.0,TCD,6474651.0,4384566498.0,0.403,0.062,30.381,-7.184486189705119,0.403,8.594001945587518,-0.9083427143193181,0.092,214.901,6.098,0.002,Bajo,Baja
Chad,1993.0,TCD,6629147.0,4228383989.0,0.399,0.06,31.106,-7.177484656791462,0.399,8.581452796272382,-0.9183013821823383,0.094,100.717,6.497,0.002,Bajo,Baja
Chad,1994.0,TCD,6783456.0,4512686232.0,0.416,0.061,33.031,-7.157623067421966,0.41,8.5769257943343,-0.9267050080058841,0.092,107.612,6.913,0.002,Bajo,Baja
Chad,1995.0,TCD,7089063.0,4614545072.0,0.427,0.06,33.833,-7.156783750795292,0.421,8.577321245396774,-0.9379895686762469,0.093,102.973,7.34,0.002,Bajo,Baja
Chad,1996.0,TCD,7410107.0,4763184682.0,0.443,0.06,44.916,-7.06268241834556,0.436,8.539953118888166,-0.9892519644433073,0.093,98.781,7.783,0.002,Bajo,Baja
Chad,1997.0,TCD,7670371.0,5091460240.0,0.453,0.059,41.91,-7.095827255795477,0.451,8.555029506402828,-0.9815375588698867,0.089,103.076,8.236,0.002,Bajo,Baja
Chad,1998.0,TCD,7938841.0,5510466098.0,0.464,0.058,40.621,-7.107634538468114,0.462,8.562747132155556,-0.979672162088217,0.084,99.59,8.7,0.002,Bajo,Baja
Chad,1999.0,TCD,8222710.0,5546894673.0,0.474,0.058,44.395,-7.080143943283042,0.473,8.551812773778721,-1.0028072724918182,0.085,96.152,9.174,0.002,Bajo,Baja
Chad,2000.0,TCD,8512092.0,5599887930.0,0.488,0.057,50.793,-7.031413904413263,0.487,8.534953653510868,-1.0359764253668287,0.087,121.253,9.661,0.002,Bajo,Baja
Chad,2001.0,TCD,8804122.0,6336850686.0,0.506,0.057,45.544,-7.076773945662881,0.502,8.556874652062671,-1.0156182593551697,0.08,112.519,10.167,0.002,Bajo,Baja
Chad,2002.0,TCD,9116195.0,6982839457.0,0.531,0.058,50.595,-7.022969352072298,0.513,8.540940276751765,-1.0369464320403212,0.076,107.27,10.698,0.002,Bajo,Baja
Chad,2003.0,TCD,9487830.0,8110109949.0,0.882,0.093,60.463,-6.921102848348241,0.744,8.50980408017631,-1.0596156985252847,0.109,101.881,11.581,0.003,Bajo,Baja
Chad,2004.0,TCD,9920036.0,11032101494.0,0.906,0.091,61.978,-6.885268655598461,0.751,8.51004955007111,-1.0471312253979779,0.082,102.662,12.487,0.003,Bajo,Baja
Chad,2005.0,TCD,10328094.0,12146441188.0,0.929,0.09,58.917,-6.917948482618138,0.769,8.527737519035282,-1.0359271038819298,0.077,106.128,13.416,0.003,Bajo,Baja
Chad,2006.0,TCD,10706426.0,12214525260.0,0.957,0.089,57.443,-6.93105377943875,0.788,8.53805013237475,-1.039591963170845,0.078,103.925,14.373,0.003,Bajo,Baja
Chad,2007.0,TCD,11081667.0,14704387197.0,1.089,0.098,58.374,-6.920394038000715,0.876,8.543070116119777,-1.021802262376137,0.074,110.805,15.462,0.003,Bajo,Baja
Chad,2008.0,TCD,11476299.0,15257312990.0,0.872,0.076,65.001,-6.898060726776807,0.744,8.523422949132907,-1.0726698852148226,0.057,112.199,16.335,0.003,Bajo,Baja
Chad,2009.0,TCD,11893753.0,17078193621.0,1.22,0.103,75.291,-6.922781139332033,1.11,8.504824969319051,-1.092118313584232,0.071,118.031,17.555,0.004,Bajo,Baja
Chad,2010.0,TCD,12312580.0,19869964230.0,1.236,0.1,77.11,-7.691958732729779,1.136,8.180891495754846,0.0,0.062,126.467,18.791,0.004,Bajo,Baja
Chad,2011.0,TCD,12755004.0,19903398034.0,1.277,0.1,89.415,-7.588618279741052,1.129,8.129234060701506,0.001,0.064,174.731,20.067,0.004,Bajo,Baja
Chad,2012.0,TCD,13211006.0,21656293766.0,1.747,0.132,99.696,-7.55872182706867,1.499,8.10306758345112,0.054,0.081,292.125,21.814,0.005,Bajo,Baja
Chad,2013.0,TCD,13691081.0,22902174388.0,2.082,0.152,100.792,-7.554081153677343,1.759,8.110822635558012,0.07,0.091,292.356,23.896,0.006,Bajo,Baja
Chad,2014.0,TCD,14188680.0,24480827952.0,2.183,0.154,93.966,-7.564201852138286,1.799,8.150915240986276,0.077,0.089,293.203,26.079,0.006,Bajo,Baja
Chad,2015.0,TCD,14647626.0,24914134960.0,2.352,0.161,97.566,-7.42409561003981,1.818,8.132046501970573,0.085,0.094,287.977,28.431,0.007,Bajo,Baja
Chad,2016.0,TCD,15114652.0,23529405356.0,2.382,0.158,97.33,-7.388475976637245,1.784,8.124859348727021,0.097,0.101,275.642,30.812,0.007,Bajo,Baja
Chad,2017.0,TCD,15622756.0,22969403286.0,2.341,0.15,98.426,-7.451133948007275,1.766,8.126928220452854,0.136,0.102,429.908,33.153,0.007,Bajo,Baja
Chad,2018.0,TCD,16156535.0,23510339039.0,2.384,0.148,101.524,-7.5022117991749155,1.843,8.123692145615852,0.143,0.101,425.102,35.537,0.006,Bajo,Baja
Chad,2019.0,TCD,16685223.0,24314153239.0,2.3,0.138,103.305,-7.573483845764866,1.821,8.116832211674803,0.159,0.095,421.295,37.836,0.006,Bajo,Baja
Chad,2020.0,TCD,17224686.0,23793345004.0,2.356,0.137,108.371,-7.615323383137131,1.924,8.101221388442145,0.151,0.099,429.683,40.193,0.007,Bajo,Baja
Chad,2021.0,TCD,17828274.0,23531147275.0,2.67,0.15,111.908,-7.595673786083399,2.136,8.090721548945105,0.198,0.113,462.586,42.863,0.007,Bajo,Baja
Chad,2022.0,TCD,18455319.0,24118013870.0,2.8,0.152,116.667,-7.507045768294919,2.15,8.064149766113033,0.232,0.116,448.069,45.663,0.007,Bajo,Baja
Chad,2023.0,TCD,19319075.0,130068304864.3295,2.848,0.147,121.536,-8.02713082561904,2.218,8.405640097855644,0.232,0.1682130407142841,440.093,48.512,0.007,,
Chad,2024.0,TCD,20299131.0,136740297971.50436,2.831,0.139,125.907,-8.056323303148385,2.249,8.422883022395006,0.232,0.16571407856020054,1100.2347337389892,51.343,0.007,,
Chile,1950.0,CHL,6628577.0,35814098085.0,9.384,1.416,49.934,5.682,3.448,0.0,0.254,0.262,5760.2460257620305,289.877,0.158,Medio,Media
Chile,1951.0,CHL,6756666.0,37517850565.0,9.982,1.477,49.785,5.701,3.935,0.0,0.345,0.266,6051.303677529474,299.859,0.156,Medio,Media
Chile,1952.0,CHL,6891992.0,39872874867.0,10.604,1.539,49.85,5.749,4.335,0.0,0.403,0.266,6309.530243509238,310.463,0.164,Medio,Media
Chile,1953.0,CHL,7033534.0,42735437979.0,10.403,1.479,51.395,5.522,4.4,0.0,0.378,0.243,6054.009902613223,320.865,0.156,Medio,Media
Chile,1954.0,CHL,7180570.0,41239905851.0,11.08,1.543,53.689,5.489,5.064,0.092,0.382,0.269,6404.272169611042,331.946,0.163,Medio,Media
Chile,1955.0,CHL,7332311.0,42759069001.0,11.597,1.582,56.247,5.459,5.514,0.092,0.396,0.271,6490.2909322621845,343.543,0.156,Medio,Media
Chile,1956.0,CHL,7489537.0,43296376831.0,11.832,1.58,57.639,5.534,5.615,0.092,0.382,0.273,6380.631478984973,355.374,0.149,Medio,Media
Chile,1957.0,CHL,7651307.0,47633261429.0,11.726,1.532,60.715,5.089,5.771,0.092,0.36,0.246,6033.340764197035,367.1,0.143,Medio,Media
Chile,1958.0,CHL,7815995.0,50235251527.0,12.451,1.593,61.537,4.734,6.482,0.092,0.36,0.248,6074.413308287939,379.551,0.148,Medio,Media
Chile,1959.0,CHL,7983432.0,47425586076.0,12.703,1.591,63.317,4.543,6.54,0.092,0.414,0.268,5757.026092484492,392.254,0.143,Medio,Media
Chile,1960.0,CHL,8153356.0,51436252390.0,13.476,1.653,64.59,4.51,6.925,0.092,0.414,0.262,5735.30974699103,405.731,0.144,Medio,Media
Chile,1961.0,CHL,8324802.0,53814652578.0,14.458,1.737,61.141,4.441,7.218,0.103,0.436,0.269,5604.86338678368,420.189,0.154,Medio,Media
Chile,1962.0,CHL,8497068.0,56294053992.0,16.707,1.966,63.111,4.772,8.334,0.103,0.505,0.297,6138.577415559887,436.896,0.171,Medio,Media
Chile,1963.0,CHL,8670148.0,59768953152.0,17.337,2.0,63.248,4.602,9.094,0.103,0.578,0.29,6365.1515222529015,454.233,0.169,Medio,Media
Chile,1964.0,CHL,8842536.0,60978695273.0,17.505,1.98,64.318,4.404,9.809,0.103,0.625,0.287,6593.683890876966,471.738,0.162,Medio,Media
Chile,1965.0,CHL,9012944.0,61339721007.0,17.747,1.969,64.24,4.36,10.182,0.114,0.585,0.289,8036.534,489.486,0.157,Medio,Media
Chile,1966.0,CHL,9181729.0,68132623972.0,18.772,2.045,65.975,4.334,11.429,0.114,0.676,0.276,8459.756,508.258,0.158,Medio,Media
Chile,1967.0,CHL,9348941.0,70277718775.0,19.238,2.058,66.484,4.553,11.484,0.125,0.61,0.274,8470.294,527.497,0.157,Medio,Media
Chile,1968.0,CHL,9514712.0,72715538667.0,21.202,2.228,69.98,4.687,12.837,0.128,0.611,0.292,8288.102,548.699,0.164,Medio,Media
Chile,1969.0,CHL,9680281.0,75313212389.0,22.531,2.328,77.215,4.73,13.333,0.143,0.709,0.299,8780.365,571.23,0.164,Medio,Media
Chile,1970.0,CHL,9845347.0,76775329672.0,24.636,2.502,77.522,4.764,14.402,2.367,1.01,0.321,9115.36,595.866,0.165,Medio,Alta
Chile,1971.0,CHL,10009698.0,83697033051.0,27.056,2.703,81.082,5.152,15.285,2.492,0.664,0.323,9701.524,622.922,0.175,Alto,Alta
Chile,1972.0,CHL,10174678.0,82793308007.0,28.139,2.766,88.941,4.357,16.289,2.554,0.659,0.34,9724.64,651.061,0.173,Alto,Alta
Chile,1973.0,CHL,10340367.0,78292277630.0,27.588,2.668,87.585,4.672,15.422,2.264,0.643,0.352,9259.043,678.649,0.162,Medio,Alta
Chile,1974.0,CHL,10505817.0,79171405778.0,25.878,2.463,81.975,4.488,14.822,2.257,0.655,0.327,9130.87,704.527,0.152,Medio,Alta
Chile,1975.0,CHL,10671567.0,69003129149.0,22.947,2.15,86.917,3.568,12.877,2.257,0.457,0.333,8136.395,727.474,0.135,Medio,Alta
Chile,1976.0,CHL,10838255.0,71648444839.0,24.029,2.217,76.97,3.646,13.753,1.598,0.425,0.335,8319.034,751.503,0.135,Medio,Alta
Chile,1977.0,CHL,11005518.0,78841260101.0,23.017,2.091,69.41,3.851,14.084,1.506,0.487,0.292,8575.519,774.52,0.125,Medio,Media
Chile,1978.0,CHL,11172698.0,85389957250.0,22.842,2.044,65.126,3.917,14.546,0.912,0.499,0.268,8780.61,797.362,0.12,Medio,Media
Chile,1979.0,CHL,11339778.0,92570918701.0,24.73,2.181,65.372,4.247,15.422,1.418,0.562,0.267,9133.908,822.091,0.127,Alto,Media
Chile,1980.0,CHL,11508553.0,100109709187.0,25.1,2.181,67.392,5.118,15.442,1.432,0.643,0.251,9295.389,847.191,0.129,Alto,Media
Chile,1981.0,CHL,11678714.0,106358277083.0,24.347,2.085,63.416,4.932,15.754,1.642,0.74,0.229,9211.863,871.539,0.129,Alto,Media
Chile,1982.0,CHL,11850214.0,92080692234.0,20.475,1.728,58.463,3.294,14.103,1.696,0.441,0.222,8491.929,892.014,0.109,Medio,Media
Chile,1983.0,CHL,12026139.0,89603038518.0,20.674,1.719,57.669,4.041,13.601,1.803,0.478,0.231,8692.854,912.688,0.109,Medio,Media
Chile,1984.0,CHL,12207731.0,94938076265.0,22.005,1.803,59.052,5.225,13.689,1.81,0.519,0.232,8889.823,934.693,0.113,Medio,Media
Chile,1985.0,CHL,12395277.0,96833632000.0,21.292,1.718,56.018,5.057,13.248,1.847,0.517,0.22,8866.271,955.985,0.106,Medio,Media
Chile,1986.0,CHL,12588923.0,102072825000.0,22.022,1.749,52.64,5.299,14.123,1.686,0.508,0.216,9068.701,978.007,0.108,Alto,Media
Chile,1987.0,CHL,12790156.0,108707265000.0,22.41,1.752,53.935,5.232,14.616,1.652,0.551,0.206,9369.136,1000.418,0.106,Alto,Media
Chile,1988.0,CHL,12999426.0,116634121000.0,26.6,2.046,59.89,7.189,16.301,2.202,0.633,0.228,10286.36,1027.018,0.121,Alto,Media
Chile,1989.0,CHL,13215015.0,129084510000.0,32.018,2.423,59.767,9.885,17.921,3.254,0.658,0.248,11185.941,1059.035,0.144,Alto,Media
Chile,1990.0,CHL,13437181.0,133955187000.0,32.908,2.449,59.244,10.707,18.527,2.613,0.676,0.246,11585.809,1091.944,0.145,Alto,Media
Chile,1991.0,CHL,13662482.0,143694660776.0,30.892,2.261,55.638,8.628,19.113,2.198,0.715,0.215,12806.18,1122.835,0.133,Alto,Media
Chile,1992.0,CHL,13884579.0,160277244361.0,32.001,2.305,57.749,7.456,20.819,2.612,0.871,0.2,13986.307,1154.836,0.142,Alto,Media
Chile,1993.0,CHL,14102276.0,170385338997.0,34.098,2.418,67.279,7.628,22.819,2.448,1.005,0.2,14552.833,1188.934,0.15,Alto,Media
Chile,1994.0,CHL,14316263.0,178942754051.0,37.975,2.653,68.795,9.362,24.234,2.631,1.119,0.212,15051.502,1226.909,0.165,Alto,Media
Chile,1995.0,CHL,14527382.0,196694148759.0,41.563,2.861,74.325,10.314,26.835,2.616,0.992,0.211,15986.057,1268.471,0.177,Alto,Media
Chile,1996.0,CHL,14734049.0,209865805164.0,48.226,3.273,82.276,14.415,29.259,2.682,0.961,0.23,16685.5,1316.698,0.199,Alto,Media
Chile,1997.0,CHL,14932436.0,222279419403.0,55.942,3.746,96.667,18.606,31.052,4.529,0.946,0.252,18822.027,1372.64,0.229,Alto,Media
Chile,1998.0,CHL,15127799.0,227977542773.0,57.258,3.785,93.244,17.77,31.21,6.441,1.131,0.251,18606.529,1429.898,0.236,Alto,Media
Chile,1999.0,CHL,15319311.0,224771940848.0,61.408,4.009,99.51,18.518,32.155,9.032,0.951,0.273,19133.707,1491.306,0.247,Alto,Media
Chile,2000.0,CHL,15503638.0,233340518904.0,58.503,3.773,104.248,14.242,30.627,11.919,1.01,0.251,19827.041,1549.809,0.229,Alto,Media
Chile,2001.0,CHL,15683852.0,239642803054.0,52.918,3.374,101.149,9.263,28.468,13.517,1.013,0.221,19978.824,1602.727,0.206,Alto,Media
Chile,2002.0,CHL,15857926.0,243288829547.0,54.836,3.458,98.891,9.38,30.323,13.506,1.079,0.225,20229.719,1657.563,0.209,Alto,Media
Chile,2003.0,CHL,16024755.0,250723122339.0,55.1,3.438,105.303,9.244,29.587,14.737,1.113,0.22,20124.473,1712.663,0.199,Alto,Media
Chile,2004.0,CHL,16187324.0,264146071325.0,59.221,3.658,107.34,10.274,31.324,16.048,1.193,0.224,21269.668,1771.884,0.207,Alto,Media
Chile,2005.0,CHL,16348780.0,278000705012.0,61.116,3.738,109.995,10.241,33.826,15.557,1.152,0.22,21856.49,1833.001,0.206,Alto,Media
Chile,2006.0,CHL,16509195.0,293258343549.0,64.048,3.88,109.724,12.535,35.735,14.334,1.236,0.218,22392.51,1897.049,0.209,Alto,Media
Chile,2007.0,CHL,16671571.0,305709457316.0,70.469,4.227,119.872,13.003,47.223,8.764,1.316,0.231,22151.396,1967.518,0.224,Alto,Media
Chile,2008.0,CHL,16838987.0,314032357531.0,70.549,4.19,125.591,16.733,47.549,4.825,1.307,0.225,21931.584,2038.067,0.22,Alto,Media
Chile,2009.0,CHL,17009730.0,306660166266.0,65.96,3.878,117.197,13.429,44.932,6.379,1.081,0.215,20833.512,2104.027,0.209,Alto,Media
Chile,2010.0,CHL,17181463.0,321457401232.0,71.347,4.153,122.576,16.525,43.461,10.227,1.046,0.222,21182.576,2175.374,0.214,Alto,Media
Chile,2011.0,CHL,17351810.0,338708860136.0,78.071,4.499,127.555,20.848,45.628,10.45,1.08,0.23,22228.908,2253.446,0.226,Alto,Media
Chile,2012.0,CHL,17519116.0,359556383692.0,79.621,4.545,131.836,23.479,45.162,9.809,1.127,0.221,22988.977,2333.067,0.228,Alto,Media
Chile,2013.0,CHL,17687006.0,371454072393.0,81.733,4.621,131.036,25.395,45.914,9.292,1.086,0.22,23393.406,2414.8,0.232,Alto,Media
Chile,2014.0,CHL,17864192.0,378114271615.0,77.586,4.343,126.244,24.385,43.82,8.296,1.022,0.205,22924.852,2492.386,0.219,Alto,Media
Chile,2015.0,CHL,18047630.0,386251266445.0,81.778,4.531,127.965,27.191,44.353,9.112,1.033,0.212,22952.033,2574.165,0.231,Alto,Media
Chile,2016.0,CHL,18267225.0,393022253885.0,84.25,4.612,129.748,27.015,46.064,9.951,1.12,0.214,23753.109,2658.415,0.238,Alto,Media
Chile,2017.0,CHL,18558868.0,398359518680.0,84.135,4.533,128.722,27.754,45.465,9.944,0.915,0.211,24265.859,2742.55,0.234,Alto,Media
Chile,2018.0,CHL,18893185.0,414254051745.0,84.443,4.469,127.067,27.07,46.573,9.981,0.73,0.204,24785.533,2826.992,0.23,Alto,Media
Chile,2019.0,CHL,19197748.0,417331966568.0,91.977,4.791,132.671,31.017,48.022,12.051,0.84,0.22,24689.287,2918.969,0.248,Alto,Media
Chile,2020.0,CHL,19370621.0,391686945225.0,80.178,4.139,124.513,25.193,43.035,11.043,0.88,0.205,22842.719,2999.147,0.228,Alto,Media
Chile,2021.0,CHL,19456323.0,437659188270.0,83.63,4.298,119.015,24.101,46.49,12.083,0.944,0.191,24509.102,3082.778,0.227,Alto,Media
Chile,2022.0,CHL,19553033.0,448338105532.0,85.744,4.385,117.52,19.858,52.159,12.867,0.851,0.191,25750.754,3168.522,0.228,Alto,Media
Chile,2023.0,CHL,19658833.0,132408550627.09871,77.604,3.948,106.233,11.731,51.571,13.446,0.851,0.22818580300783398,25306.361,3246.126,0.204,,
Chile,2024.0,CHL,19764774.0,133130654804.36684,78.726,3.983,104.4,10.874,54.435,12.559,0.851,0.22170406942230678,26245.264,3324.852,0.204,,
China,1950.0,CHN,544044355.0,436905185000.0,78.835,0.145,1341.868,77.615,0.619,0.015,0.587,0.18,15124.455952722234,2271.156,1.329,Bajo,Media
China,1951.0,CHN,553758251.0,529606000000.0,102.115,0.184,1599.3,100.133,0.938,0.007,1.036,0.193,15936.962895717534,2373.272,1.6,Bajo,Media
China,1952.0,CHN,565131435.0,595648770000.0,128.003,0.227,1404.795,125.448,1.337,0.015,1.203,0.215,17622.553078734247,2501.275,1.979,Bajo,Media
China,1953.0,CHN,577557140.0,672668230000.0,133.786,0.232,1353.653,130.241,1.909,0.022,1.615,0.199,18018.94024735336,2635.061,2.012,Bajo,Media
China,1954.0,CHN,590113859.0,624480190000.0,160.881,0.273,1570.828,155.595,3.342,0.029,1.915,0.258,19420.620138837683,2795.942,2.369,Bajo,Media
China,1955.0,CHN,603547014.0,681084945000.0,190.521,0.316,1559.502,183.196,5.419,0.033,1.873,0.28,19898.180692612503,2986.464,2.559,Bajo,Media
China,1956.0,CHN,616558585.0,738921885000.0,215.828,0.35,1480.119,205.026,8.094,0.048,2.66,0.292,20643.50466013163,3202.292,2.723,Bajo,Media
China,1957.0,CHN,630356210.0,761702560000.0,255.789,0.406,1504.377,243.814,8.988,0.132,2.855,0.336,21962.024778482522,3458.08,3.125,Bajo,Alta
China,1958.0,CHN,644219478.0,766244655000.0,524.624,0.814,1581.868,508.182,12.359,0.213,3.871,0.685,30985.65009371161,3982.704,6.233,Bajo,Alta
China,1959.0,CHN,652708211.0,743927585000.0,720.163,1.103,1706.825,695.449,19.049,0.557,5.107,0.968,35869.695144166224,4702.867,8.133,Bajo,Alta
China,1960.0,CHN,654802068.0,705092990000.0,798.811,1.22,1736.192,748.387,22.991,1.993,6.514,1.133,21744.569349173795,5501.678,8.51,Bajo,Alta
China,1961.0,CHN,655773484.0,577128420000.0,570.641,0.87,1837.976,522.486,22.336,2.818,2.585,0.989,13822.810546873301,6072.319,6.061,Bajo,Alta
China,1962.0,CHN,665073690.0,616503020000.0,459.625,0.691,1774.085,411.933,21.764,2.323,2.497,0.746,9926.602664226888,6531.944,4.715,Bajo,Alta
China,1963.0,CHN,684552646.0,705534390000.0,456.787,0.667,1876.863,406.136,23.27,1.957,3.355,0.647,8510.46940087427,6988.731,4.449,Bajo,Alta
China,1964.0,CHN,704798263.0,804504960000.0,460.644,0.654,1799.003,401.581,27.729,2.03,5.032,0.573,6851.123678477528,7449.375,4.256,Bajo,Alta
China,1965.0,CHN,723415737.0,896126805000.0,500.294,0.692,2061.178,433.001,34.999,2.11,6.801,0.558,2123.529,7949.669,4.423,Bajo,Alta
China,1966.0,CHN,742402206.0,927339400000.0,549.467,0.74,1944.967,469.773,44.547,2.568,8.387,0.593,2248.522,8499.136,4.632,Bajo,Alta
China,1967.0,CHN,761026025.0,933378350000.0,460.233,0.605,1638.414,383.606,42.499,2.799,6.085,0.493,1972.427,8959.369,3.761,Bajo,Alta
China,1968.0,CHN,781011030.0,912372780000.0,495.514,0.634,1768.523,412.728,48.651,2.686,5.253,0.543,1941.965,9454.883,3.84,Bajo,Alta
China,1969.0,CHN,802140341.0,1006175600000.0,607.694,0.758,2397.133,501.187,66.85,3.759,7.613,0.604,2300.328,10062.578,4.416,Bajo,Alta
China,1970.0,CHN,823308964.0,1144004370000.0,807.964,0.981,2492.342,665.877,94.645,5.503,10.718,0.706,2868.545,10870.541,5.423,Bajo,Alta
China,1971.0,CHN,844069870.0,1216237830000.0,909.21,1.077,2289.57,736.435,120.091,7.174,13.113,0.748,3317.408,11779.751,5.864,Bajo,Alta
China,1972.0,CHN,863677810.0,1233564930000.0,968.636,1.122,2837.55,770.736,138.328,9.281,14.693,0.785,3495.327,12748.387,5.97,Bajo,Alta
China,1973.0,CHN,882576945.0,1334375220000.0,1008.269,1.142,2797.21,783.755,158.82,11.468,15.417,0.756,3610.895,13756.655,5.904,Bajo,Alta
China,1974.0,CHN,900307580.0,1367631650000.0,1028.063,1.142,2815.046,776.116,182.573,14.44,15.289,0.752,3650.71,14784.719,6.048,Bajo,Alta
China,1975.0,CHN,916116796.0,1460733630000.0,1183.154,1.291,2882.925,906.656,204.192,16.972,19.023,0.81,4017.437,15967.873,6.964,Bajo,Alta
China,1976.0,CHN,930372293.0,1413710515000.0,1226.339,1.318,2807.751,910.405,238.984,19.368,19.156,0.867,4164.813,17194.211,6.865,Bajo,Alta
China,1977.0,CHN,943546374.0,1493489265000.0,1340.715,1.421,3343.369,998.627,257.484,23.237,22.772,0.898,4477.948,18534.926,7.303,Bajo,Alta
China,1978.0,CHN,956161482.0,1667551760000.0,1492.517,1.561,3705.422,1117.366,281.992,26.286,26.63,0.895,4844.404,20027.445,7.845,Bajo,Alta
China,1979.0,CHN,969288071.0,1801380295000.0,1525.417,1.574,3232.371,1147.533,278.427,27.777,30.091,0.847,4923.021,21552.861,7.819,Bajo,Alta
China,1980.0,CHN,983163540.0,1893783550000.0,1494.298,1.52,3181.317,1122.742,273.202,27.319,32.437,0.789,4910.204,23047.16,7.699,Bajo,Alta
China,1981.0,CHN,997721072.0,1949955282000.0,1476.28,1.48,3101.302,1125.111,256.374,24.388,33.589,0.757,4774.731,24523.439,7.819,Bajo,Alta
China,1982.0,CHN,1013588177.0,2128597968000.0,1606.239,1.585,3233.354,1248.904,257.81,22.9,38.476,0.755,4910.15,26129.678,8.576,Bajo,Alta
China,1983.0,CHN,1029064952.0,2278862376000.0,1693.747,1.646,3330.966,1321.858,263.771,23.439,43.642,0.743,5148.07,27823.426,8.961,Bajo,Alta
China,1984.0,CHN,1043849645.0,2534000300000.0,1844.213,1.767,3463.252,1454.176,271.451,24.226,49.473,0.728,5446.325,29667.639,9.478,Medio,Alta
China,1985.0,CHN,1059807818.0,2752673760000.0,1997.193,1.884,3560.514,1584.377,284.593,24.82,58.547,0.726,5803.289,31664.832,9.914,Medio,Alta
China,1986.0,CHN,1077233607.0,2931538920000.0,2103.43,1.953,3684.369,1657.523,303.068,26.352,66.447,0.718,5982.088,33768.262,10.292,Medio,Alta
China,1987.0,CHN,1096217445.0,3177306585000.0,2256.629,2.059,3851.818,1770.25,321.524,26.601,74.338,0.71,6340.201,36024.895,10.692,Medio,Alta
China,1988.0,CHN,1115244168.0,3354463350000.0,2424.444,2.174,4062.891,1892.551,343.13,27.311,83.658,0.723,6695.495,38449.336,11.061,Medio,Alta
China,1989.0,CHN,1133991006.0,3380560300000.0,2462.15,2.171,4144.589,1920.112,354.441,28.821,83.51,0.728,6910.493,40911.488,11.091,Medio,Alta
China,1990.0,CHN,1153582725.0,3385121670000.0,2483.534,2.153,4205.167,1976.808,330.292,29.301,83.068,0.734,6881.387,43395.02,10.925,Medio,Alta
China,1991.0,CHN,1170788533.0,3508948004345.0,2619.143,2.237,4315.059,2049.723,356.027,30.778,99.573,0.746,7121.363,46014.164,11.287,Medio,Alta
China,1992.0,CHN,1184574236.0,3755037703201.0,2731.29,2.306,4445.956,2114.612,385.794,30.239,120.352,0.727,7406.634,48745.457,12.128,Medio,Alta
China,1993.0,CHN,1197308574.0,4126169229667.0,2914.284,2.434,4591.354,2228.683,428.549,35.728,140.333,0.706,7899.078,51659.738,12.81,Medio,Alta
China,1994.0,CHN,1209003099.0,4438753488140.0,3093.891,2.559,4901.601,2380.736,423.712,41.568,161.567,0.697,8311.651,54753.629,13.467,Medio,Alta
China,1995.0,CHN,1220133929.0,4809999898743.0,3351.197,2.747,5151.296,2569.699,468.23,42.436,181.48,0.697,8484.854,58104.828,14.25,Medio,Alta
China,1996.0,CHN,1230944809.0,5127589598793.0,3499.311,2.843,5359.031,2660.288,510.622,44.47,189.556,0.682,8861.039,61604.133,14.44,Medio,Alta
China,1997.0,CHN,1241139623.0,5291338914515.0,3512.35,2.83,5318.064,2609.78,557.961,44.158,199.406,0.664,8847.622,65116.488,14.406,Medio,Alta
China,1998.0,CHN,1250847122.0,5338703042331.0,3355.336,2.682,5195.279,2444.896,559.262,50.501,207.755,0.628,8794.493,68471.82,13.81,Medio,Alta
China,1999.0,CHN,1260176650.0,5578503091801.0,3549.949,2.817,5342.072,2580.985,596.751,54.572,224.419,0.636,9035.296,72021.773,14.293,Medio,Alta
China,2000.0,CHN,1269581174.0,5952682232028.0,3643.81,2.87,5282.098,2601.591,648.685,59.796,240.21,0.612,9294.628,75665.578,14.283,Medio,Alta
China,2001.0,CHN,1278725061.0,6329737256820.0,3724.114,2.912,5282.242,2637.885,659.301,67.158,266.198,0.588,9751.95,79389.695,14.495,Medio,Alta
China,2002.0,CHN,1286866835.0,6814493895929.0,4098.181,3.185,5600.191,3018.604,653.087,53.993,277.856,0.601,10553.145,83487.875,15.603,Medio,Alta
China,2003.0,CHN,1294517323.0,7248623080792.0,4835.251,3.735,6373.199,3601.892,727.099,60.745,347.633,0.667,12219.811,88323.133,17.486,Medio,Alta
China,2004.0,CHN,1302100316.0,7830953177799.0,5210.961,4.002,6840.591,3835.193,839.096,71.521,362.099,0.665,14214.832,93534.086,18.214,Medio,Alta
China,2005.0,CHN,1310027135.0,8602939667333.0,5881.991,4.49,7551.543,4424.24,850.176,84.957,411.643,0.684,16050.938,99416.078,19.872,Medio,Alta
China,2006.0,CHN,1318054030.0,9489543138489.0,6486.185,4.921,8215.579,4905.253,898.537,103.753,462.05,0.684,17486.639,105902.258,21.201,Medio,Alta
China,2007.0,CHN,1325813576.0,10358206113742.0,6974.663,5.261,8701.73,5289.79,927.355,129.515,506.177,0.673,18893.74,112876.93,22.142,Medio,Alta
China,2008.0,CHN,1333821011.0,10799148337884.0,7492.404,5.617,9244.5,5729.368,970.121,149.674,516.934,0.694,19508.211,120369.328,23.377,Alto,Alta
China,2009.0,CHN,1342522717.0,11572544299171.0,7881.491,5.871,9644.707,6028.871,982.355,164.404,573.584,0.681,20229.75,128250.82,25.01,Alto,Alta
China,2010.0,CHN,1351561505.0,12858808500983.0,8610.048,6.37,10308.954,6569.148,1092.572,199.585,628.658,0.67,21497.809,136860.875,25.842,Alto,Alta
China,2011.0,CHN,1360250658.0,13691526496125.0,9520.153,6.999,11352.635,7309.64,1123.862,245.99,696.451,0.695,23037.326,146381.031,27.611,Alto,Alta
China,2012.0,CHN,1369520866.0,14773157494771.0,9767.311,7.132,11526.329,7464.979,1176.716,277.599,702.562,0.661,23821.602,156148.328,27.943,Alto,Alta
China,2013.0,CHN,1379008040.0,15925464549520.0,9942.371,7.21,11692.455,7493.418,1234.622,320.127,735.53,0.624,24548.49,166090.703,28.185,Alto,Alta
China,2014.0,CHN,1387951970.0,17103948867278.0,9976.027,7.188,11689.33,7425.231,1255.609,370.222,757.115,0.583,25021.807,176066.734,28.129,Alto,Alta
China,2015.0,CHN,1396134171.0,18301224436466.0,9858.04,7.061,11642.968,7266.352,1328.812,380.052,706.275,0.539,25166.627,185924.781,27.845,Alto,Alta
China,2016.0,CHN,1404052628.0,19545709173693.0,9748.175,6.943,11382.781,7071.886,1357.842,421.726,728.112,0.499,25125.633,195672.953,27.543,Alto,Alta
China,2017.0,CHN,1412354730.0,20894362082435.0,10000.014,7.08,11622.925,7163.662,1430.594,486.359,740.559,0.479,25949.135,205672.953,27.797,Alto,Alta
China,2018.0,CHN,1419008954.0,22294284747546.0,10346.79,7.292,11989.896,7316.7,1500.478,575.369,752.743,0.464,27068.061,216019.75,28.167,Alto,Alta
China,2019.0,CHN,1423520357.0,23631941251482.0,10713.515,7.526,12322.384,7522.577,1559.739,630.171,805.948,0.453,28231.928,226733.266,28.888,Alto,Alta
China,2020.0,CHN,1426106093.0,24151843898871.0,10896.521,7.641,12524.051,7679.382,1523.058,676.473,828.71,0.451,29095.936,237629.781,30.993,Alto,Alta
China,2021.0,CHN,1426437269.0,26180600167672.0,11284.401,7.911,12958.471,8004.203,1521.109,765.332,802.485,0.431,30738.947,248914.188,30.609,Alto,Alta
China,2022.0,CHN,1425179562.0,26966016991166.0,11711.808,8.218,13446.92,8468.947,1559.721,773.225,718.777,0.434,31235.707,260625.984,31.208,Alto,Alta
China,2023.0,CHN,1422584930.0,9682586913332.277,12172.009,8.556,13934.404,8740.891,1729.58,828.897,681.688,-5.832977939440587,33089.07,272798.0,31.953,,
China,2024.0,CHN,1419321284.0,9660394083168.988,12289.037,8.658,14107.007,8886.021,1705.386,889.406,617.752,-6.572125743973293,34514.457,285087.031,31.838,,
Christmas Island,1950.0,CXR,3950750.5,25481448410.33497,90.16144806129675,5.3086361145297944,132.13056830146192,48.64668455178259,24.565465653214872,10.719995321199995,5.334210164680661,0.41375360972649533,24706.760773036924,2126.266917518547,0.25668676811836383,,
Christmas Island,1951.0,CXR,3950750.5,25481448410.33497,90.16144806129675,5.3086361145297944,132.13056830146192,48.64668455178259,24.565465653214872,10.719995321199995,5.334210164680661,0.41375360972649533,24706.760773036924,2126.266917518547,0.25668676811836383,,
Christmas Island,1952.0,CXR,3950750.5,25481448410.33497,90.16144806129675,5.3086361145297944,132.13056830146192,48.64668455178259,24.565465653214872,10.719995321199995,5.334210164680661,0.41375360972649533,24706.760773036924,2126.266917518547,0.25668676811836383,,
Christmas Island,1953.0,CXR,3950750.5,25481448410.33497,90.16144806129675,5.3086361145297944,132.13056830146192,48.64668455178259,24.565465653214872,10.719995321199995,5.334210164680661,0.41375360972649533,24706.760773036924,2126.266917518547,0.25668676811836383,,
Christmas Island,1954.0,CXR,3950750.5,25481448410.33497,90.16144806129675,5.3086361145297944,132.13056830146192,48.64668455178259,24.565465653214872,10.719995321199995,5.334210164680661,0.41375360972649533,24706.760773036924,2126.266917518547,0.25668676811836383,,
Christmas Island,1955.0,CXR,3950750.5,25481448410.33497,90.16144806129675,5.3086361145297944,132.13056830146192,48.64668455178259,24.565465653214872,10.719995321199995,5.334210164680661,0.41375360972649533,24706.760773036924,2126.266917518547,0.25668676811836383,,
Christmas Island,1956.0,CXR,3950750.5,25481448410.33497,90.16144806129675,5.3086361145297944,132.13056830146192,48.64668455178259,24.565465653214872,10.719995321199995,5.334210164680661,0.41375360972649533,24706.760773036924,2126.266917518547,0.25668676811836383,,
Christmas Island,1957.0,CXR,3950750.5,25481448410.33497,90.16144806129675,5.3086361145297944,132.13056830146192,48.64668455178259,24.565465653214872,10.719995321199995,5.334210164680661,0.41375360972649533,24706.760773036924,2126.266917518547,0.25668676811836383,,
Christmas Island,1958.0,CXR,3950750.5,25481448410.33497,90.16144806129675,5.3086361145297944,132.13056830146192,48.64668455178259,24.565465653214872,10.719995321199995,5.334210164680661,0.41375360972649533,24706.760773036924,2126.266917518547,0.25668676811836383,,
Christmas Island,1959.0,CXR,3950750.5,25481448410.33497,90.16144806129675,5.3086361145297944,132.13056830146192,48.64668455178259,24.565465653214872,10.719995321199995,5.334210164680661,0.41375360972649533,24706.760773036924,2126.266917518547,0.25668676811836383,,
Christmas Island,1960.0,CXR,3950750.5,25481448410.33497,90.16144806129675,5.3086361145297944,132.13056830146192,48.64668455178259,24.565465653214872,10.719995321199995,5.334210164680661,0.41375360972649533,24706.760773036924,2126.266917518547,0.25668676811836383,,
Christmas Island,1961.0,CXR,3950750.5,25481448410.33497,90.16144806129675,5.3086361145297944,132.13056830146192,48.64668455178259,24.565465653214872,10.719995321199995,5.334210164680661,0.41375360972649533,24706.760773036924,2126.266917518547,0.25668676811836383,,
Christmas Island,1962.0,CXR,3950750.5,25481448410.33497,90.16144806129675,5.3086361145297944,132.13056830146192,48.64668455178259,24.565465653214872,10.719995321199995,5.334210164680661,0.41375360972649533,24706.760773036924,2126.266917518547,0.25668676811836383,,
Christmas Island,1963.0,CXR,3950750.5,25481448410.33497,90.16144806129675,5.3086361145297944,132.13056830146192,48.64668455178259,24.565465653214872,10.719995321199995,5.334210164680661,0.41375360972649533,24706.760773036924,2126.266917518547,0.25668676811836383,,
Christmas Island,1964.0,CXR,3950750.5,25481448410.33497,90.16144806129675,5.3086361145297944,132.13056830146192,48.64668455178259,24.565465653214872,10.719995321199995,5.334210164680661,0.41375360972649533,24706.760773036924,2126.266917518547,0.25668676811836383,,
Christmas Island,1965.0,CXR,3950750.5,25481448410.33497,90.16144806129675,5.3086361145297944,132.13056830146192,48.64668455178259,24.565465653214872,10.719995321199995,5.334210164680661,0.41375360972649533,24706.760773036924,2126.266917518547,0.25668676811836383,,
Christmas Island,1966.0,CXR,3950750.5,25481448410.33497,90.16144806129675,5.3086361145297944,132.13056830146192,48.64668455178259,24.565465653214872,10.719995321199995,5.334210164680661,0.41375360972649533,24706.760773036924,2126.266917518547,0.25668676811836383,,
Christmas Island,1967.0,CXR,3950750.5,25481448410.33497,90.16144806129675,5.3086361145297944,132.13056830146192,48.64668455178259,24.565465653214872,10.719995321199995,5.334210164680661,0.41375360972649533,24706.760773036924,2126.266917518547,0.25668676811836383,,
Christmas Island,1968.0,CXR,3950750.5,25481448410.33497,90.16144806129675,5.3086361145297944,132.13056830146192,48.64668455178259,24.565465653214872,10.719995321199995,5.334210164680661,0.41375360972649533,24706.760773036924,2126.266917518547,0.25668676811836383,,
Christmas Island,1969.0,CXR,3950750.5,25481448410.33497,90.16144806129675,5.3086361145297944,132.13056830146192,48.64668455178259,24.565465653214872,10.719995321199995,5.334210164680661,0.41375360972649533,24706.760773036924,2126.266917518547,0.25668676811836383,,
Christmas Island,1970.0,CXR,3950750.5,25472998184.422516,0.07,4.149968859933751,-8.85716783440568,-8.31970796363068,0.07,8.781774288729332,0.0,0.4245115468811407,19238.10772548496,0.07,0.0,,
Christmas Island,1971.0,CXR,3950750.5,25473003484.746555,0.084,4.150640448982628,-8.936478954292365,-8.319234024763253,0.084,8.7809351297078,0.0,0.4246446183107327,19246.62206284142,0.154,0.001,,
Christmas Island,1972.0,CXR,3950750.5,25473003673.339874,0.084,4.150647884834881,-8.938024132567179,-8.31931941321725,0.084,8.78101336857367,0.0,0.4246417899238816,19246.68191009284,0.238,0.001,,
Christmas Island,1973.0,CXR,3950750.5,25472998718.770252,0.07,4.1499899281818005,-8.861545839517639,-8.31994989758367,0.07,8.781995965515959,0.0,0.4245035331183957,19238.277292697323,0.308,0.0,,
Christmas Island,1974.0,CXR,3950750.5,25473002209.412575,0.125,4.150095234813006,-8.640502284081514,-8.322708183588748,0.125,8.783102719904228,0.0,0.4245104555294921,19244.110709077097,0.432,0.001,,
Christmas Island,1975.0,CXR,3950750.5,25473002005.135395,0.136,4.149954394390023,-8.562223630080695,-8.323702704750746,0.136,8.783741471009268,0.0,0.42447239272811094,19243.480687155166,0.568,0.001,,
Christmas Island,1976.0,CXR,3950750.5,25473002793.153805,0.125,4.1501182505461705,-8.645284978741657,-8.32297248118445,0.125,8.783344887822391,0.0,0.4245017009987625,19244.29595056959,0.692,0.001,,
Christmas Island,1977.0,CXR,3950750.5,25472998768.228237,0.092,4.14972630583416,-8.708741107326261,-8.32214631186738,0.092,8.7834634764003,0.0,0.42442053857613726,19237.16259217832,0.784,0.0,,
Christmas Island,1978.0,CXR,3950750.5,25472998974.782825,0.092,4.1497344498628195,-8.71043344543676,-8.322239832555093,0.092,8.783549166586727,0.0,0.42441744081911,19237.22813916798,0.876,0.0,,
Christmas Island,1979.0,CXR,3950750.5,25473004633.087082,0.099,4.150504653647281,-8.841426180783913,-8.321236240505698,0.099,8.782398110555905,0.0,0.424571314866775,19246.215747379345,0.975,0.001,,
Christmas Island,1980.0,CXR,3950750.5,25473004855.35778,0.099,4.150513417330293,-8.843247283750646,-8.32133687689791,0.099,8.782490320647824,0.0,0.4245679814108433,19246.286281639947,1.074,0.001,,
Christmas Island,1981.0,CXR,3950750.5,25473004899.048046,0.103,4.1504668540624134,-8.815748891216636,-8.32175193494644,0.103,8.782771535405143,0.0,0.4245523711198647,19246.094619676256,1.176,0.001,,
Christmas Island,1982.0,CXR,3950750.5,25473000692.47753,0.073,4.150031533043662,-8.856824504862082,-8.321139980625802,0.073,8.783012084911864,0.0,0.42446271658548557,19238.749474187094,1.249,0.0,,
Christmas Island,1983.0,CXR,3950750.5,25473000503.70356,0.081,4.149927518295676,-8.799565137320215,-8.32184506362951,0.081,8.783459950372915,0.0,0.42443563756998925,19238.27851678442,1.33,0.0,,
Christmas Island,1984.0,CXR,3950750.5,25483843245.236954,71.71765354654653,5.938505528789867,125.62758328610695,37.00988744025338,22.17546842925079,11.754103839956201,0.0,0.4372838303836415,27129.41007812662,2379.835543431668,0.2599152780975064,,
Christmas Island,1985.0,CXR,3950750.5,25483843245.236954,71.71765354654653,5.938505528789867,125.62758328610695,37.00988744025338,22.17546842925079,11.754103839956201,0.0,0.4372838303836415,27129.41007812662,2379.835543431668,0.2599152780975064,,
Christmas Island,1986.0,CXR,3950750.5,25483843245.236954,71.71765354654653,5.938505528789867,125.62758328610695,37.00988744025338,22.17546842925079,11.754103839956201,0.0,0.4372838303836415,27129.41007812662,2379.835543431668,0.2599152780975064,,
Christmas Island,1987.0,CXR,3950750.5,25483843245.236954,71.71765354654653,5.938505528789867,125.62758328610695,37.00988744025338,22.17546842925079,11.754103839956201,0.0,0.4372838303836415,27129.41007812662,2379.835543431668,0.2599152780975064,,
Christmas Island,1988.0,CXR,3950750.5,25483843245.236954,71.71765354654653,5.938505528789867,125.62758328610695,37.00988744025338,22.17546842925079,11.754103839956201,0.0,0.4372838303836415,27129.41007812662,2379.835543431668,0.2599152780975064,,
Christmas Island,1989.0,CXR,3950750.5,25483843245.236954,71.71765354654653,5.938505528789867,125.62758328610695,37.00988744025338,22.17546842925079,11.754103839956201,0.0,0.4372838303836415,27129.41007812662,2379.835543431668,0.2599152780975064,,
Christmas Island,1990.0,CXR,3950750.5,25483843245.236954,71.71765354654653,5.938505528789867,125.62758328610695,37.00988744025338,22.17546842925079,11.754103839956201,0.0,0.4372838303836415,27129.41007812662,2379.835543431668,0.2599152780975064,,
Christmas Island,1991.0,CXR,3950750.5,25483843245.236954,71.71765354654653,5.938505528789867,125.62758328610695,37.00988744025338,22.17546842925079,11.754103839956201,0.0,0.4372838303836415,27129.41007812662,2379.835543431668,0.2599152780975064,,
Christmas Island,1992.0,CXR,3950750.5,25483843245.236954,71.71765354654653,5.938505528789867,125.62758328610695,37.00988744025338,22.17546842925079,11.754103839956201,0.0,0.4372838303836415,27129.41007812662,2379.835543431668,0.2599152780975064,,
Christmas Island,1993.0,CXR,3950750.5,25483843245.236954,71.71765354654653,5.938505528789867,125.62758328610695,37.00988744025338,22.17546842925079,11.754103839956201,0.0,0.4372838303836415,27129.41007812662,2379.835543431668,0.2599152780975064,,
Christmas Island,1994.0,CXR,3950750.5,25468472518.8266,0.0,2.9765398591812318,18.91009863552069,-12.260531183378502,3.812668822457452,8.846569531132996,0.0,0.33210473850236005,14144.0240766762,1.33,0.0,,
Christmas Island,1995.0,CXR,3950750.5,25468472518.8266,0.0,2.9765398591812318,18.91009863552069,-12.260531183378502,3.812668822457452,8.846569531132996,0.0,0.33210473850236005,14144.0240766762,1.33,0.0,,
Christmas Island,1996.0,CXR,3950750.5,25468472518.8266,0.0,2.9765398591812318,18.91009863552069,-12.260531183378502,3.812668822457452,8.846569531132996,0.0,0.33210473850236005,14144.0240766762,1.33,0.0,,
Christmas Island,1997.0,CXR,3950750.5,25468472518.8266,0.0,2.9765398591812318,18.91009863552069,-12.260531183378502,3.812668822457452,8.846569531132996,0.0,0.33210473850236005,14144.0240766762,1.33,0.0,,
Christmas Island,1998.0,CXR,3950750.5,25468472518.8266,0.0,2.9765398591812318,18.91009863552069,-12.260531183378502,3.812668822457452,8.846569531132996,0.0,0.33210473850236005,14144.0240766762,1.33,0.0,,
Christmas Island,1999.0,CXR,3950750.5,25468472518.8266,0.0,2.9765398591812318,18.91009863552069,-12.260531183378502,3.812668822457452,8.846569531132996,0.0,0.33210473850236005,14144.0240766762,1.33,0.0,,
Christmas Island,2000.0,CXR,3950750.5,25468472518.8266,0.0,2.9765398591812318,18.91009863552069,-12.260531183378502,3.812668822457452,8.846569531132996,0.0,0.33210473850236005,14144.0240766762,1.33,0.0,,
Christmas Island,2001.0,CXR,3950750.5,25468472518.8266,0.0,2.9765398591812318,18.91009863552069,-12.260531183378502,3.812668822457452,8.846569531132996,0.0,0.33210473850236005,14144.0240766762,1.33,0.0,,
Christmas Island,2002.0,CXR,3950750.5,25468472518.8266,0.0,2.9765398591812318,18.91009863552069,-12.260531183378502,3.812668822457452,8.846569531132996,0.0,0.33210473850236005,14144.0240766762,1.33,0.0,,
Christmas Island,2003.0,CXR,3950750.5,25468472518.8266,0.0,2.9765398591812318,18.91009863552069,-12.260531183378502,3.812668822457452,8.846569531132996,0.0,0.33210473850236005,14144.0240766762,1.33,0.0,,
Christmas Island,2004.0,CXR,3950750.5,25468472518.8266,0.0,2.9765398591812318,18.91009863552069,-12.260531183378502,3.812668822457452,8.846569531132996,0.0,0.33210473850236005,14144.0240766762,1.33,0.0,,
Christmas Island,2005.0,CXR,3950750.5,25468472518.8266,0.0,2.9765398591812318,18.91009863552069,-12.260531183378502,3.812668822457452,8.846569531132996,0.0,0.33210473850236005,14144.0240766762,1.33,0.0,,
Christmas Island,2006.0,CXR,3950750.5,25468472518.8266,0.0,2.9765398591812318,18.91009863552069,-12.260531183378502,3.812668822457452,8.846569531132996,0.0,0.33210473850236005,14144.0240766762,1.33,0.0,,
Christmas Island,2007.0,CXR,3950750.5,25468472518.8266,0.0,2.9765398591812318,18.91009863552069,-12.260531183378502,3.812668822457452,8.846569531132996,0.0,0.33210473850236005,14144.0240766762,1.33,0.0,,
Christmas Island,2008.0,CXR,3950750.5,25468472518.8266,0.0,2.9765398591812318,18.91009863552069,-12.260531183378502,3.812668822457452,8.846569531132996,0.0,0.33210473850236005,14144.0240766762,1.33,0.0,,
Christmas Island,2009.0,CXR,3950750.5,25468472518.8266,0.0,2.9765398591812318,18.91009863552069,-12.260531183378502,3.812668822457452,8.846569531132996,0.0,0.33210473850236005,14144.0240766762,1.33,0.0,,
Christmas Island,2010.0,CXR,3950750.5,25468472518.8266,0.0,2.9765398591812318,18.91009863552069,-12.260531183378502,3.812668822457452,8.846569531132996,0.0,0.33210473850236005,14144.0240766762,1.33,0.0,,
Christmas Island,2011.0,CXR,3950750.5,25468472518.8266,0.0,2.9765398591812318,18.91009863552069,-12.260531183378502,3.812668822457452,8.846569531132996,0.0,0.33210473850236005,14144.0240766762,1.33,0.0,,
Christmas Island,2012.0,CXR,3950750.5,25468472518.8266,0.0,2.9765398591812318,18.91009863552069,-12.260531183378502,3.812668822457452,8.846569531132996,0.0,0.33210473850236005,14144.0240766762,1.33,0.0,,
Christmas Island,2013.0,CXR,3950750.5,25468472518.8266,0.0,2.9765398591812318,18.91009863552069,-12.260531183378502,3.812668822457452,8.846569531132996,0.0,0.33210473850236005,14144.0240766762,1.33,0.0,,
Christmas Island,2014.0,CXR,3950750.5,25468472518.8266,0.0,2.9765398591812318,18.91009863552069,-12.260531183378502,3.812668822457452,8.846569531132996,0.0,0.33210473850236005,14144.0240766762,1.33,0.0,,
Christmas Island,2015.0,CXR,3950750.5,25468472518.8266,0.0,2.9765398591812318,18.91009863552069,-12.260531183378502,3.812668822457452,8.846569531132996,0.0,0.33210473850236005,14144.0240766762,1.33,0.0,,
Christmas Island,2016.0,CXR,3950750.5,25468472518.8266,0.0,2.9765398591812318,18.91009863552069,-12.260531183378502,3.812668822457452,8.846569531132996,0.0,0.33210473850236005,14144.0240766762,1.33,0.0,,
Christmas Island,2017.0,CXR,3950750.5,25468472518.8266,0.0,2.9765398591812318,18.91009863552069,-12.260531183378502,3.812668822457452,8.846569531132996,0.0,0.33210473850236005,14144.0240766762,1.33,0.0,,
Christmas Island,2018.0,CXR,3950750.5,25468472518.8266,0.0,2.9765398591812318,18.91009863552069,-12.260531183378502,3.812668822457452,8.846569531132996,0.0,0.33210473850236005,14144.0240766762,1.33,0.0,,
Christmas Island,2019.0,CXR,3950750.5,25468472518.8266,0.0,2.9765398591812318,18.91009863552069,-12.260531183378502,3.812668822457452,8.846569531132996,0.0,0.33210473850236005,14144.0240766762,1.33,0.0,,
Christmas Island,2020.0,CXR,3950750.5,25468472518.8266,0.0,2.9765398591812318,18.91009863552069,-12.260531183378502,3.812668822457452,8.846569531132996,0.0,0.33210473850236005,14144.0240766762,1.33,0.0,,
Christmas Island,2021.0,CXR,3950750.5,25468472518.8266,0.0,2.9765398591812318,18.91009863552069,-12.260531183378502,3.812668822457452,8.846569531132996,0.0,0.33210473850236005,14144.0240766762,1.33,0.0,,
Christmas Island,2022.0,CXR,3950750.5,25468472518.8266,0.0,2.9765398591812318,18.91009863552069,-12.260531183378502,3.812668822457452,8.846569531132996,0.0,0.33210473850236005,14144.0240766762,1.33,0.0,,
Christmas Island,2023.0,CXR,3950750.5,25468472518.8266,0.0,2.9765398591812318,18.91009863552069,-12.260531183378502,3.812668822457452,8.846569531132996,0.0,0.33210473850236005,14144.0240766762,1.33,0.0,,
Christmas Island,2024.0,CXR,3950750.5,25468472518.8266,0.0,2.9765398591812318,18.91009863552069,-12.260531183378502,3.812668822457452,8.846569531132996,0.0,0.33210473850236005,14144.0240766762,1.33,0.0,,
Colombia,1950.0,COL,11766991.0,39782570953.0,7.262,0.617,332.046,2.358,4.624,0.0,0.28,0.183,2031.2721718805474,87.49,0.122,Medio,Media
Colombia,1951.0,COL,12078813.0,41004055000.0,8.164,0.676,342.635,2.864,4.981,0.0,0.32,0.199,2298.9476244208136,95.654,0.128,Medio,Media
Colombia,1952.0,COL,12405851.0,43585872568.0,8.633,0.696,356.476,2.481,5.807,0.0,0.345,0.198,2452.2175676421384,104.288,0.133,Medio,Media
Colombia,1953.0,COL,12746037.0,46268367861.0,10.761,0.844,369.797,3.158,7.17,0.0,0.432,0.233,3237.195558412839,115.049,0.162,Medio,Media
Colombia,1954.0,COL,13100844.0,49475969012.0,9.621,0.734,365.128,3.855,5.291,0.0,0.476,0.194,2655.432598908831,124.67,0.142,Medio,Media
Colombia,1955.0,COL,13473060.0,51404937149.0,11.944,0.887,377.437,4.752,6.676,0.0,0.516,0.232,3382.079292585713,136.614,0.16,Medio,Media
Colombia,1956.0,COL,13861805.0,53465743432.0,12.599,0.909,392.535,5.138,6.857,0.0,0.603,0.236,3471.702287068716,149.214,0.159,Medio,Media
Colombia,1957.0,COL,14270276.0,55423409845.0,13.651,0.957,416.653,5.137,7.907,0.0,0.607,0.246,3731.510853655989,162.864,0.167,Medio,Media
Colombia,1958.0,COL,14693292.0,56811537351.0,13.977,0.951,436.423,6.269,7.101,0.0,0.607,0.246,3635.0250064406628,176.841,0.166,Medio,Media
Colombia,1959.0,COL,15136219.0,60891011507.0,16.087,1.063,477.728,6.37,7.868,0.674,0.672,0.264,3868.2067974638676,192.928,0.182,Medio,Media
Colombia,1960.0,COL,15606209.0,63491851718.0,16.39,1.05,322.579,6.679,7.933,0.689,0.723,0.258,4021.1023309849033,209.318,0.175,Medio,Media
Colombia,1961.0,COL,16095207.0,66711822216.0,18.196,1.131,411.84,7.192,9.197,0.711,0.789,0.273,4475.234789405848,227.515,0.193,Medio,Media
Colombia,1962.0,COL,16599031.0,70335873505.0,19.419,1.17,353.891,7.705,9.508,1.074,0.861,0.276,4802.697084059064,246.934,0.199,Medio,Media
Colombia,1963.0,COL,17113824.0,72640512773.0,21.233,1.241,327.066,8.213,10.466,1.304,0.908,0.292,5150.2360057920605,268.167,0.207,Medio,Media
Colombia,1964.0,COL,17637416.0,77135760000.0,21.683,1.229,396.004,7.704,10.957,1.381,0.97,0.281,4823.108718486627,289.85,0.2,Medio,Media
Colombia,1965.0,COL,18169053.0,79917509398.0,22.859,1.258,253.821,7.191,11.199,1.703,1.014,0.286,5375.81,312.709,0.202,Medio,Media
Colombia,1966.0,COL,18702693.0,84161193205.0,23.474,1.255,200.918,6.419,12.296,2.023,1.025,0.279,5877.615,336.183,0.198,Medio,Media
Colombia,1967.0,COL,19235624.0,87712753351.0,24.687,1.283,173.023,7.958,12.326,2.107,1.043,0.281,6023.253,360.87,0.202,Medio,Media
Colombia,1968.0,COL,19766802.0,93093543070.0,26.573,1.344,165.383,7.957,14.284,2.176,1.17,0.285,6085.219,387.443,0.206,Medio,Media
Colombia,1969.0,COL,20291937.0,99003203125.0,28.016,1.381,157.241,8.515,14.542,2.426,1.181,0.283,6001.523,415.459,0.204,Medio,Media
Colombia,1970.0,COL,20811790.0,105691074257.0,28.37,1.363,465.671,5.807,17.364,2.715,1.381,0.268,6411.41,443.829,0.19,Medio,Media
Colombia,1971.0,COL,21319099.0,111964215234.0,30.282,1.42,270.594,6.501,18.11,3.012,1.399,0.27,6192.232,474.111,0.195,Medio,Media
Colombia,1972.0,COL,21819572.0,120559379062.0,31.426,1.44,211.345,6.69,18.585,3.535,1.491,0.261,6975.084,505.537,0.194,Medio,Media
Colombia,1973.0,COL,22325375.0,128657098324.0,33.632,1.506,185.585,7.77,19.567,3.686,1.565,0.261,6593.237,539.169,0.197,Medio,Media
Colombia,1974.0,COL,22833475.0,136089666000.0,36.396,1.594,174.667,8.309,21.707,3.568,1.683,0.267,7211.356,575.565,0.214,Medio,Media
Colombia,1975.0,COL,23344650.0,139249500000.0,35.811,1.534,168.706,8.779,20.515,3.598,1.483,0.257,6666.832,611.377,0.211,Medio,Media
Colombia,1976.0,COL,23858815.0,145807684000.0,37.983,1.592,191.074,9.218,21.817,3.7,1.724,0.26,6800.741,649.359,0.213,Medio,Media
Colombia,1977.0,COL,24393499.0,151869474000.0,39.244,1.609,168.962,9.414,22.503,4.203,1.564,0.258,6872.882,688.604,0.214,Medio,Media
Colombia,1978.0,COL,24950342.0,164779725000.0,41.539,1.665,167.972,9.896,22.537,5.569,1.96,0.252,7061.499,730.143,0.218,Medio,Media
Colombia,1979.0,COL,25515627.0,173587376000.0,44.272,1.735,168.649,11.259,23.614,5.972,1.997,0.255,7184.95,774.415,0.227,Medio,Media
Colombia,1980.0,COL,26104503.0,180717966000.0,44.18,1.692,161.701,10.3,23.906,6.907,2.03,0.244,7306.572,818.595,0.228,Medio,Media
Colombia,1981.0,COL,26713267.0,184572130000.0,44.267,1.657,168.233,10.661,23.012,7.382,2.065,0.24,7241.573,862.863,0.234,Medio,Media
Colombia,1982.0,COL,27338334.0,186378548000.0,45.688,1.671,157.689,10.987,23.532,7.723,2.317,0.245,7280.557,908.55,0.244,Medio,Media
Colombia,1983.0,COL,27988176.0,189368025000.0,49.218,1.759,165.697,12.139,25.23,8.471,2.162,0.26,7489.578,957.769,0.26,Medio,Media
Colombia,1984.0,COL,28642690.0,196136136000.0,48.712,1.701,168.302,11.996,24.64,8.519,2.403,0.248,7414.757,1006.481,0.25,Medio,Media
Colombia,1985.0,COL,29268470.0,202554132000.0,48.091,1.643,166.539,12.208,24.987,7.349,2.441,0.237,7497.94,1054.572,0.239,Medio,Media
Colombia,1986.0,COL,29879114.0,214958400000.0,48.768,1.632,164.155,12.039,26.133,6.895,2.7,0.227,7696.458,1103.339,0.239,Medio,Media
Colombia,1987.0,COL,30499471.0,226482432000.0,50.138,1.644,155.675,12.465,26.949,7.185,2.664,0.221,8238.534,1153.478,0.238,Medio,Media
Colombia,1988.0,COL,31130530.0,235710466000.0,52.152,1.675,150.832,12.549,28.279,7.533,3.003,0.221,8065.788,1205.63,0.238,Medio,Media
Colombia,1989.0,COL,31776280.0,243368631000.0,53.1,1.671,156.13,12.966,29.402,7.064,2.929,0.218,8323.355,1258.73,0.239,Medio,Media
Colombia,1990.0,COL,32440064.0,253538201000.0,56.857,1.753,155.272,13.828,31.111,8.372,2.74,0.224,7783.004,1315.587,0.25,Medio,Media
Colombia,1991.0,COL,33098373.0,259415683485.0,56.609,1.71,173.232,12.351,31.998,8.695,2.737,0.218,7830.261,1372.196,0.244,Medio,Media
Colombia,1992.0,COL,33760571.0,270562880339.0,61.341,1.817,180.611,13.495,35.651,8.365,2.907,0.227,7953.24,1433.536,0.272,Alto,Media
Colombia,1993.0,COL,34441479.0,286025318326.0,63.26,1.837,192.122,14.107,36.038,8.644,3.339,0.221,8483.56,1496.797,0.278,Alto,Media
Colombia,1994.0,COL,35127408.0,300636179033.0,66.982,1.907,191.867,13.534,39.558,8.976,3.945,0.223,9006.918,1563.778,0.292,Alto,Media
Colombia,1995.0,COL,35804670.0,316101744239.0,59.35,1.658,233.069,14.04,31.793,8.295,3.92,0.188,9041.412,1623.128,0.252,Alto,Media
Colombia,1996.0,COL,36462740.0,322403822039.0,59.628,1.635,232.471,12.403,32.577,10.234,3.555,0.185,9231.311,1682.756,0.246,Alto,Media
Colombia,1997.0,COL,37121155.0,333997136300.0,65.096,1.754,288.415,12.201,34.797,12.454,3.777,0.195,9217.649,1747.852,0.267,Alto,Media
Colombia,1998.0,COL,37792169.0,335365604121.0,65.56,1.735,302.003,11.592,35.356,13.021,3.674,0.195,9169.126,1813.412,0.27,Alto,Media
Colombia,1999.0,COL,38454861.0,321583145089.0,55.286,1.438,253.148,9.585,30.393,11.201,2.788,0.172,8396.195,1868.698,0.223,Alto,Media
Colombia,2000.0,COL,39089939.0,330615619673.0,56.213,1.438,187.115,10.033,29.329,12.488,3.057,0.17,8037.474,1924.91,0.22,Alto,Media
Colombia,2001.0,COL,39709263.0,336096684249.0,56.465,1.422,165.278,10.127,28.543,13.26,2.926,0.168,7979.616,1981.376,0.22,Alto,Media
Colombia,2002.0,COL,40324684.0,344517683680.0,55.417,1.374,211.33,9.061,28.722,13.245,2.829,0.161,7859.605,2036.792,0.211,Alto,Media
Colombia,2003.0,COL,40937426.0,357889195415.0,57.033,1.393,328.652,10.311,29.647,12.682,3.123,0.159,7886.754,2093.826,0.206,Alto,Media
Colombia,2004.0,COL,41543177.0,376728225954.0,54.324,1.308,211.028,7.075,29.525,13.348,3.328,0.144,8172.958,2148.15,0.19,Alto,Baja
Colombia,2005.0,COL,42128978.0,394076061209.0,60.256,1.43,175.419,10.215,30.93,14.007,4.249,0.153,7935.191,2208.406,0.204,Alto,Media
Colombia,2006.0,COL,42691081.0,420283862175.0,62.466,1.463,200.174,9.332,33.969,14.033,4.3,0.149,9041.391,2270.872,0.204,Alto,Baja
Colombia,2007.0,COL,43235374.0,448731322364.0,60.67,1.403,206.941,8.031,33.02,14.033,4.741,0.135,9072.923,2331.542,0.193,Alto,Baja
Colombia,2008.0,COL,43758805.0,464038717488.0,66.982,1.531,185.889,10.747,33.441,17.518,4.479,0.144,9334.807,2398.524,0.209,Alto,Baja
Colombia,2009.0,COL,44271543.0,471326580093.0,71.771,1.621,186.836,11.084,35.739,20.097,3.955,0.152,9120.582,2470.295,0.228,Alto,Media
Colombia,2010.0,COL,44777325.0,489870174161.0,75.431,1.685,183.138,12.607,35.697,21.987,4.072,0.154,9482.501,2545.726,0.226,Alto,Media
Colombia,2011.0,COL,45259614.0,521323240921.0,75.191,1.661,289.713,12.725,35.339,21.05,4.618,0.144,9805.576,2620.918,0.218,Alto,Baja
Colombia,2012.0,COL,45715807.0,541722649583.0,78.675,1.721,477.15,10.326,38.917,22.901,4.68,0.145,10323.192,2699.593,0.225,Alto,Baja
Colombia,2013.0,COL,46151583.0,569534665242.0,86.445,1.873,330.769,16.264,41.509,22.339,4.669,0.152,10509.707,2786.038,0.245,Alto,Media
Colombia,2014.0,COL,46565426.0,595158021031.0,92.042,1.977,281.307,16.458,45.216,23.907,4.834,0.155,10964.914,2878.079,0.26,Alto,Media
Colombia,2015.0,COL,46969938.0,612750891790.0,91.027,1.938,253.915,17.602,42.891,24.406,4.585,0.149,10738.822,2969.106,0.257,Alto,Baja
Colombia,2016.0,COL,47437513.0,625545111723.0,91.583,1.931,231.966,17.994,45.459,22.896,4.124,0.146,11569.512,3060.689,0.259,Alto,Baja
Colombia,2017.0,COL,48131076.0,634046295892.0,83.459,1.734,309.855,12.655,42.872,22.783,4.115,0.132,11535.692,3144.147,0.232,Alto,Baja
Colombia,2018.0,COL,49024463.0,650303209362.0,90.811,1.852,306.718,11.219,50.695,23.53,4.321,0.14,11652.967,3234.958,0.247,Alto,Baja
Colombia,2019.0,COL,49907987.0,671028388046.0,98.962,1.983,275.532,23.79,45.58,24.223,4.365,0.147,11495.876,3333.92,0.267,Alto,Baja
Colombia,2020.0,COL,50629997.0,622365414246.0,92.305,1.823,244.111,20.343,43.224,23.952,4.054,0.148,10227.39,3426.225,0.263,Alto,Baja
Colombia,2021.0,COL,51188174.0,690925195330.0,103.734,2.027,250.341,19.742,56.821,21.76,4.794,0.15,11053.629,3529.959,0.281,Alto,Media
Colombia,2022.0,COL,51737944.0,742716953392.0,89.437,1.729,237.231,17.894,44.467,21.54,5.077,0.12,12123.15,3619.396,0.238,Alto,Baja
Colombia,2023.0,COL,52321152.0,354729368421.959,89.992,1.72,239.276,19.657,42.451,22.344,4.938,0.14744922751911574,11760.209,3709.388,0.236,,
Colombia,2024.0,COL,52886360.0,358576793047.71497,92.659,1.752,248.28,22.3,42.094,23.021,4.665,0.14619798220699776,11645.494,3802.047,0.24,,
Comoros,1950.0,COM,161951.0,79032000.0,90.75805748680901,4.614915545315199,0.234,60.36295801575691,14.399150649728611,10.874276654672236,4.484607413951023,0.3738876784422107,21138.76336595418,2368.98371545249,0.2690939642904073,Bajo,
Comoros,1951.0,COM,165543.0,83503000.0,90.75825263462895,4.614887479530327,0.245,60.36280600356457,14.39957226289166,10.874258739449026,4.48444385773419,0.3738883795216688,21138.68117946688,2368.977870935811,0.269108782910879,Bajo,
Comoros,1952.0,COM,168983.0,86086000.0,90.75832784735313,4.614841457864493,0.25,60.36287006819843,14.399672185773227,10.87424036534916,4.484275693474521,0.3738882717695848,21138.512091563116,2368.973017167216,0.26912349471876046,Bajo,
Comoros,1953.0,COM,172609.0,89647000.0,90.75829732872688,4.614782285439712,0.252,60.36300770216576,14.39959219150579,10.874223194358507,4.484102948265692,0.3738882280019256,21138.281252346653,2368.9688960653825,0.2691390666402216,Bajo,
Comoros,1954.0,COM,176152.0,94400000.0,90.7582384815039,4.6147250699109845,0.254,60.36310368738506,14.399512593109527,10.874208419911021,4.483941994811799,0.3738885541844907,21138.05698913313,2368.965243150757,0.26915411183495963,Bajo,
Comoros,1955.0,COM,179597.0,97744000.0,90.75818568505046,4.614665821187178,0.255,60.363261628924725,14.399386428991761,10.874192283320042,4.483777454664944,0.37388845410509963,21137.823075469172,2368.9615202038126,0.2691689598252412,Bajo,
Comoros,1956.0,COM,182966.0,101202000.0,90.75815767188789,4.6146113703764575,0.257,60.36338104751646,14.39931955491818,10.874176528114276,4.483617899293199,0.3738884638714965,21137.610958070265,2368.957704098753,0.26918340077678016,Bajo,
Comoros,1957.0,COM,186578.0,105165000.0,90.75806264098401,4.614545897473659,0.257,60.36356362984201,14.39912727136015,10.874160611270796,4.483447985775639,0.3738884354687554,21137.34892011071,2368.9541764714454,0.26919896447367303,Bajo,
Comoros,1958.0,COM,190577.0,108150000.0,90.75799078329703,4.614472915070865,0.257,60.3638067172207,14.398918783377916,10.874140769054456,4.4832512450680735,0.37388800031833974,21137.058200336734,2368.949847690044,0.26921638055250374,Bajo,
Comoros,1959.0,COM,194298.0,114381000.0,0.011,0.057,0.254,-7.692854703598096,0.011,8.429557396562505,0.0,0.096,1095.3234588150226,0.011,0.0,Bajo,Baja
Comoros,1960.0,COM,197710.0,124257000.0,0.011,0.056,0.232,-7.681126816235642,0.011,8.432840901402148,0.0,0.088,1119.9242248261507,0.022,0.0,Bajo,Baja
Comoros,1961.0,COM,201210.0,125477000.0,0.011,0.055,0.21,-7.6813878940038,0.011,8.43284904134141,0.0,0.088,1115.1795504821425,0.033,0.0,Bajo,Baja
Comoros,1962.0,COM,204712.0,137088000.0,0.011,0.054,0.204,-7.669572889955928,0.011,8.436063862352079,0.0,0.08,1139.7826656268767,0.044,0.0,Bajo,Baja
Comoros,1963.0,COM,208199.0,165816000.0,0.011,0.053,0.215,-7.648706112403312,0.011,8.441690149790688,0.0,0.066,1186.3808072221022,0.055,0.0,Bajo,Baja
Comoros,1964.0,COM,211651.0,178488000.0,0.011,0.052,0.219,-7.642843459468976,0.011,8.44323810358123,0.0,0.062,1196.304417725462,0.066,0.0,Bajo,Baja
Comoros,1965.0,COM,214981.0,179220000.0,0.015,0.068,0.242,-7.673143831733814,0.015,8.43703933864791,0.0,0.082,1198.7076911857116,0.081,0.0,Bajo,Baja
Comoros,1966.0,COM,218670.0,198644000.0,0.018,0.084,0.256,-7.688431050049353,0.018,8.434921889580924,0.0,0.092,1237.7896888511764,0.099,0.0,Bajo,Baja
Comoros,1967.0,COM,223869.0,206584000.0,0.018,0.082,0.248,-7.684195516425275,0.018,8.436004164273974,0.0,0.089,1239.3103893001248,0.117,0.0,Bajo,Baja
Comoros,1968.0,COM,230258.0,206944000.0,0.018,0.08,0.235,-7.684502884501386,0.018,8.435867908943212,0.0,0.089,1229.8344157280144,0.136,0.0,Bajo,Baja
Comoros,1969.0,COM,237008.0,211140000.0,0.018,0.077,0.237,-7.681753470742507,0.018,8.436379885367888,0.0,0.087,1222.9564442572905,0.154,0.0,Bajo,Baja
Comoros,1970.0,COM,244196.0,227757000.0,0.029,0.12,0.251,-7.745847061703996,0.029,8.424770849392555,0.0,0.129,1272.4889776371892,0.183,0.0,Bajo,Baja
Comoros,1971.0,COM,251878.0,237656000.0,0.029,0.116,0.255,-7.737150141042363,0.029,8.426819864787817,0.0,0.123,1275.5444529397814,0.213,0.0,Bajo,Baja
Comoros,1972.0,COM,260085.0,243432000.0,0.029,0.113,0.259,-7.732944101384973,0.029,8.427742164424197,0.0,0.12,1272.3380115666846,0.242,0.0,Bajo,Baja
Comoros,1973.0,COM,268827.0,260554000.0,0.029,0.109,0.264,-7.721292914072199,0.029,8.430620139585631,0.0,0.112,1282.7216852663018,0.271,0.0,Bajo,Baja
Comoros,1974.0,COM,278084.0,268068000.0,0.029,0.105,0.27,-7.717125638703948,0.029,8.431432835812402,0.0,0.109,1274.7731936804485,0.3,0.0,Bajo,Baja
Comoros,1975.0,COM,287702.0,286488000.0,0.033,0.115,0.277,-7.7268376920216735,0.033,8.43042810931885,0.0,0.115,1300.0872824551361,0.333,0.0,Bajo,Baja
Comoros,1976.0,COM,297547.0,286556000.0,0.04,0.135,0.295,-7.766714141774488,0.04,8.422500831083024,0.0,0.141,1299.4017562465629,0.374,0.0,Bajo,Baja
Comoros,1977.0,COM,307588.0,298494000.0,0.04,0.131,0.42,-7.757372863536293,0.04,8.424002873739472,0.0,0.135,1302.4994657906354,0.414,0.0,Bajo,Baja
Comoros,1978.0,COM,317695.0,307516000.0,0.029,0.092,0.355,-7.697176096211246,0.029,8.435580403291112,0.0,0.095,1264.5526143840739,0.443,0.0,Bajo,Baja
Comoros,1979.0,COM,327805.0,336567000.0,0.022,0.067,0.332,-7.652128558263843,0.022,8.44476440938383,0.0,0.065,1256.1927124768977,0.465,0.0,Bajo,Baja
Comoros,1980.0,COM,337728.0,362100000.0,0.048,0.141,0.347,-7.809239840497595,0.048,8.411971369185903,0.0,0.132,555.199,0.513,0.0,Bajo,Baja
Comoros,1981.0,COM,347393.0,376188000.0,0.048,0.137,0.341,-7.8018756890896555,0.048,8.412004558211166,0.0,0.127,538.293,0.561,0.0,Bajo,Baja
Comoros,1982.0,COM,357150.0,400144000.0,0.048,0.133,0.336,-7.789822860471888,0.048,8.412331419282712,0.0,0.119,523.588,0.608,0.0,Bajo,Baja
Comoros,1983.0,COM,367241.0,419385000.0,0.048,0.13,0.576,-7.7809413867443205,0.048,8.41110021817526,0.0,0.114,509.201,0.656,0.0,Bajo,Baja
Comoros,1984.0,COM,377644.0,436832000.0,0.048,0.126,0.456,-7.774372326150697,0.048,8.41210486471547,0.0,0.109,496.516,0.703,0.0,Bajo,Baja
Comoros,1985.0,COM,388357.0,445046000.0,0.048,0.123,0.4,-7.7719938038260565,0.048,8.412107357474628,0.0,0.107,481.514,0.751,0.0,Bajo,Baja
Comoros,1986.0,COM,399328.0,453544000.0,0.044,0.11,0.446,-7.753124203833718,0.044,8.393995196622042,0.0,0.097,257.54,0.795,0.0,Bajo,Baja
Comoros,1987.0,COM,410445.0,460749000.0,0.048,0.116,0.423,-7.768179845587083,0.048,8.420839117866784,0.0,0.103,539.117,0.843,0.0,Bajo,Baja
Comoros,1988.0,COM,421697.0,473472000.0,0.051,0.122,0.397,-7.77610300112552,0.051,8.417450459789876,0.0,0.108,525.543,0.894,0.0,Bajo,Baja
Comoros,1989.0,COM,433110.0,466468000.0,0.051,0.118,0.388,-7.7798834585916765,0.051,8.41756484123146,0.0,0.11,510.905,0.945,0.0,Bajo,Baja
Comoros,1990.0,COM,444601.0,469560000.0,0.062,0.14,0.465,-7.816576863554291,0.062,8.417271078977231,0.0,0.133,590.396,1.008,0.0,Bajo,Baja
Comoros,1991.0,COM,455563.0,484441557.0,0.066,0.145,0.39,-7.821491873025426,0.066,8.412489004726432,0.0,0.136,555.833,1.074,0.0,Bajo,Baja
Comoros,1992.0,COM,465118.0,534666886.0,0.07,0.15,0.464,-7.81177212789868,0.07,8.40974020158815,0.0,0.13,545.515,1.143,0.0,Bajo,Baja
Comoros,1993.0,COM,473681.0,558102852.0,0.07,0.147,0.475,-7.804323462136809,0.07,8.409958349867946,0.0,0.125,534.572,1.213,0.0,Bajo,Baja
Comoros,1994.0,COM,482148.0,536542946.0,0.073,0.152,0.49,-7.823122203523916,0.073,8.407013392190258,0.0,0.137,525.185,1.286,0.0,Bajo,Baja
Comoros,1995.0,COM,490594.0,563630517.0,0.077,0.157,0.506,-7.823180972560724,0.077,8.404475718680022,0.0,0.137,515.785,1.363,0.0,Bajo,Baja
Comoros,1996.0,COM,499113.0,563951171.0,0.077,0.154,0.517,-7.822064294439352,0.077,8.404927185656096,0.0,0.136,508.359,1.44,0.0,Bajo,Baja
Comoros,1997.0,COM,507779.0,595856754.0,0.081,0.159,0.477,-7.82089488056952,0.081,8.402653564250448,0.0,0.135,498.675,1.521,0.0,Bajo,Baja
Comoros,1998.0,COM,516606.0,611159252.0,0.088,0.17,0.497,-7.836888298310004,0.088,8.409031700698176,0.0,0.144,598.926,1.608,0.0,Bajo,Baja
Comoros,1999.0,COM,525894.0,631495315.0,0.095,0.181,0.525,-7.847648048346381,0.095,8.404085545959475,0.0,0.151,588.358,1.704,0.0,Bajo,Media
Comoros,2000.0,COM,536084.0,656399277.0,0.103,0.191,0.554,-7.85982637451785,0.103,8.423451486477225,0.0,0.156,810.312,1.806,0.0,Bajo,Media
Comoros,2001.0,COM,547221.0,680582090.0,0.106,0.194,0.54,-7.860785587144981,0.106,8.424622737405619,0.0,0.156,828.73,1.913,0.0,Bajo,Media
Comoros,2002.0,COM,558927.0,705937319.0,0.106,0.19,0.544,-7.8535438128863735,0.106,8.424830900661098,0.0,0.151,813.162,2.019,0.0,Bajo,Media
Comoros,2003.0,COM,569808.0,731630321.0,0.136,0.238,0.565,-7.909826280252483,0.136,8.428969023156082,0.0,0.185,1018.931,2.154,0.0,Bajo,Media
Comoros,2004.0,COM,580711.0,755848590.0,0.15,0.259,0.565,-7.930098479772155,0.15,8.426546077954256,0.0,0.199,1095.823,2.305,0.001,Bajo,Media
Comoros,2005.0,COM,592679.0,788522780.0,0.143,0.241,0.549,-7.905472086861026,0.143,8.430114310101295,0.0,0.181,1030.72,2.448,0.0,Bajo,Media
Comoros,2006.0,COM,604752.0,888321718.0,0.169,0.279,0.567,-7.918845719791982,0.169,8.429443351295273,0.0,0.19,1178.431,2.616,0.001,Bajo,Media
Comoros,2007.0,COM,616935.0,908328164.0,0.106,0.172,0.501,-7.804054255403612,0.106,8.428229650206436,0.0,0.117,758.175,2.722,0.0,Bajo,Baja
Comoros,2008.0,COM,629314.0,956653402.0,0.11,0.175,0.51,-7.80161585365526,0.11,8.42759095259601,0.0,0.115,758.058,2.832,0.0,Bajo,Baja
Comoros,2009.0,COM,641949.0,1004144820.0,0.136,0.211,0.537,-7.835694251297108,0.136,8.430861718118383,0.0,0.135,909.78,2.968,0.0,Bajo,Baja
Comoros,2010.0,COM,654846.0,1011389038.0,0.161,0.246,0.568,-7.875975516290582,0.161,8.434303206025646,0.0,0.159,1061.946,3.129,0.0,Bajo,Media
Comoros,2011.0,COM,668064.0,1067838000.0,0.143,0.214,0.558,-7.836235181740861,0.143,8.433075119162655,0.0,0.134,933.801,3.272,0.0,Bajo,Baja
Comoros,2012.0,COM,681637.0,1112133000.0,0.154,0.226,0.587,-7.843522270556829,0.154,8.43174593797087,0.0,0.138,957.635,3.426,0.0,Bajo,Baja
Comoros,2013.0,COM,696203.0,1217488000.0,0.183,0.263,0.611,-7.862554952344917,0.183,8.433469494339722,0.0,0.15,1122.823,3.609,0.001,Bajo,Media
Comoros,2014.0,COM,711512.0,1263249000.0,0.165,0.232,0.595,-7.8352385354237,0.165,8.433489881027084,0.0,0.131,980.851,3.774,0.0,Bajo,Baja
Comoros,2015.0,COM,726685.0,1324576000.0,0.18,0.247,0.608,-7.841889223290506,0.18,8.431579237254613,0.0,0.136,1036.657,3.953,0.001,Bajo,Baja
Comoros,2016.0,COM,741745.0,1356063486.0,0.205,0.277,0.639,-7.868730030236554,0.205,8.437533348329502,0.0,0.151,1191.659,4.159,0.001,Bajo,Media
Comoros,2017.0,COM,756672.0,1426021134.0,0.264,0.349,0.714,-7.927846493539819,0.264,8.445202928456363,0.0,0.185,1501.447,4.422,0.001,Bajo,Media
Comoros,2018.0,COM,771597.0,1479483924.0,0.286,0.37,0.742,-7.933557431135849,0.286,8.394546717944367,0.0,0.193,1068.264,4.708,0.001,Bajo,Media
Comoros,2019.0,COM,786582.0,1533170985.0,0.311,0.396,0.778,-7.951818017336784,0.311,8.395233824666729,0.0,0.203,1154.261,5.02,0.001,Bajo,Media
Comoros,2020.0,COM,802172.0,1594579416.0,0.37,0.461,0.839,-8.001609782767213,0.37,8.392622174158687,0.0,0.232,1334.557,5.39,0.001,Bajo,Media
Comoros,2021.0,COM,818178.0,1639163875.0,0.498,0.609,0.962,-8.126593960613773,0.498,8.40820992506234,0.0,0.304,1966.552,5.888,0.001,Bajo,Media
Comoros,2022.0,COM,834191.0,1682076951.0,0.532,0.637,1.005,-8.14938578999053,0.532,8.410533959439304,0.0,0.316,2068.179,6.42,0.001,Bajo,Alta
Comoros,2023.0,COM,850390.0,4353603795.411634,0.542,0.638,1.021,-7.9384870175637445,0.542,8.423041102454395,0.0,0.17614317630893192,2092.154,6.962,0.001,,
Comoros,2024.0,COM,866632.0,4465690380.064253,0.552,0.637,1.033,-7.90658125889267,0.552,8.526456844777272,0.0,0.1698117892729252,3577.4948967822256,7.513,0.001,,
Congo,1950.0,COG,835269.0,1398939415.0,0.089,0.106,48.969,0.009,0.08,1.28073287344687,-0.2683934408161488,0.063,998.7814014484297,0.089,0.001,Bajo,Baja
Congo,1951.0,COG,853643.0,1450224936.0,0.118,0.139,53.749,0.004,0.115,1.2818509388956285,-0.29781917397497093,0.082,1099.6815915261523,0.207,0.002,Bajo,Baja
Congo,1952.0,COG,872684.0,1502887847.0,0.154,0.176,56.261,0.013,0.141,1.265491024203389,-0.31160059594011114,0.102,1211.4465013168428,0.361,0.002,Bajo,Baja
Congo,1953.0,COG,892461.0,1557881771.0,0.13,0.145,57.282,0.005,0.124,1.2990674780803497,-0.3120100737992624,0.083,1123.5752349809572,0.49,0.002,Bajo,Baja
Congo,1954.0,COG,913023.0,1615341451.0,0.137,0.15,61.854,0.002,0.135,1.317620385264375,-0.3307776624359051,0.085,1139.5404614891204,0.627,0.002,Bajo,Baja
Congo,1955.0,COG,934435.0,1675407882.0,0.135,0.145,65.08,0.004,0.131,1.3393882645608115,-0.3429109366313541,0.081,1127.1567995196697,0.762,0.002,Bajo,Baja
Congo,1956.0,COG,956825.0,1736390485.0,0.176,0.184,66.672,0.0,0.176,1.3167785377897325,-0.35296750416483835,0.101,1248.6716921221973,0.938,0.002,Bajo,Baja
Congo,1957.0,COG,980204.0,1800036626.0,0.189,0.193,70.659,0.0,0.189,1.3301646129099127,-0.3695817877068819,0.105,1277.4299273741922,1.127,0.002,Bajo,Baja
Congo,1958.0,COG,1004629.0,1868409069.0,0.216,0.215,74.111,0.0,0.216,1.3366644386369329,-0.3914462299475967,0.116,1351.2341656257308,1.343,0.003,Bajo,Baja
Congo,1959.0,COG,1030164.0,1938843924.0,0.187,0.181,77.962,-7.271538094175257,0.187,8.09854112031706,0.0,0.096,1717.4455485329636,1.53,0.002,Bajo,Baja
Congo,1960.0,COG,1056738.0,2003425764.0,0.224,0.212,47.339,-7.485427287308653,0.224,8.240655615796685,0.0,0.112,1794.5725360277165,1.754,0.002,Bajo,Baja
Congo,1961.0,COG,1084392.0,2069710197.0,0.267,0.247,32.39,-7.604140527614787,0.267,8.308149217454986,0.0,0.129,1898.4045148521154,2.021,0.003,Bajo,Baja
Congo,1962.0,COG,1113180.0,2136716934.0,0.238,0.214,26.179,-7.615670503825765,0.238,8.341313520113474,0.0,0.111,1800.1457323291834,2.259,0.002,Bajo,Baja
Congo,1963.0,COG,1143269.0,2207655677.0,0.234,0.205,23.025,-7.628117359538976,0.234,8.357094680752695,0.0,0.106,1774.7421135686795,2.494,0.002,Bajo,Baja
Congo,1964.0,COG,1174823.0,2281648443.0,0.267,0.228,21.052,-7.661833082019157,0.267,8.36734619993073,0.0,0.117,1842.214056369216,2.761,0.002,Bajo,Baja
Congo,1965.0,COG,1207886.0,2358845797.0,0.245,0.203,18.682,-7.655594975000655,0.245,8.379608441144848,0.0,0.104,1770.8335213372684,3.007,0.002,Bajo,Baja
Congo,1966.0,COG,1242544.0,2483153566.0,0.308,0.248,17.744,-7.697328928303357,0.308,8.383853743910988,0.0,0.124,1915.5176413057616,3.314,0.003,Bajo,Baja
Congo,1967.0,COG,1278697.0,2614348181.0,0.322,0.252,15.876,-7.71063924176207,0.322,8.395158092835265,0.0,0.123,1937.1658018321345,3.637,0.003,Bajo,Baja
Congo,1968.0,COG,1316525.0,2751623886.0,0.451,0.342,15.291,-7.792945451278454,0.451,8.402076037377679,0.0,0.164,2211.230949871423,4.088,0.003,Bajo,Media
Congo,1969.0,COG,1356188.0,2896268499.0,0.502,0.37,15.016,0.8905682556652006,0.495,0.007,0.0,0.173,919.3091099374528,4.59,0.004,Bajo,Media
Congo,1970.0,COG,1397640.0,3048689469.0,0.572,0.409,16.04,0.99287381255366,0.375,0.08,0.0,0.187,1058.8671175250101,5.161,0.004,Bajo,Media
Congo,1971.0,COG,1441047.0,3324551384.0,0.685,0.475,13.085,0.9812868423506866,0.403,0.139,0.0,0.206,1303.2156392808433,5.846,0.004,Medio,Media
Congo,1972.0,COG,1486478.0,3461062576.0,0.663,0.446,13.858,0.9945507836552472,0.372,0.16,0.0,0.192,1220.7769812618067,6.509,0.004,Medio,Media
Congo,1973.0,COG,1533685.0,4060542120.0,1.22,0.796,15.59,1.5285222575180122,0.36,0.029,0.0,0.3,2457.887186907021,7.73,0.007,Medio,Media
Congo,1974.0,COG,1582304.0,4028233867.0,1.623,1.026,16.246,1.7481135118733988,0.37,0.033,0.0,0.403,3174.7401297026754,9.353,0.01,Medio,Alta
Congo,1975.0,COG,1627033.0,3990269317.0,1.099,0.676,15.138,1.4566193625091188,0.337,0.033,0.0,0.275,1980.5690080967547,10.452,0.006,Medio,Media
Congo,1976.0,COG,1667233.0,4175549098.0,1.235,0.741,14.273,1.373272488826279,0.529,0.015,0.0,0.296,2212.3897125623926,11.687,0.007,Medio,Media
Congo,1977.0,COG,1707572.0,3868349708.0,0.48,0.281,12.057,1.1415323807571272,0.3,0.0,0.0,0.124,661.016573931315,12.167,0.003,Medio,Baja
Congo,1978.0,COG,1748098.0,4102596483.0,0.322,0.184,11.687,1.1164977707291084,0.238,0.004,0.0,0.079,364.5979939019494,12.489,0.002,Medio,Baja
Congo,1979.0,COG,1788523.0,4566231055.0,0.348,0.195,13.682,1.1130989779802984,0.275,0.004,0.0,0.076,427.8600937498761,12.837,0.002,Medio,Baja
Congo,1980.0,COG,1828991.0,5148435488.0,0.406,0.222,14.145,1.249658324975825,0.275,0.004,0.017,0.079,1709.197,13.243,0.002,Medio,Baja
Congo,1981.0,COG,1869764.0,6248568527.0,0.471,0.252,18.472,1.2929075038998636,0.319,0.0,0.024,0.075,2017.607,13.713,0.002,Medio,Baja
Congo,1982.0,COG,1910429.0,7730808658.0,1.343,0.703,18.249,1.0078973503265822,1.169,0.004,0.017,0.174,1713.52,15.057,0.007,Medio,Media
Congo,1983.0,COG,1950328.0,8179162246.0,1.142,0.586,16.32,1.078869741267347,0.971,0.004,0.007,0.14,1441.989,16.199,0.006,Medio,Baja
Congo,1984.0,COG,1999533.0,8786887183.0,1.14,0.57,17.853,1.1033502413721226,0.971,0.004,0.0,0.13,1430.676,17.338,0.006,Medio,Baja
Congo,1985.0,COG,2059317.0,8706874325.0,1.275,0.619,15.955,1.0956519570324004,1.078,0.007,0.026,0.146,2078.195,18.614,0.006,Medio,Baja
Congo,1986.0,COG,2120604.0,8124671795.0,1.062,0.501,15.049,1.139033793741288,0.865,0.004,0.025,0.131,1852.427,19.676,0.005,Medio,Baja
Congo,1987.0,COG,2183478.0,8162837875.0,1.32,0.605,16.579,1.0786016199902133,1.132,0.004,0.016,0.162,2222.74,20.996,0.006,Medio,Media
Congo,1988.0,COG,2247653.0,8324278525.0,1.493,0.664,17.57,0.9996726633542268,1.29,0.004,0.031,0.179,1692.593,22.489,0.007,Medio,Media
Congo,1989.0,COG,2313562.0,8492042875.0,1.496,0.646,17.58,1.017616677149771,1.271,0.004,0.052,0.176,1845.906,23.985,0.007,Medio,Media
Congo,1990.0,COG,2380562.0,8597207705.0,1.008,0.423,18.525,-7.8777482233812055,0.971,8.460847961813888,0.037,0.117,1953.634,24.993,0.004,Medio,Baja
Congo,1991.0,COG,2449235.0,9009686346.0,1.083,0.442,17.44,-7.891354227464218,1.041,8.437071231936986,0.042,0.12,1709.668,26.075,0.005,Medio,Baja
Congo,1992.0,COG,2519467.0,9460341965.0,1.289,0.512,19.731,-7.919193281791568,1.242,8.404245851088344,0.047,0.136,1620.822,27.365,0.006,Medio,Baja
Congo,1993.0,COG,2595127.0,9584773341.0,1.16,0.447,18.611,-7.8981140111342345,1.114,8.41059833129657,0.047,0.121,1438.404,28.525,0.005,Medio,Baja
Congo,1994.0,COG,2673147.0,9269118406.0,3.384,1.266,23.751,-6.617946200321415,1.733,8.09091295642422,0.035,0.365,1337.183,31.909,0.015,Medio,Alta
Congo,1995.0,COG,2749464.0,9864798737.0,3.225,1.173,26.307,-6.071993279048215,1.147,8.07689635524109,0.039,0.327,1312.997,35.134,0.014,Medio,Alta
Congo,1996.0,COG,2826786.0,10738735212.0,4.037,1.428,30.583,-5.471334798592867,1.319,7.976767530389331,0.02,0.376,1298.5,39.171,0.017,Medio,Alta
Congo,1997.0,COG,2887862.0,10724892959.0,4.831,1.673,44.916,-5.3391580222535335,1.913,7.855176734302566,0.008,0.45,1241.374,44.002,0.02,Medio,Alta
Congo,1998.0,COG,2952062.0,11368414038.0,3.869,1.311,51.595,-4.396723294197671,0.355,7.860603370596912,0.0,0.34,1183.603,47.871,0.016,Medio,Alta
Congo,1999.0,COG,3032876.0,11329492011.0,3.916,1.291,52.462,-4.368352277107803,0.363,7.8482906448475065,0.0,0.346,985.42,51.786,0.016,Medio,Alta
Congo,2000.0,COG,3151349.0,12472135877.0,4.284,1.359,47.712,-4.161407163489202,0.473,7.8628878215312685,0.008,0.344,1037.026,56.071,0.017,Medio,Alta
Congo,2001.0,COG,3272542.0,13249308227.0,4.178,1.277,38.92,4.067797250099248,0.605,0.0,0.0,0.315,1252.23,60.248,0.016,Medio,Alta
Congo,2002.0,COG,3350770.0,14180954098.0,2.72,0.812,28.993,2.983312119174599,0.491,0.0,0.0,0.192,1061.703,62.969,0.01,Medio,Media
Congo,2003.0,COG,3445758.0,14627827623.0,3.258,0.946,33.183,3.1284092525181597,0.777,0.033,0.0,0.223,1256.683,66.227,0.012,Medio,Media
Congo,2004.0,COG,3565565.0,15504146539.0,3.549,0.995,31.612,3.3428941110544477,0.821,0.037,0.0,0.229,1309.18,69.775,0.012,Medio,Media
Congo,2005.0,COG,3696399.0,17078609818.0,4.352,1.177,35.362,3.9547092116143086,0.913,0.044,0.04,0.255,1755.228,74.128,0.015,Medio,Media
Congo,2006.0,COG,3837411.0,18567839817.0,4.786,1.247,37.07,4.247037716310657,1.044,0.044,0.039,0.258,2043.876,78.913,0.016,Medio,Media
Congo,2007.0,COG,3980430.0,18699065550.0,4.259,1.07,38.645,3.7399324098785063,1.132,0.04,0.039,0.228,2483.396,83.173,0.014,Medio,Media
Congo,2008.0,COG,4113514.0,20270055811.0,4.27,1.038,39.188,3.6698760875700014,1.242,0.048,0.04,0.211,2739.223,87.443,0.013,Medio,Media
Congo,2009.0,COG,4281218.0,22298715246.0,4.944,1.155,41.197,3.9201768514145607,1.576,0.106,0.042,0.222,3250.688,92.387,0.016,Medio,Media
Congo,2010.0,COG,4462304.0,24809062977.0,5.5,1.233,47.14,4.279541092298482,1.737,0.194,0.031,0.222,4258.119,97.887,0.017,Medio,Media
Congo,2011.0,COG,4609728.0,26249089782.0,5.046,1.095,49.581,3.6491498146652632,1.931,0.282,0.027,0.192,4844.21,102.933,0.015,Medio,Media
Congo,2012.0,COG,4740457.0,28860086022.0,5.018,1.059,47.604,2.9130616643394283,2.479,0.407,0.057,0.174,4776.098,107.951,0.014,Medio,Media
Congo,2013.0,COG,4857104.0,28654592534.0,5.89,1.213,45.101,3.503402782989897,2.53,0.579,0.097,0.206,5992.234,113.841,0.017,Medio,Media
Congo,2014.0,COG,4975887.0,30579326354.0,5.471,1.1,36.009,3.2080792399922733,2.402,0.524,0.178,0.179,5556.356,119.313,0.015,Medio,Media
Congo,2015.0,COG,5097583.0,29493455123.0,5.637,1.106,42.994,3.056433986271802,2.173,0.982,0.271,0.191,5433.539,124.949,0.016,Medio,Media
Congo,2016.0,COG,5222545.0,26313174327.0,5.727,1.097,39.061,2.8836242914354955,2.127,1.124,0.368,0.218,5047.901,130.676,0.016,Medio,Media
Congo,2017.0,COG,5351013.0,25159867387.0,5.651,1.056,43.831,2.837867991874024,1.924,1.183,0.407,0.225,3577.699,136.327,0.016,Medio,Media
Congo,2018.0,COG,5483128.0,23950933949.0,6.545,1.194,41.646,3.532375710014445,1.953,1.345,0.271,0.273,3243.997,142.872,0.018,Medio,Media
Congo,2019.0,COG,5616656.0,24196673159.0,7.294,1.299,40.207,3.592354743761709,1.975,1.887,0.283,0.301,2574.936,150.166,0.02,Medio,Media
Congo,2020.0,COG,5752792.0,22696964187.0,7.677,1.335,44.926,3.7045295004523346,2.114,1.968,0.232,0.338,2075.075,157.843,0.022,Medio,Alta
Congo,2021.0,COG,5892187.0,23037421913.0,7.393,1.255,41.404,3.2303400492098584,2.207,2.035,0.29,0.321,2078.873,165.236,0.02,Medio,Alta
Congo,2022.0,COG,6035104.0,23679011891.0,8.728,1.446,43.319,3.67343965370084,2.379,2.581,0.346,0.369,2162.773,173.963,0.023,Medio,Alta
Congo,2023.0,COG,6182890.0,40652221031.051445,8.274,1.338,42.723,3.6625590524437497,2.453,2.333,0.346,0.2005149580414209,2154.287,182.238,0.022,,
Congo,2024.0,COG,6332969.0,41676707706.5647,8.84,1.396,41.879,4.344986755154197,2.487,2.366,0.346,0.19621153660398197,5869.093590257705,191.077,0.023,,
Cook Islands,1950.0,COK,14714.0,-1313624642.7492995,84.87535451749764,4.736649979038892,0.018,54.16551727915161,14.227471023881833,10.485741942938844,5.4448434802348356,0.393348721562145,21882.760678669492,2049.8995561570214,0.23381771498377232,,
Cook Islands,1951.0,COK,15075.0,-1311167331.4776802,84.87538227381637,4.7366463168242445,0.019,54.16550843983339,14.227502911291332,10.485747201485488,5.44482980576503,0.39334916720110075,21882.744242396588,2049.902771107934,0.23381929165971507,,
Cook Islands,1952.0,COK,15363.0,-1309206938.9940038,84.87538249607218,4.736640722030981,0.019,54.165524459477616,14.227483783913762,10.485751608826881,5.444818739927085,0.3933494808893903,21882.718207806425,2049.9055169926637,0.23382059222850762,,
Cook Islands,1953.0,COK,15631.0,-1307382671.128572,84.87541018062082,4.736638866468325,0.02,54.16551044714931,14.227521847872282,10.485755444169527,5.4448086388007635,0.3933498252331691,21882.7101785366,2049.907845251631,0.233821748929111,,
Cook Islands,1954.0,COK,15908.0,-1305497140.9980252,84.87543787211497,4.736636836068378,0.021,54.16549693543488,14.227559314100262,10.485759417241589,5.4447981918670205,0.39335017937970657,21882.701335685862,2049.9102593195016,0.23382294627248912,,
Cook Islands,1955.0,COK,16189.0,-1303584383.1940942,84.87546556669595,4.736634727962968,0.022,54.16548364621552,14.227596514670182,10.485763451526722,5.444787591241079,0.3933505378830262,21882.692131243533,2049.9127115246542,0.2338241616793228,,
Cook Islands,1956.0,COK,16455.0,-1301773742.9140317,84.87546577197392,4.736629560549747,0.022,54.16549844213694,14.227578848411746,10.485767522196198,5.444777370710204,0.393350827609016,21882.668085406836,2049.9152476543036,0.23382536289911032,,
Cook Islands,1957.0,COK,16710.0,-1300037964.9870992,84.87549344649017,4.73662795752984,0.023,54.16548370669967,14.227617775758816,10.485771158596378,5.4447677690835246,0.3933511577932537,21882.661231309456,2049.9174519670864,0.2338264608934835,,
Cook Islands,1958.0,COK,16988.0,-1298145627.9382064,84.87552113875603,4.736625907703529,0.024,54.16547025060905,14.22765517557226,10.485775146971683,5.444757283726728,0.3933515130289871,21882.65229806083,2049.9198755692746,0.2338276627527256,,
Cook Islands,1959.0,COK,17315.0,-1295919751.8903546,84.87554886883623,4.736622905985304,0.025,54.16545952008283,14.227689321074962,10.48577988520718,5.444744915640575,0.39335192163529675,21882.638935315936,2049.9227663532415,0.23382908588929696,,
Cook Islands,1960.0,COK,17685.0,-1293401164.6049433,84.87560410982778,4.736622419636659,0.027,54.165422261881304,14.227776473799892,10.485785015549858,5.444731091613994,0.39335242951640886,21882.63788282481,2049.9258401737347,0.23383064965710246,,
Cook Islands,1961.0,COK,18060.0,-1290848570.2251563,84.8756043992233,4.736615134749603,0.027,54.16544312079304,14.227751568360347,10.485790754275627,5.444716682970812,0.39335283796470344,21882.60398361886,2049.9294155444727,0.23383234310605117,,
Cook Islands,1962.0,COK,18310.0,-1289146854.3873088,84.87557711442643,4.736606927454935,0.026,54.16548594623143,14.227679101688025,10.485794846026181,5.444706880958071,0.39335305782416824,21882.565186785567,2049.9320260642894,0.2338335256229288,,
Cook Islands,1963.0,COK,18445.0,-1288227934.159263,84.87554974088155,4.736600954192297,0.025,54.16552237493694,14.227614272683788,10.485797177900835,5.4447014975958705,0.39335315242615665,21882.53678570875,2049.933540137074,0.2338341888154623,,
Cook Islands,1964.0,COK,18609.0,-1287111613.29918,84.87552238971661,4.736594417565062,0.024,54.16556041673156,14.227547517658927,10.4857999535703,5.444694999965263,0.3933532786148128,21882.505763093333,2049.9353307052,0.23383498296804758,,
Cook Islands,1965.0,COK,18804.0,-1285784264.221691,84.87552254020234,4.736590629423794,0.024,54.16557126336569,14.227534566830364,10.485802937707696,5.444687507470816,0.39335349100792616,21882.488135506235,2049.9371898979857,0.233835863561501,,
Cook Islands,1966.0,COK,19039.0,-1284184707.1537445,84.8753853329205,4.73656931071143,0.019,54.165728932436586,14.227239644191698,10.48580786364274,5.444677496801118,0.393353484771869,21882.385905190404,2049.9405651602488,0.23383719254406835,,
Cook Islands,1967.0,COK,19348.0,-1282081355.6361227,84.87541304910974,4.736566658667783,0.02,54.16571720068262,14.227274985155482,10.485812326419378,5.444665820329851,0.3933538737726608,21882.374169607425,2049.943284326421,0.23383853439509006,,
Cook Islands,1968.0,COK,19712.0,-1279603651.10682,84.87538585228913,4.736556236767453,0.019,54.165766367230205,14.227194947229528,10.48581816274261,5.4446516380895655,0.39335421780040747,21882.32506741553,2049.946981758943,0.23384023172044813,,
Cook Islands,1969.0,COK,20100.0,-1297004703.5784216,0.011,0.547,0.03,-7.783809885681036,0.011,8.458704416135063,0.0,0.1624933092504566,3187.4528260423976,0.011,0.0,,
Cook Islands,1970.0,COK,20512.0,-1294243336.680958,0.011,0.536,0.029,-7.782874656513309,0.011,8.457903100368064,0.0,0.16172452142442717,3138.1568905721606,0.022,0.0,,
Cook Islands,1971.0,COK,20889.0,-1291716293.1619227,0.011,0.526,0.028,-7.78202606366248,0.011,8.457175955012842,0.0,0.161025597186979,3093.3426205638043,0.033,0.0,,
Cook Islands,1972.0,COK,20795.0,-1292344364.2974794,0.011,0.529,0.025,-7.782315182594287,0.011,8.45742189077205,0.0,0.16123507474657628,3106.788865755466,0.044,0.0,,
Cook Islands,1973.0,COK,20211.0,-1296260805.5847802,0.011,0.544,0.026,-7.783615134196728,0.011,8.4585380709158,0.0,0.1622823190450745,3174.0194529382607,0.055,0.0,,
Cook Islands,1974.0,COK,19583.0,-1300468912.373083,0.011,0.561,0.027,-7.785089868422856,0.011,8.459803119284041,0.0,0.16346935323505377,3250.212839615042,0.066,0.0,,
Cook Islands,1975.0,COK,18920.0,-1304142853.9929764,0.015,0.775,0.031,-7.8045178695105175,0.015,8.476138199891452,0.0,0.1784304493026281,4209.121247459161,0.081,0.0,,
Cook Islands,1976.0,COK,18270.0,-1308461505.0222423,0.015,0.802,0.039,-7.8068374570322305,0.015,8.478122007616168,0.0,0.18031603690814502,4330.130704833174,0.095,0.0,,
Cook Islands,1977.0,COK,17933.0,-1307489384.062571,0.029,1.635,0.053,-7.8823783603016935,0.029,8.54160571597542,0.0,0.23856123212642222,8062.661894163208,0.125,0.0,,
Cook Islands,1978.0,COK,17872.0,-1307884950.176163,0.029,1.64,0.052,-7.882850757639732,0.029,8.542008299429392,0.0,0.23890971827353982,8085.0768298535095,0.154,0.0,,
Cook Islands,1979.0,COK,17799.0,-1309162041.384506,0.026,1.441,0.048,-7.864872990735359,0.026,8.526899008115342,0.0,0.2249930702438851,7193.402291163342,0.18,0.0,,
Cook Islands,1980.0,COK,17719.0,-1310124713.7491262,0.029,1.654,0.05,-7.907705207468663,0.029,8.455185081087379,0.0,0.2449661914999072,6927.354,0.209,0.0,,
Cook Islands,1981.0,COK,17623.0,-1304637467.02464,0.066,3.742,0.087,-8.035233680402023,0.066,8.341247516164216,0.0,0.3981893972018531,13892.12,0.275,0.0,,
Cook Islands,1982.0,COK,17498.0,-1305400750.2294302,0.051,2.932,0.072,-8.023258796220862,0.051,8.672310003985466,0.0,0.32962752705750237,13991.361,0.326,0.0,,
Cook Islands,1983.0,COK,17304.0,-1306582917.3357213,0.051,2.964,0.071,-8.02585720974857,0.051,8.675693771472144,0.0,0.3318109623403278,14148.222,0.377,0.0,,
Cook Islands,1984.0,COK,17085.0,-1307879093.4980614,0.022,1.287,0.04,-8.001451562969661,0.022,9.36276931690423,0.0,0.18981415733777757,14368.836,0.399,0.0,,
Cook Islands,1985.0,COK,16853.0,-1309318968.8078728,0.022,1.304,0.04,-8.003816604866175,0.022,9.372204358018248,0.0,0.19073085614827295,14526.84,0.421,0.0,,
Cook Islands,1986.0,COK,16626.0,-1313934926.0308216,0.022,1.322,0.039,-7.9574397724247135,0.022,9.008383635613068,0.0,0.20358536990648823,11043.885,0.443,0.0,,
Cook Islands,1987.0,COK,16601.0,-1314090399.1477659,0.022,1.324,0.04,-7.957703367501976,0.022,9.009304552351216,0.0,0.20369868682917683,11060.516,0.465,0.0,,
Cook Islands,1988.0,COK,16771.0,-1313005575.6062038,0.022,1.311,0.04,-7.956447993763817,0.022,9.006085196193885,0.0,0.20287005154625737,10978.396,0.487,0.0,,
Cook Islands,1989.0,COK,16958.0,-1311865521.0024042,0.022,1.296,0.04,-7.954246256667002,0.022,8.996635571324672,0.0,0.20209627357056437,10827.67,0.509,0.0,,
Cook Islands,1990.0,COK,17146.0,-1310690413.948645,0.04,2.351,0.058,-7.969899966131521,0.04,8.566484613536929,0.0,0.2913594016861347,10708.948,0.55,0.0,,
Cook Islands,1991.0,COK,17329.0,-1312461600.1380868,0.04,2.326,0.056,-7.923774563989822,0.04,8.226045933007622,0.0,0.30039181140216353,7287.099,0.59,0.0,,
Cook Islands,1992.0,COK,17495.0,-1308472593.7375195,0.04,2.304,0.057,-7.966929235246232,0.04,8.566901728183728,0.0,0.28797972600566724,10529.79,0.63,0.0,,
Cook Islands,1993.0,COK,17615.0,-1307744103.2740843,0.044,2.496,0.064,-7.968830226102472,0.044,8.480635072492582,0.0,0.30447832729509156,10429.498,0.674,0.0,,
Cook Islands,1994.0,COK,17710.0,-1307146687.5615098,0.044,2.483,0.064,-7.967940996688645,0.044,8.480112688805935,0.0,0.3035633933317575,10373.553,0.718,0.0,,
Cook Islands,1995.0,COK,17801.0,-1306573930.5337358,0.044,2.47,0.065,-7.967084385165277,0.044,8.479883987087533,0.0,0.30263885454725625,10320.522,0.762,0.0,,
Cook Islands,1996.0,COK,17880.0,-1306051488.4384408,0.051,2.869,0.075,-7.973409142961868,0.051,8.320041566112657,0.0,0.33630673237437253,10303.058,0.813,0.0,,
Cook Islands,1997.0,COK,17648.0,-1307536334.5720172,0.051,2.907,0.077,-7.975404700653792,0.051,8.315913420968934,0.0,0.33915784414679345,10409.996,0.865,0.0,,
Cook Islands,1998.0,COK,17102.0,-1310959837.0235944,0.051,2.999,0.078,-7.981176408148514,0.051,8.313397171639279,0.0,0.3458249604413578,10742.347,0.916,0.0,,
Cook Islands,1999.0,COK,16508.0,-1314662301.2349308,0.051,3.107,0.074,-7.987930128561928,0.051,8.31009097117255,0.0,0.35366437992407385,11128.884,0.967,0.0,,
Cook Islands,2000.0,COK,15876.0,-1313579197.9752648,0.051,3.231,0.072,-8.071521760253065,0.051,8.88631411392757,0.0,0.34422579646019585,17236.658,1.019,0.0,,
Cook Islands,2001.0,COK,15259.0,-1317894631.8743916,0.055,3.602,0.072,-8.075573265743872,0.055,8.72574831048069,0.0,0.3759072607838253,17105.523,1.074,0.0,,
Cook Islands,2002.0,COK,14994.0,-1326468983.6267428,0.044,2.932,0.058,-7.961900204868478,0.044,8.204886136993345,0.0,0.3444613174518024,9426.237,1.118,0.0,,
Cook Islands,2003.0,COK,15049.0,-1326768759.8707807,0.048,3.165,0.06,-7.955517121531894,0.048,8.034299099375922,0.0,0.3665782954660772,8661.503,1.165,0.0,,
Cook Islands,2004.0,COK,15103.0,-1321122913.8260162,0.051,3.396,0.063,-8.039396515106462,0.051,8.555811364227836,0.0,0.3665482561129774,14648.089,1.216,0.0,,
Cook Islands,2005.0,COK,15153.0,-1313084334.3887265,0.059,3.869,0.07,-8.164097078402953,0.059,9.262596377225103,0.0,0.37796824531814466,23379.414,1.275,0.0,,
Cook Islands,2006.0,COK,15233.0,-1311304337.1927817,0.066,4.33,0.076,-8.190343459991208,0.066,9.223409857874534,0.0,0.4122422059258029,24780.537,1.341,0.0,,
Cook Islands,2007.0,COK,15519.0,-1313112524.7205997,0.066,4.25,0.075,-8.132243959971602,0.066,8.819116919250874,0.0,0.419364662543624,20521.449,1.407,0.0,,
Cook Islands,2008.0,COK,16003.0,-1309883912.7986636,0.066,4.121,0.075,-8.129488089553607,0.066,8.86279312330128,0.0,0.4087365975142685,20446.494,1.473,0.0,,
Cook Islands,2009.0,COK,16497.0,-1308437796.4626458,0.062,3.776,0.07,-8.09506668605592,0.062,8.777086620591277,0.0,0.38674569094696876,18272.609,1.535,0.0,,
Cook Islands,2010.0,COK,17000.0,-1302552119.8208902,0.07,4.095,0.077,-8.138063130129579,0.07,8.936886260231702,0.0,0.40452494612542655,21064.637,1.605,0.0,,
Cook Islands,2011.0,COK,17480.0,-1297587917.010128,0.077,4.402,0.084,-8.16914855553926,0.077,9.012531130840067,0.0,0.4241183965415533,22989.076,1.682,0.0,,
Cook Islands,2012.0,COK,17690.0,-1295192272.4024477,0.081,4.557,0.088,-8.186595789817082,0.081,9.06349871133238,0.0,0.43360452827018575,24084.77,1.762,0.0,,
Cook Islands,2013.0,COK,17629.0,-1295614565.613056,0.081,4.572,0.088,-8.186770206132032,0.081,9.056763179463701,0.0,0.43489167530170403,24076.594,1.843,0.0,,
Cook Islands,2014.0,COK,17556.0,-1294829294.5106401,0.081,4.591,0.09,-8.20657268234402,0.081,9.198177118180594,0.0,0.43175507001655855,25530.701,1.924,0.0,,
Cook Islands,2015.0,COK,17471.0,-1296905885.775097,0.077,4.404,0.087,-8.180729896972174,0.077,9.098255285534036,0.0,0.4215308629504832,23831.498,2.001,0.0,,
Cook Islands,2016.0,COK,17360.0,-1296719035.490662,0.077,4.432,0.086,-8.19551168151088,0.077,9.19663765855733,0.0,0.42040762835943696,24900.26,2.077,0.0,,
Cook Islands,2017.0,COK,17066.0,-1296805606.3430674,0.077,4.509,0.086,-8.22574533862492,0.077,9.388460906886596,0.0,0.4198228439202444,27071.768,2.154,0.0,,
Cook Islands,2018.0,COK,16623.0,-1298690236.9498897,0.077,4.629,0.087,-8.244671075770121,0.077,9.472138050219593,0.0,0.42575536966182403,28354.258,2.231,0.0,,
Cook Islands,2019.0,COK,16151.0,-1301107499.2002287,0.081,4.991,0.09,-8.262447798557512,0.081,9.420989144249818,0.0,0.4533130660395189,29256.52,2.312,0.0,,
Cook Islands,2020.0,COK,15664.0,-1311689779.400874,0.066,4.21,0.074,-8.13916227793498,0.066,8.886241890006458,0.0,0.41435169844236697,21013.738,2.378,0.0,,
Cook Islands,2021.0,COK,15205.0,-1313215340.8731143,0.073,4.819,0.082,-8.173002467851287,0.073,8.830408154290557,0.0,0.45975362690718724,22827.029,2.451,0.0,,
Cook Islands,2022.0,COK,14747.0,-1311684618.6023095,0.077,5.218,0.085,-8.24982771250006,0.077,9.212045910120942,0.0,0.47620326132348745,28099.07,2.528,0.0,,
Cook Islands,2023.0,COK,14244.0,-1312794239.3512018,0.077,5.376,0.085,-8.287274818473588,0.077,9.41807678460421,0.0,0.4809680802930842,30723.822,2.605,0.0,,
Cook Islands,2024.0,COK,13750.0,-1319534053.901705,0.08,5.824,0.088,-8.262090638538702,0.08,8.861428556427644,0.0,0.5313871565650107,26833.862543404597,2.685,0.0,,
Costa Rica,1950.0,CRI,926761.0,2712786661.0,0.286,0.309,27.614,0.0,0.286,0.9200316275929454,0.0,0.105,1717.1331720794792,1.925,0.005,Medio,Baja
Costa Rica,1951.0,CRI,958418.0,2784494955.0,0.312,0.326,25.77,0.001,0.311,0.9048809284693703,0.0,0.112,1772.620178937606,2.237,0.005,Medio,Baja
Costa Rica,1952.0,CRI,991800.0,3121688345.0,0.388,0.392,25.948,0.0,0.388,0.8867614975640101,0.0,0.124,2046.9290763028143,2.625,0.006,Medio,Baja
Costa Rica,1953.0,CRI,1027010.0,3596807663.0,0.432,0.421,28.911,0.0,0.432,0.8983695706622259,0.0,0.12,2201.584904531105,3.058,0.007,Medio,Baja
Costa Rica,1954.0,CRI,1064117.0,3626325153.0,0.407,0.382,30.06,0.0,0.407,0.9094367148444359,0.0,0.112,2039.9572240184643,3.464,0.006,Medio,Baja
Costa Rica,1955.0,CRI,1103056.0,4045617153.0,0.348,0.316,32.015,0.0,0.348,0.9525920327621524,0.0,0.086,1811.3670997444306,3.812,0.005,Medio,Baja
Costa Rica,1956.0,CRI,1143854.0,3930827065.0,0.484,0.423,32.632,0.0,0.484,0.891368651344018,0.0,0.123,2195.228350829582,4.296,0.006,Medio,Baja
Costa Rica,1957.0,CRI,1186638.0,4265670687.0,0.462,0.389,34.817,0.0,0.462,0.9171153781271133,0.0,0.108,2085.645200733317,4.758,0.006,Medio,Baja
Costa Rica,1958.0,CRI,1231561.0,4793101845.0,0.447,0.363,35.231,0.0,0.447,0.9407493218653983,0.0,0.093,2007.2460741079349,5.205,0.005,Medio,Baja
Costa Rica,1959.0,CRI,1278593.0,4969812657.0,0.385,0.301,42.521,0.0,0.385,0.972494762284396,0.0,0.077,1766.249341525297,5.589,0.004,Medio,Baja
Costa Rica,1960.0,CRI,1327501.0,5401439097.0,0.491,0.37,26.202,0.0,0.491,0.929290571347537,0.0,0.091,2042.1454729351344,6.08,0.005,Medio,Baja
Costa Rica,1961.0,CRI,1377918.0,5627187736.0,0.491,0.356,24.726,-7.634360198655884,0.491,8.400506593264316,0.0,0.087,2570.201738611205,6.571,0.005,Medio,Baja
Costa Rica,1962.0,CRI,1429445.0,5971285145.0,0.55,0.384,21.529,-7.668451461633277,0.55,8.420087091438816,0.0,0.092,2688.275125831467,7.121,0.006,Medio,Baja
Costa Rica,1963.0,CRI,1481605.0,6483681159.0,0.601,0.406,31.309,-7.621287311836051,0.601,8.382959602988908,0.0,0.093,2790.7684904847542,7.722,0.006,Medio,Baja
Costa Rica,1964.0,CRI,1533966.0,6797668291.0,0.674,0.439,35.631,-7.612156628096317,0.66,8.367058709976561,0.015,0.099,2928.396992251595,8.396,0.006,Medio,Baja
Costa Rica,1965.0,CRI,1586214.0,7412735617.0,0.846,0.533,40.169,-7.6128875745625315,0.788,8.351053943083175,0.058,0.114,3332.1694529082806,9.242,0.007,Medio,Baja
Costa Rica,1966.0,CRI,1638119.0,7989129392.0,0.992,0.606,25.129,-7.737570258175248,0.934,8.436473214048808,0.058,0.124,3639.587348347268,10.234,0.008,Medio,Baja
Costa Rica,1967.0,CRI,1689534.0,8480571564.0,0.875,0.518,38.049,-7.6240755537478115,0.821,8.372033326398054,0.055,0.103,3298.159528801546,11.11,0.007,Medio,Baja
Costa Rica,1968.0,CRI,1739734.0,9132864957.0,1.036,0.596,40.354,-7.6417416563299145,0.971,8.376016699844762,0.065,0.113,3636.94919177008,12.146,0.008,Medio,Baja
Costa Rica,1969.0,CRI,1789281.0,9739628159.0,1.146,0.641,41.1,-7.657577302068626,1.066,8.382644126581333,0.08,0.118,3832.8949050718156,13.292,0.008,Medio,Baja
Costa Rica,1970.0,CRI,1838946.0,10385369328.0,1.249,0.679,33.437,-7.720436609509402,1.158,8.429564394931376,0.091,0.12,4002.9847447248576,14.541,0.008,Medio,Baja
Costa Rica,1971.0,CRI,1888548.0,11069157479.0,1.527,0.809,24.493,-7.829167452598318,1.422,8.494364090233027,0.105,0.138,4560.419964646769,16.068,0.01,Medio,Baja
Costa Rica,1972.0,CRI,1938261.0,12043601078.0,1.761,0.909,60.289,-7.648462513705333,1.63,8.3491354670027,0.131,0.146,5024.2432102606535,17.829,0.011,Medio,Baja
Costa Rica,1973.0,CRI,1988348.0,12983465175.0,2.043,1.028,31.782,-7.873694340168624,1.909,8.513692551519203,0.134,0.157,5539.676016724772,19.873,0.012,Medio,Media
Costa Rica,1974.0,CRI,2039649.0,13680072937.0,1.904,0.934,44.084,-7.761333627546406,1.759,8.445696945224874,0.145,0.139,5161.5493378454275,21.777,0.011,Medio,Baja
Costa Rica,1975.0,CRI,2092716.0,13955000752.0,2.036,0.973,48.909,-7.753656384454828,1.872,8.429742235078798,0.164,0.146,5330.520155611209,23.812,0.012,Medio,Baja
Costa Rica,1976.0,CRI,2147772.0,14712735546.0,2.082,0.969,52.989,-7.728560761832522,1.905,8.41665949305099,0.176,0.141,5332.146012067631,25.894,0.012,Medio,Baja
Costa Rica,1977.0,CRI,2205035.0,16028490351.0,2.607,1.182,51.824,-7.829416787407808,2.411,8.473948258668536,0.196,0.163,6267.942687169152,28.501,0.014,Medio,Media
Costa Rica,1978.0,CRI,2264516.0,17019344581.0,2.911,1.286,56.342,-7.843051264545535,2.675,8.47642409977956,0.237,0.171,6742.316176741894,31.413,0.015,Medio,Media
Costa Rica,1979.0,CRI,2326490.0,17863040050.0,2.78,1.195,58.471,-7.7965859639031905,2.528,8.455252483648898,0.252,0.156,6364.476414163473,34.193,0.014,Medio,Media
Costa Rica,1980.0,CRI,2390641.0,17997542855.0,2.447,1.024,55.232,-7.793047276782289,2.187,8.421472445573052,0.26,0.136,4973.329,36.64,0.013,Medio,Baja
Costa Rica,1981.0,CRI,2456643.0,17587702729.0,2.235,0.91,57.616,-7.771311455574118,2.019,8.447859279062836,0.216,0.127,4895.272,38.875,0.012,Medio,Baja
Costa Rica,1982.0,CRI,2524811.0,16366901234.0,2.069,0.82,32.62,-7.911700843418785,1.872,8.554240452500997,0.197,0.126,4519.517,40.945,0.011,Medio,Baja
Costa Rica,1983.0,CRI,2595155.0,16819422463.0,2.088,0.804,47.953,-7.837172894216717,1.913,8.51529142259709,0.175,0.124,4656.814,43.032,0.011,Medio,Baja
Costa Rica,1984.0,CRI,2667597.0,18139501340.0,1.979,0.742,27.18,-7.920875828616115,1.766,8.574080807012338,0.213,0.109,4164.137,45.011,0.01,Medio,Baja
Costa Rica,1985.0,CRI,2741903.0,18289864473.0,2.24,0.817,22.542,-7.9978075224720655,2.026,8.60218288326219,0.214,0.122,4320.322,47.252,0.011,Medio,Baja
Costa Rica,1986.0,CRI,2817219.0,19298688252.0,2.575,0.914,19.966,-8.046174645073359,2.33,8.556753692633325,0.245,0.133,3970.357,49.827,0.013,Medio,Baja
Costa Rica,1987.0,CRI,2892698.0,20217435484.0,2.721,0.941,18.563,-8.08626870778495,2.466,8.61333289525461,0.255,0.135,4425.896,52.548,0.013,Medio,Baja
Costa Rica,1988.0,CRI,2968102.0,20903191743.0,2.903,0.978,14.792,-8.153471307101382,2.66,8.681067037810255,0.243,0.139,4829.873,55.451,0.013,Medio,Baja
Costa Rica,1989.0,CRI,3043826.0,22103439766.0,2.93,0.963,12.86,-8.16708907129685,2.667,8.724551603720009,0.262,0.133,5084.04,58.38,0.013,Medio,Baja
Costa Rica,1990.0,CRI,3121707.0,22906633594.0,2.909,0.932,14.977,-8.148798584678993,2.645,8.698772185635576,0.264,0.127,4780.386,61.29,0.013,Medio,Baja
Costa Rica,1991.0,CRI,3202182.0,23392535070.0,3.282,1.025,13.136,-8.212204919885414,2.986,8.707786966247149,0.296,0.14,4934.007,64.572,0.014,Medio,Baja
Costa Rica,1992.0,CRI,3284261.0,25455642664.0,3.735,1.137,13.069,-8.290220003585274,3.44,8.798555276633667,0.295,0.147,5877.006,68.307,0.017,Medio,Baja
Costa Rica,1993.0,CRI,3367436.0,27068748885.0,3.881,1.153,14.348,-8.288271671959937,3.521,8.82312184036125,0.36,0.143,6238.651,72.189,0.017,Alto,Baja
Costa Rica,1994.0,CRI,3451122.0,28250615652.0,5.188,1.503,19.87,-8.42538569826251,4.796,8.742242140044183,0.392,0.184,6205.497,77.377,0.023,Alto,Media
Costa Rica,1995.0,CRI,3535179.0,29404437442.0,4.789,1.355,15.796,-8.420509822888523,4.43,8.836992192310085,0.359,0.163,6421.889,82.166,0.02,Alto,Media
Costa Rica,1996.0,CRI,3619012.0,29695504987.0,4.673,1.291,15.44,-8.419483712118275,4.331,8.841671528767694,0.343,0.157,6168.313,86.839,0.019,Alto,Media
Costa Rica,1997.0,CRI,3701713.0,31327517132.0,4.9,1.324,13.281,-8.455805664865615,4.514,8.885978490824378,0.386,0.156,6520.789,91.739,0.02,Alto,Media
Costa Rica,1998.0,CRI,3782840.0,33453800269.0,5.214,1.378,13.6,-8.485757012706603,4.771,8.915974370480518,0.443,0.156,6881.35,96.953,0.021,Alto,Media
Costa Rica,1999.0,CRI,3862103.0,34758013094.0,5.415,1.402,13.483,-8.529295403586596,4.968,8.99542941998941,0.447,0.156,7539.751,102.368,0.022,Alto,Media
Costa Rica,2000.0,CRI,3937737.0,36043077867.0,5.367,1.363,15.357,0.0,4.943,0.7150151074829425,0.424,0.149,7388.234,107.735,0.021,Alto,Baja
Costa Rica,2001.0,CRI,4008951.0,37338984417.0,5.638,1.406,15.529,0.117,5.042,0.6916512279524918,0.479,0.151,7386.503,113.373,0.022,Alto,Media
Costa Rica,2002.0,CRI,4075710.0,38566391693.0,6.214,1.525,17.834,0.136,5.606,0.6321314560338078,0.473,0.161,7551.25,119.588,0.024,Alto,Media
Costa Rica,2003.0,CRI,4138791.0,40104618605.0,6.551,1.583,17.087,0.194,5.917,0.6168972094996612,0.439,0.163,7776.174,126.139,0.024,Alto,Media
Costa Rica,2004.0,CRI,4200079.0,41810218746.0,6.797,1.618,12.808,0.158,6.064,0.5811547852712946,0.576,0.163,7672.902,132.936,0.024,Alto,Media
Costa Rica,2005.0,CRI,4261240.0,43414436973.0,6.66,1.563,13.056,0.004,5.899,0.6468554371270785,0.757,0.153,8036.141,139.595,0.022,Alto,Media
Costa Rica,2006.0,CRI,4321337.0,46549505108.0,6.976,1.614,13.982,0.004,6.434,0.6427362769808889,0.539,0.15,8383.152,146.571,0.023,Alto,Media
Costa Rica,2007.0,CRI,4380250.0,50253055044.0,7.907,1.805,16.29,0.059,6.973,0.5950668963503405,0.875,0.157,8884.348,154.478,0.025,Alto,Media
Costa Rica,2008.0,CRI,4440058.0,52514579539.0,7.934,1.787,19.49,0.0,7.148,0.5911627673464317,0.786,0.151,8737.468,162.412,0.025,Alto,Media
Costa Rica,2009.0,CRI,4499788.0,51990443852.0,7.693,1.71,19.719,0.011,6.903,0.5910495220841371,0.779,0.148,8330.891,170.105,0.024,Alto,Baja
Costa Rica,2010.0,CRI,4555965.0,54669051273.0,7.461,1.638,18.184,0.004,6.987,0.6293548712664244,0.47,0.136,8397.651,177.566,0.022,Alto,Baja
Costa Rica,2011.0,CRI,4609834.0,56719502938.0,7.276,1.578,16.353,0.022,6.742,0.6605697153449868,0.512,0.128,8370.705,184.843,0.021,Alto,Baja
Costa Rica,2012.0,CRI,4663930.0,59489116143.0,7.217,1.547,16.726,0.007,6.701,0.6796359805220051,0.508,0.121,8368.356,192.059,0.021,Alto,Baja
Costa Rica,2013.0,CRI,4716153.0,60973369897.0,7.584,1.608,17.646,0.018,7.042,0.6490201337331187,0.523,0.124,8453.235,199.643,0.021,Alto,Baja
Costa Rica,2014.0,CRI,4767126.0,63133053443.0,7.702,1.616,16.578,0.022,7.145,0.6494426023538384,0.535,0.122,8564.41,207.345,0.022,Alto,Baja
Costa Rica,2015.0,CRI,4818045.0,65438671759.0,7.353,1.526,18.322,0.0,6.782,0.701874091440416,0.571,0.112,8542.498,214.698,0.021,Alto,Baja
Costa Rica,2016.0,CRI,4867003.0,68189707920.0,7.829,1.609,17.691,0.0,7.394,0.6793816896832493,0.435,0.115,8940.282,222.527,0.022,Alto,Baja
Costa Rica,2017.0,CRI,4913177.0,71025038908.0,7.987,1.626,18.001,0.018,7.482,0.6891092168323604,0.487,0.112,9141.534,230.513,0.022,Alto,Baja
Costa Rica,2018.0,CRI,4957813.0,72883048113.0,7.967,1.607,16.278,0.0,7.489,0.7076775390707646,0.478,0.109,9304.228,238.48,0.022,Alto,Baja
Costa Rica,2019.0,CRI,4999549.0,74645366733.0,7.66,1.532,16.02,0.0,7.225,0.7420458605283583,0.435,0.103,9256.251,246.141,0.021,Alto,Baja
Costa Rica,2020.0,CRI,5034323.0,71455765338.0,6.754,1.342,14.319,0.0,6.397,0.7380864953963934,0.357,0.095,8050.522,252.895,0.019,Alto,Baja
Costa Rica,2021.0,CRI,5059991.0,77015741091.0,7.665,1.515,14.042,0.051,7.222,0.7180178362098983,0.392,0.1,8936.604,260.56,0.021,Alto,Baja
Costa Rica,2022.0,CRI,5081764.0,80345898158.0,8.01,1.576,13.886,0.059,7.523,0.7019105242984149,0.428,0.1,9135.139,268.57,0.021,Alto,Baja
Costa Rica,2023.0,CRI,5105526.0,33324822510.17045,8.473,1.659,14.826,0.069,7.976,0.4617536289696478,0.428,0.23208300578975952,9004.632,277.043,0.022,,
Costa Rica,2024.0,CRI,5129909.0,33491343523.50206,8.76,1.708,14.982,0.049,8.283,0.34113455881628274,0.428,0.23324901303226775,7926.039292778958,285.803,0.023,,
Cote d'Ivoire,1950.0,CIV,2735187.0,4745217934.0,0.551,0.202,46.487,0.104,0.447,0.0,0.0,0.116,-388.5681914638335,0.551,0.009,Bajo,Baja
Cote d'Ivoire,1951.0,CIV,2809368.0,4919866135.0,0.461,0.164,60.349,0.183,0.278,0.0,0.0,0.094,-543.4873673287449,1.012,0.007,Bajo,Baja
Cote d'Ivoire,1952.0,CIV,2885718.0,5102610639.0,0.515,0.179,69.037,0.176,0.339,0.0,0.0,0.101,-487.0532199529538,1.528,0.008,Bajo,Baja
Cote d'Ivoire,1953.0,CIV,2965133.0,5287693706.0,0.428,0.144,76.871,0.058,0.371,0.0,0.0,0.081,-615.3691505056172,1.956,0.006,Bajo,Baja
Cote d'Ivoire,1954.0,CIV,3048539.0,5481269389.0,0.505,0.165,82.49,0.066,0.439,0.0,0.0,0.092,-538.5580262148263,2.46,0.007,Bajo,Baja
Cote d'Ivoire,1955.0,CIV,3136631.0,5683028955.0,0.503,0.16,89.511,0.029,0.473,0.0,0.0,0.089,-557.3959644392371,2.963,0.007,Bajo,Baja
Cote d'Ivoire,1956.0,CIV,3230013.0,5894115726.0,0.582,0.18,97.499,0.039,0.544,0.0,0.0,0.099,-487.80838826989566,3.546,0.007,Bajo,Baja
Cote d'Ivoire,1957.0,CIV,3329283.0,6111600000.0,0.596,0.179,107.015,0.002,0.595,0.0,0.0,0.098,-492.9368310006556,4.142,0.007,Bajo,Baja
Cote d'Ivoire,1958.0,CIV,3435088.0,6339347813.0,0.498,0.145,117.04,-7.1262973508628775,0.498,7.9514424629232545,0.0,0.079,1637.6415698670362,4.64,0.006,Bajo,Baja
Cote d'Ivoire,1959.0,CIV,3548954.0,6572868992.0,0.546,0.154,129.091,-7.070388363431142,0.546,7.899996106218722,0.0,0.083,1668.901125004144,5.186,0.006,Bajo,Baja
Cote d'Ivoire,1960.0,CIV,3673672.0,7159305962.0,0.462,0.126,79.263,-7.340842464117227,0.462,8.133537678026713,0.0,0.064,1582.9183278426044,5.648,0.005,Bajo,Baja
Cote d'Ivoire,1961.0,CIV,3810152.0,7832815921.0,0.553,0.145,77.288,-7.37845958756048,0.553,8.149327079712316,0.0,0.071,1650.4405909129628,6.201,0.006,Bajo,Baja
Cote d'Ivoire,1962.0,CIV,3956950.0,8177585007.0,0.586,0.148,75.118,-7.403230079790301,0.586,8.163521641872341,0.0,0.072,1659.4095683413652,6.788,0.006,Bajo,Baja
Cote d'Ivoire,1963.0,CIV,4112070.0,9515745233.0,0.623,0.151,74.222,-7.412909969950645,0.623,8.178568823559317,0.0,0.065,1696.2729178416703,7.41,0.006,Medio,Baja
Cote d'Ivoire,1964.0,CIV,4273955.0,11224263489.0,0.762,0.178,67.847,-7.481915014832845,0.762,8.224604046469246,0.0,0.068,1812.346006276308,8.173,0.007,Medio,Baja
Cote d'Ivoire,1965.0,CIV,4442384.0,10978052695.0,1.172,0.264,63.666,-7.612376819411139,1.172,8.263357818313942,0.0,0.107,2088.9502452720253,9.345,0.01,Medio,Baja
Cote d'Ivoire,1966.0,CIV,4617522.0,11842559992.0,1.238,0.268,62.765,-7.632627115419314,1.238,8.277883272551271,0.0,0.105,2112.825885668499,10.583,0.01,Medio,Baja
Cote d'Ivoire,1967.0,CIV,4799743.0,12018789929.0,1.359,0.283,58.704,-7.688354106375199,1.359,8.304048751660002,0.0,0.113,2157.714810498372,11.943,0.011,Medio,Baja
Cote d'Ivoire,1968.0,CIV,4990023.0,13895567567.0,1.598,0.32,54.646,-7.756778283200406,1.598,8.350220217646262,0.0,0.115,2324.152444417164,13.54,0.012,Medio,Baja
Cote d'Ivoire,1969.0,CIV,5192227.0,14503653004.0,1.891,0.364,50.888,-7.84235844424553,1.891,8.388572348078892,0.0,0.13,2483.96282943049,15.431,0.014,Medio,Baja
Cote d'Ivoire,1970.0,CIV,5411573.0,16078718809.0,2.242,0.414,59.064,-7.862031396719697,2.242,8.385316405964002,0.0,0.139,2689.725329249543,17.673,0.015,Medio,Baja
Cote d'Ivoire,1971.0,CIV,5650875.0,16881039621.0,2.455,0.434,51.019,-7.955485923814775,2.455,8.441706468657596,0.0,0.145,2762.104034303094,20.128,0.016,Medio,Baja
Cote d'Ivoire,1972.0,CIV,5909721.0,17817495471.0,2.711,0.459,80.238,-7.832827124275212,2.711,8.329663998721287,0.0,0.152,2866.575029348077,22.84,0.017,Medio,Media
Cote d'Ivoire,1973.0,CIV,6184949.0,19227564918.0,2.876,0.465,98.686,-7.7557038887835965,2.876,8.265897782000813,0.0,0.15,2904.6153509816877,25.716,0.017,Medio,Media
Cote d'Ivoire,1974.0,CIV,6474062.0,19781459252.0,3.243,0.501,99.775,-7.823714824165435,3.243,8.288334764923718,0.0,0.164,3031.263922378723,28.958,0.019,Medio,Media
Cote d'Ivoire,1975.0,CIV,6776303.0,19770904255.0,3.986,0.588,94.489,-8.006110846021018,3.986,8.360532647983714,0.0,0.202,3317.620802209867,32.945,0.023,Medio,Media
Cote d'Ivoire,1976.0,CIV,7057963.0,22128316136.0,3.961,0.561,115.11,-7.868578926455665,3.961,8.282619180764463,0.0,0.179,3271.991062271578,36.906,0.022,Medio,Media
Cote d'Ivoire,1977.0,CIV,7321955.0,23179390018.0,4.052,0.553,116.111,-7.883702022313869,4.052,8.292841945716926,0.0,0.175,3246.8874436012247,40.958,0.022,Medio,Media
Cote d'Ivoire,1978.0,CIV,7603134.0,25469899369.0,4.814,0.633,90.861,-8.164918002950177,4.814,8.478669849020218,0.0,0.189,3570.7200735650677,45.773,0.025,Medio,Media
Cote d'Ivoire,1979.0,CIV,7902266.0,25962589298.0,5.419,0.686,77.229,-8.35975032896657,5.419,8.587295096908367,0.0,0.209,3754.203904770562,51.192,0.028,Medio,Media
Cote d'Ivoire,1980.0,CIV,8220717.0,27953880371.0,5.569,0.677,87.013,-8.357333955836975,5.569,8.473152813364397,0.0,0.199,2272.253,56.761,0.029,Medio,Media
Cote d'Ivoire,1981.0,CIV,8556600.0,28926659517.0,3.866,0.452,93.804,-8.0708506807729,3.866,8.434559410661185,0.0,0.134,2366.359,60.626,0.02,Medio,Baja
Cote d'Ivoire,1982.0,CIV,8907942.0,28992515744.0,5.555,0.624,76.439,-8.44101294287257,5.555,8.53587196664613,0.0,0.192,2134.97,66.181,0.03,Medio,Media
Cote d'Ivoire,1983.0,CIV,9272742.0,27868329014.0,4.518,0.487,106.874,-8.124067185729558,4.518,8.379425806751343,0.0,0.162,2112.535,70.699,0.024,Medio,Media
Cote d'Ivoire,1984.0,CIV,9650523.0,26931153084.0,5.133,0.532,128.747,-8.11342398053211,5.133,8.283258425831873,0.0,0.191,1898.616,75.832,0.026,Medio,Media
Cote d'Ivoire,1985.0,CIV,10040486.0,28257154628.0,6.984,0.696,112.345,-8.512566396607745,6.984,8.437131153601294,0.0,0.247,1978.588,82.816,0.035,Medio,Media
Cote d'Ivoire,1986.0,CIV,10440924.0,29115383220.0,5.577,0.534,92.883,-8.427717031977966,5.577,8.507827133664616,0.0,0.192,1975.6,88.392,0.027,Medio,Media
Cote d'Ivoire,1987.0,CIV,10851481.0,28640502713.0,7.35,0.677,122.722,-8.55422514811516,7.35,8.45078760446216,0.0,0.257,2102.535,95.742,0.035,Medio,Media
Cote d'Ivoire,1988.0,CIV,11275194.0,28134702679.0,8.805,0.781,83.211,-9.055809123873296,8.805,8.703266737014818,0.0,0.313,2109.115,104.547,0.04,Medio,Alta
Cote d'Ivoire,1989.0,CIV,11719774.0,27953507000.0,8.266,0.705,112.494,-8.821452443887146,8.266,8.560003250665712,0.0,0.296,2028.762,112.813,0.037,Medio,Media
Cote d'Ivoire,1990.0,CIV,12189780.0,26018496693.0,4.782,0.392,74.353,-8.520471859416574,4.782,8.58160426654312,0.0,0.184,1642.761,117.594,0.021,Bajo,Media
Cote d'Ivoire,1991.0,CIV,12683875.0,26972060608.0,4.309,0.34,61.903,-8.525102884333197,4.309,8.600037774036078,0.0,0.16,1312.042,121.903,0.019,Bajo,Media
Cote d'Ivoire,1992.0,CIV,13200313.0,27466934209.0,3.844,0.291,123.462,-8.096017241299009,3.844,8.299910931213612,0.0,0.14,1252.47,125.747,0.017,Bajo,Baja
Cote d'Ivoire,1993.0,CIV,13735955.0,28127565766.0,5.093,0.371,86.148,-8.543271539605001,5.093,8.546548335012707,0.0,0.181,1365.727,130.84,0.022,Bajo,Media
Cote d'Ivoire,1994.0,CIV,14287211.0,29026826745.0,4.133,0.289,118.62,-8.209476901430168,4.133,8.366026653514275,0.0,0.142,1348.722,134.973,0.018,Bajo,Baja
Cote d'Ivoire,1995.0,CIV,14855566.0,31414510714.0,6.225,0.419,97.057,0.4320541700512086,6.02,0.095,0.0,0.198,1347.566,141.198,0.026,Bajo,Media
Cote d'Ivoire,1996.0,CIV,15442322.0,34617707279.0,7.526,0.487,76.22,0.39313057189024825,6.478,0.857,0.0,0.217,1545.159,148.724,0.031,Bajo,Media
Cote d'Ivoire,1997.0,CIV,16047178.0,37316438035.0,7.211,0.449,71.19,0.4637238821096634,5.609,1.404,0.0,0.193,1514.514,155.935,0.03,Medio,Media
Cote d'Ivoire,1998.0,CIV,16663948.0,39915308009.0,6.748,0.405,71.426,0.5026036155801723,4.939,1.638,0.0,0.169,1534.13,162.683,0.028,Medio,Media
Cote d'Ivoire,1999.0,CIV,17215937.0,41352107617.0,6.095,0.354,70.774,0.6145937533271408,3.55,2.393,0.0,0.147,1921.492,168.779,0.025,Medio,Baja
Cote d'Ivoire,2000.0,CIV,17699007.0,41297593671.0,6.63,0.375,53.988,0.5220110922483743,4.043,2.417,0.0,0.161,1880.609,175.409,0.026,Medio,Media
Cote d'Ivoire,2001.0,CIV,18178920.0,42194161007.0,7.653,0.421,57.358,0.5096553938491386,4.778,2.623,0.0,0.181,1804.471,183.062,0.03,Medio,Media
Cote d'Ivoire,2002.0,CIV,18654772.0,42379148241.0,7.45,0.399,60.241,0.7725155706752913,4.283,2.675,0.0,0.176,1715.691,190.512,0.028,Medio,Media
Cote d'Ivoire,2003.0,CIV,19125546.0,42761562091.0,5.301,0.277,96.814,0.6900353743542857,2.783,2.35,0.0,0.124,1482.016,195.813,0.019,Bajo,Baja
Cote d'Ivoire,2004.0,CIV,19594997.0,44320594821.0,7.386,0.377,87.77,0.37165170919827784,4.349,2.986,0.0,0.167,1587.285,203.199,0.026,Medio,Media
Cote d'Ivoire,2005.0,CIV,20068468.0,46182121378.0,7.568,0.377,98.221,0.42293564185673294,4.166,3.334,0.0,0.164,1768.738,210.767,0.026,Medio,Media
Cote d'Ivoire,2006.0,CIV,20546808.0,48079711067.0,6.887,0.335,93.575,0.4497790393951582,3.679,3.133,0.0,0.143,1450.859,217.654,0.023,Medio,Baja
Cote d'Ivoire,2007.0,CIV,21030558.0,50213105655.0,6.653,0.316,70.649,0.44436531994801554,3.649,2.887,0.0,0.133,1502.957,224.308,0.021,Medio,Baja
Cote d'Ivoire,2008.0,CIV,21514446.0,52842644609.0,6.713,0.312,57.368,0.42548179428890265,3.554,3.037,0.0,0.127,1622.628,231.02,0.021,Medio,Baja
Cote d'Ivoire,2009.0,CIV,21997936.0,55907844337.0,5.66,0.257,52.497,0.5100314775606383,2.73,2.785,0.0,0.101,1522.432,236.68,0.018,Medio,Baja
Cote d'Ivoire,2010.0,CIV,22488068.0,58369987439.0,6.225,0.277,58.626,0.4965538675600252,3.026,3.037,0.0,0.107,1568.466,242.905,0.019,Medio,Baja
Cote d'Ivoire,2011.0,CIV,22982003.0,57051170312.0,6.523,0.284,109.854,0.5740800434949653,3.349,2.993,0.0,0.114,1407.574,249.428,0.019,Medio,Baja
Cote d'Ivoire,2012.0,CIV,23467083.0,63249209930.0,8.54,0.364,135.066,0.5017455790225869,5.075,3.265,0.0,0.135,1713.841,257.968,0.024,Medio,Baja
Cote d'Ivoire,2013.0,CIV,23939775.0,69113673482.0,9.68,0.404,146.133,0.4180136353212447,5.778,3.748,0.0,0.14,1887.155,267.648,0.027,Medio,Baja
Cote d'Ivoire,2014.0,CIV,24527393.0,75191536255.0,9.903,0.404,245.759,0.6324411901876186,5.958,3.781,0.0,0.132,1930.718,277.551,0.028,Medio,Baja
Cote d'Ivoire,2015.0,CIV,25246347.0,81840720288.0,9.555,0.378,113.738,0.3441336749430528,5.547,3.858,0.0,0.117,1909.726,287.106,0.027,Medio,Baja
Cote d'Ivoire,2016.0,CIV,25989404.0,87711151924.0,11.979,0.461,169.565,0.3583633194543099,7.024,4.774,0.0,0.137,2114.603,299.085,0.034,Medio,Baja
Cote d'Ivoire,2017.0,CIV,26733376.0,93099253173.0,12.002,0.449,240.167,0.4227135469298968,7.548,4.313,0.0,0.129,2008.135,311.087,0.033,Medio,Baja
Cote d'Ivoire,2018.0,CIV,27464175.0,96591406762.0,10.415,0.379,146.479,0.2519187584697127,6.324,3.994,0.0,0.108,1962.942,321.502,0.028,Medio,Baja
Cote d'Ivoire,2019.0,CIV,28193014.0,104618149506.0,10.539,0.374,147.615,0.2449960100838542,6.188,4.258,0.0,0.101,2037.24,332.041,0.028,Medio,Baja
Cote d'Ivoire,2020.0,CIV,28915452.0,106396657387.0,11.019,0.381,169.686,0.234308357463477,6.562,4.367,0.0,0.104,1926.697,343.06,0.031,Medio,Baja
Cote d'Ivoire,2021.0,CIV,29639737.0,113844428305.0,13.666,0.461,106.605,-0.1625404003339721,9.083,4.554,0.0,0.12,2234.778,356.726,0.037,Medio,Baja
Cote d'Ivoire,2022.0,CIV,30395004.0,121471995793.0,14.504,0.477,131.443,-0.12152528997568268,9.475,4.982,0.0,0.119,2575.372,371.23,0.039,Medio,Baja
Cote d'Ivoire,2023.0,CIV,31165653.0,210710189234.5316,14.052,0.451,136.676,-0.25527887997453824,9.06,4.925,0.0,0.16215922731539534,2488.01,385.282,0.037,,
Cote d'Ivoire,2024.0,CIV,31934229.0,215940880003.85873,14.829,0.464,140.715,-0.37287614812519543,9.413,5.349,0.0,0.16474564795069646,1653.7034872249578,400.111,0.038,,
Croatia,1950.0,HRV,3864992.0,24874070889.026558,2.939,0.76,15.575,1.023,1.371,0.065,0.48,0.20833806789763162,2335.7052330803785,45.627,0.05,,
Croatia,1951.0,HRV,3911673.0,25191617351.564217,2.782,0.711,14.262,0.961,1.313,0.055,0.454,0.20448715430686767,2082.154212825756,48.408,0.044,,
Croatia,1952.0,HRV,3957409.0,10629543012.0,2.789,0.705,14.994,1.08,1.076,0.067,0.566,0.262,1957.9263843874037,51.197,0.043,Medio,Media
Croatia,1953.0,HRV,4006128.0,11531914488.0,2.774,0.692,14.375,0.826,1.405,0.1,0.443,0.241,1935.4759294225364,53.971,0.042,Medio,Media
Croatia,1954.0,HRV,4048121.0,12547184268.0,3.312,0.818,14.759,1.062,1.627,0.112,0.51,0.264,2516.6901874415225,57.283,0.049,Medio,Media
Croatia,1955.0,HRV,4080737.0,14829266520.0,3.793,0.929,14.952,1.286,1.761,0.144,0.602,0.256,3072.7943848102223,61.075,0.051,Medio,Media
Croatia,1956.0,HRV,4110129.0,14161346912.0,4.342,1.057,15.538,1.512,2.057,0.165,0.609,0.307,3581.448604057613,65.418,0.055,Medio,Media
Croatia,1957.0,HRV,4136705.0,16775189887.0,4.711,1.139,16.047,1.529,2.274,0.172,0.736,0.281,4059.0872736935335,70.128,0.058,Medio,Media
Croatia,1958.0,HRV,4160698.0,17157264490.0,4.641,1.116,15.841,1.441,2.314,0.181,0.705,0.271,3958.1438586790546,74.77,0.055,Medio,Media
Croatia,1959.0,HRV,4182085.0,18655728320.0,5.326,1.274,16.598,1.619,2.736,0.191,0.78,0.285,4703.347548304015,80.096,0.06,Medio,Media
Croatia,1960.0,HRV,4200272.0,20451146813.0,5.821,1.386,16.546,1.669,3.146,0.203,0.804,0.285,5245.51338978455,85.917,0.062,Medio,Media
Croatia,1961.0,HRV,4223431.0,21915614594.0,6.109,1.447,16.682,1.796,3.272,0.243,0.799,0.279,5558.421151732543,92.027,0.065,Medio,Media
Croatia,1962.0,HRV,4255020.0,22457751878.0,6.269,1.473,16.634,1.733,3.478,0.24,0.818,0.279,5683.852867833369,98.296,0.064,Medio,Media
Croatia,1963.0,HRV,4287267.0,24832847001.0,6.975,1.627,16.994,1.844,3.949,0.287,0.894,0.281,6437.223215261213,105.27,0.068,Medio,Media
Croatia,1964.0,HRV,4317755.0,27112429290.0,7.908,1.831,17.6,1.987,4.626,0.377,0.917,0.292,7406.650485368769,113.178,0.073,Medio,Media
Croatia,1965.0,HRV,4346708.0,27862662854.0,8.144,1.874,17.573,1.693,5.161,0.478,0.812,0.292,7615.336332634852,121.322,0.072,Medio,Media
Croatia,1966.0,HRV,4374307.0,29855483281.0,8.072,1.845,17.538,1.437,5.424,0.453,0.758,0.27,7508.853763290632,129.394,0.068,Medio,Media
Croatia,1967.0,HRV,4400271.0,30815171369.0,8.161,1.855,17.642,1.102,5.977,0.438,0.645,0.265,7564.062706791163,137.555,0.067,Medio,Media
Croatia,1968.0,HRV,4423830.0,32123985013.0,8.73,1.973,18.145,1.008,6.558,0.498,0.666,0.272,8125.937737187207,146.285,0.068,Medio,Media
Croatia,1969.0,HRV,4444451.0,34482321363.0,9.054,2.037,17.899,0.945,6.861,0.587,0.66,0.263,8445.743825338745,155.338,0.066,Medio,Media
Croatia,1970.0,HRV,4462673.0,36801360540.0,11.841,2.653,20.441,1.205,9.124,0.79,0.722,0.322,11310.353298593905,167.179,0.079,Alto,Alta
Croatia,1971.0,HRV,4480165.0,39688192089.0,12.755,2.847,21.562,1.384,9.586,0.943,0.841,0.321,12265.369661423847,179.934,0.082,Alto,Alta
Croatia,1972.0,HRV,4497888.0,40693961174.0,11.937,2.654,19.888,1.282,8.531,1.157,0.967,0.293,11418.280749325606,191.871,0.074,Alto,Media
Croatia,1973.0,HRV,4515760.0,42215366039.0,14.279,3.162,22.365,1.049,11.341,1.016,0.873,0.338,13764.358932691719,206.151,0.084,Alto,Alta
Croatia,1974.0,HRV,4533946.0,45795433690.0,14.335,3.162,22.231,1.09,11.196,1.126,0.923,0.313,13833.104631505508,220.486,0.084,Alto,Alta
Croatia,1975.0,HRV,4552725.0,47030515000.0,14.951,3.284,22.869,1.209,11.562,1.172,1.008,0.318,14434.799008362033,235.437,0.088,Alto,Alta
Croatia,1976.0,HRV,4571754.0,49159701262.0,15.427,3.374,23.107,1.164,12.021,1.196,1.047,0.314,14871.746577976746,250.864,0.086,Alto,Alta
Croatia,1977.0,HRV,4590620.0,53486763266.0,14.996,3.267,23.025,1.052,11.62,1.265,1.059,0.28,14429.893707989124,265.86,0.082,Alto,Media
Croatia,1978.0,HRV,4609021.0,57692697617.0,16.764,3.637,24.438,1.016,13.355,1.321,1.073,0.291,16196.515693841924,282.623,0.088,Alto,Media
Croatia,1979.0,HRV,4626955.0,61292449060.0,18.238,3.942,26.584,1.035,14.586,1.531,1.085,0.298,17665.87664688274,300.861,0.093,Alto,Media
Croatia,1980.0,HRV,4643900.0,62207919000.0,17.926,3.86,25.527,0.99,13.902,1.916,1.097,0.288,17318.48292589249,318.786,0.092,Alto,Media
Croatia,1981.0,HRV,4664258.0,62270738318.0,19.48,4.176,27.005,1.682,13.674,2.682,1.416,0.313,18892.99870685938,338.266,0.103,Alto,Alta
Croatia,1982.0,HRV,4689152.0,62329998581.0,17.891,3.815,25.64,1.329,12.579,2.66,1.3,0.287,17214.130606697436,356.157,0.096,Alto,Media
Croatia,1983.0,HRV,4712882.0,61328653245.0,19.267,4.088,27.197,1.6,13.357,2.937,1.351,0.314,18502.345393191685,375.424,0.102,Alto,Alta
Croatia,1984.0,HRV,4734489.0,62647908871.0,20.321,4.292,28.598,1.83,13.508,3.597,1.364,0.324,19501.2269711134,395.745,0.104,Alto,Alta
Croatia,1985.0,HRV,4754549.0,62708913887.0,20.731,4.36,29.203,1.908,13.736,3.728,1.334,0.331,19807.283305147845,416.476,0.103,Alto,Alta
Croatia,1986.0,HRV,4773054.0,64464776156.0,21.657,4.537,29.744,1.887,14.663,3.778,1.304,0.336,20655.07062937402,438.133,0.106,Alto,Alta
Croatia,1987.0,HRV,4790208.0,64403661061.0,21.139,4.413,29.173,1.828,13.77,4.241,1.271,0.328,20091.263402740315,459.272,0.1,Alto,Alta
Croatia,1988.0,HRV,4806029.0,63841651824.0,21.82,4.54,29.78,1.808,14.566,4.194,1.222,0.342,20657.918381223924,481.093,0.1,Alto,Alta
Croatia,1989.0,HRV,4820729.0,62835000341.0,21.752,4.512,29.249,1.862,14.14,4.52,1.199,0.346,20532.460916680142,502.845,0.098,Alto,Alta
Croatia,1990.0,HRV,4835067.0,58374079130.0,22.885,4.733,28.774,2.982,13.149,4.873,1.086,0.392,20851.836,525.73,0.101,Alto,Alta
Croatia,1991.0,HRV,4825159.0,46751295520.0,16.999,3.523,42.957,1.911,9.568,4.082,0.704,0.364,17365.137,542.73,0.073,Alto,Alta
Croatia,1992.0,HRV,4782235.0,41906545003.0,16.379,3.425,28.36,1.492,9.056,4.312,0.827,0.391,16838.043,559.109,0.073,Alto,Alta
Croatia,1993.0,HRV,4729734.0,39138894948.0,16.811,3.554,27.687,1.209,9.288,4.732,0.682,0.43,17761.256,575.92,0.074,Alto,Alta
Croatia,1994.0,HRV,4675517.0,42079800726.0,16.055,3.434,28.241,0.804,9.2,4.392,0.834,0.382,18150.568,591.974,0.07,Alto,Alta
Croatia,1995.0,HRV,4619362.0,45617097590.0,16.814,3.64,21.66,0.858,10.537,3.844,0.623,0.369,19017.701,608.789,0.072,Alto,Alta
Croatia,1996.0,HRV,4562290.0,48751845543.0,17.338,3.8,22.033,0.682,10.706,4.313,0.683,0.356,20656.52,626.127,0.072,Alto,Alta
Croatia,1997.0,HRV,4504627.0,52770093719.0,18.569,4.122,29.959,1.069,11.241,4.546,0.802,0.352,20725.064,644.697,0.076,Alto,Alta
Croatia,1998.0,HRV,4445669.0,54840833756.0,19.04,4.283,28.764,1.018,12.025,4.301,0.861,0.347,22208.432,663.737,0.078,Alto,Alta
Croatia,1999.0,HRV,4385823.0,55058853604.0,20.082,4.579,18.842,0.891,12.785,4.471,1.129,0.365,23282.852,683.819,0.081,Alto,Alta
Croatia,2000.0,HRV,4326105.0,57398794775.0,19.653,4.543,17.347,1.795,11.151,4.562,1.257,0.342,22317.953,703.471,0.077,Alto,Alta
Croatia,2001.0,HRV,4301079.0,57633269426.0,20.776,4.83,17.604,1.907,11.605,4.851,1.443,0.36,23602.438,724.247,0.081,Alto,Alta
Croatia,2002.0,HRV,4305783.0,61317061359.0,21.916,5.09,18.982,2.318,12.147,5.025,1.424,0.357,23601.307,746.163,0.083,Alto,Alta
Croatia,2003.0,HRV,4306683.0,65731224853.0,23.226,5.393,20.012,2.6,13.34,4.905,1.427,0.353,24687.121,769.389,0.084,Alto,Alta
Croatia,2004.0,HRV,4310050.0,69483828958.0,22.853,5.302,21.462,2.77,12.3,5.256,1.51,0.329,25647.283,792.242,0.08,Alto,Alta
Croatia,2005.0,HRV,4313946.0,73522772944.0,23.296,5.4,21.681,2.747,12.851,5.116,1.542,0.317,25332.936,815.537,0.079,Alto,Alta
Croatia,2006.0,HRV,4315802.0,78256427771.0,23.496,5.444,22.214,2.555,13.159,5.06,1.635,0.3,25012.688,839.034,0.077,Alto,Media
Croatia,2007.0,HRV,4315959.0,83591431787.0,24.802,5.747,28.085,2.777,13.442,5.871,1.662,0.297,25128.795,863.835,0.079,Alto,Media
Croatia,2008.0,HRV,4314635.0,86620961215.0,23.516,5.45,24.272,2.849,12.447,5.693,1.568,0.271,24999.676,887.351,0.073,Alto,Media
Croatia,2009.0,HRV,4310537.0,81451695571.0,21.752,5.046,22.716,2.029,12.426,5.256,1.247,0.267,24704.299,909.103,0.069,Alto,Media
Croatia,2010.0,HRV,4301150.0,81303793822.0,20.978,4.877,21.442,2.738,10.561,5.712,1.21,0.258,25170.996,930.081,0.063,Alto,Media
Croatia,2011.0,HRV,4280827.0,82302805353.0,20.615,4.816,22.657,2.794,10.42,5.564,1.082,0.25,22063.092,950.696,0.06,Alto,Media
Croatia,2012.0,HRV,4259233.0,80383800465.0,19.05,4.473,29.969,2.484,9.71,5.195,1.035,0.237,20565.84,969.746,0.054,Alto,Media
Croatia,2013.0,HRV,4242403.0,80064089923.0,18.401,4.337,23.056,2.678,9.073,4.912,1.141,0.23,22645.891,988.147,0.052,Alto,Media
Croatia,2014.0,HRV,4219485.0,79720242860.0,17.65,4.183,22.864,2.57,8.96,4.305,1.225,0.221,22753.666,1005.797,0.05,Alto,Media
Croatia,2015.0,HRV,4183732.0,81731110395.0,17.794,4.253,23.475,2.376,9.389,4.461,1.169,0.218,21755.668,1023.591,0.05,Alto,Media
Croatia,2016.0,HRV,4136438.0,84640158587.0,18.079,4.371,22.128,2.561,9.34,4.729,1.077,0.214,22901.484,1041.671,0.051,Alto,Media
Croatia,2017.0,HRV,4079198.0,87528490789.0,18.713,4.587,22.6,1.551,9.982,5.432,1.287,0.214,23235.795,1060.384,0.052,Alto,Media
Croatia,2018.0,HRV,4024868.0,89979865983.0,17.695,4.396,21.914,1.449,9.556,5.042,1.211,0.197,24388.486,1078.078,0.048,Alto,Media
Croatia,2019.0,HRV,3986338.0,93057982684.0,17.82,4.47,23.555,1.678,9.286,5.243,1.184,0.191,24035.391,1095.899,0.048,Alto,Media
Croatia,2020.0,HRV,3953956.0,85073361985.0,16.87,4.267,21.732,1.424,8.271,5.521,1.213,0.198,23110.643,1112.769,0.048,Alto,Media
Croatia,2021.0,HRV,3924607.0,96194363488.0,17.403,4.434,21.445,1.652,8.725,5.351,1.205,0.181,25050.172,1130.172,0.047,Alto,Media
Croatia,2022.0,HRV,3907031.0,102284645672.0,17.585,4.501,21.561,1.613,9.469,4.885,1.099,0.172,23846.066,1147.757,0.047,Alto,Media
Croatia,2023.0,HRV,3896023.0,25109158672.042297,18.468,4.74,22.536,1.378,10.306,5.214,1.118,0.40992013707220176,26982.51,1166.224,0.048,,
Croatia,2024.0,HRV,3875325.0,24967976332.79559,18.465,4.765,22.456,0.908,11.089,4.932,1.083,0.4108328428183354,26615.488,1184.689,0.048,,
Cuba,1950.0,CUB,5924519.0,15260830000.0,5.641,0.952,62.883,0.165,5.32,0.2175064982903233,0.156,0.37,4286.307965368412,112.753,0.095,Medio,Alta
Cuba,1951.0,CUB,6042205.0,15696288000.0,6.469,1.071,63.203,0.238,6.042,0.122089848391709,0.189,0.412,4730.555497768067,119.222,0.101,Medio,Alta
Cuba,1952.0,CUB,6162183.0,17086752000.0,6.282,1.019,90.003,0.15,5.925,0.2286426502580774,0.207,0.368,4626.296306488394,125.504,0.097,Medio,Alta
Cuba,1953.0,CUB,6285749.0,16002819000.0,6.191,0.985,62.976,0.114,5.877,0.15394172631902148,0.2,0.387,4376.505245557864,131.694,0.093,Medio,Alta
Cuba,1954.0,CUB,6412849.0,16329194000.0,5.949,0.928,56.83,0.095,5.646,0.1864636105029681,0.207,0.364,4161.739219212146,137.643,0.088,Medio,Alta
Cuba,1955.0,CUB,6543104.0,16833078000.0,6.777,1.036,49.238,0.084,6.478,0.07981113586723787,0.214,0.403,4542.5625561578345,144.42,0.091,Medio,Alta
Cuba,1956.0,CUB,6676062.0,17845620000.0,5.842,0.875,44.134,0.051,5.496,0.22447001416324808,0.294,0.327,3974.198579053632,150.261,0.074,Medio,Alta
Cuba,1957.0,CUB,6811726.0,19405002000.0,13.866,2.036,49.56,0.381,13.165,-0.6387556934303569,0.32,0.715,8532.455477440975,164.127,0.169,Medio,Alta
Cuba,1958.0,CUB,6950291.0,19761486000.0,17.995,2.589,54.88,0.128,17.514,-1.0948521860487759,0.352,0.911,10678.450367249872,182.122,0.214,Medio,Alta
Cuba,1959.0,CUB,7092337.0,20744406000.0,15.665,2.209,49.143,0.154,15.202,-0.7855890690119174,0.309,0.755,9235.371669805994,197.786,0.177,Medio,Alta
Cuba,1960.0,CUB,7238083.0,21038838000.0,13.687,1.891,44.661,0.114,13.377,-0.5795795757888988,0.196,0.651,7927.236782102829,211.473,0.146,Medio,Alta
Cuba,1961.0,CUB,7387120.0,21887112000.0,12.168,1.647,63.107,0.425,11.315,-0.3392925728252134,0.429,0.556,7069.709455902434,223.642,0.129,Medio,Alta
Cuba,1962.0,CUB,7541103.0,21573396000.0,14.155,1.877,79.496,0.125,13.645,-0.5703343644212782,0.385,0.656,7882.040518961168,237.796,0.145,Medio,Alta
Cuba,1963.0,CUB,7701665.0,21933570000.0,13.026,1.691,128.974,0.187,12.439,-0.3814519818326516,0.4,0.594,7151.165864349019,250.822,0.127,Medio,Alta
Cuba,1964.0,CUB,7866016.0,24038696000.0,14.279,1.815,79.1,0.238,13.641,-0.4838246764853411,0.4,0.594,7723.788773047265,265.101,0.132,Medio,Alta
Cuba,1965.0,CUB,8030806.0,24117280000.0,14.594,1.817,58.918,0.242,13.956,-0.5492147239262568,0.396,0.605,7670.115272361889,279.695,0.129,Medio,Alta
Cuba,1966.0,CUB,8193453.0,25432225000.0,15.169,1.851,74.81,0.169,14.605,-0.5445572679089459,0.396,0.596,7852.521622316901,294.865,0.128,Medio,Alta
Cuba,1967.0,CUB,8352627.0,28396971000.0,15.737,1.884,82.976,0.245,15.491,-0.499721021769838,0.0,0.554,8065.465529153636,310.602,0.129,Medio,Alta
Cuba,1968.0,CUB,8509522.0,26749036000.0,16.02,1.883,74.547,0.154,15.48,-0.5963726526902613,0.385,0.599,7958.868085949949,326.621,0.124,Medio,Alta
Cuba,1969.0,CUB,8666638.0,26416677000.0,17.243,1.99,105.718,0.183,16.675,-0.7026014768103703,0.385,0.653,8280.912369745663,343.864,0.125,Medio,Alta
Cuba,1970.0,CUB,8824389.0,25423968000.0,18.654,2.114,82.726,0.172,18.115,-0.9316242074387953,0.367,0.734,8566.663765638852,362.518,0.125,Medio,Alta
Cuba,1971.0,CUB,8979089.0,27402709000.0,19.589,2.182,132.646,0.139,19.075,0.004,0.371,0.715,8725.154760903404,382.107,0.126,Medio,Alta
Cuba,1972.0,CUB,9123895.0,28723990000.0,20.777,2.277,121.73,0.139,19.896,0.015,0.728,0.723,9258.415522794341,402.885,0.128,Medio,Alta
Cuba,1973.0,CUB,9255332.0,31374000000.0,22.375,2.418,84.227,0.121,21.482,0.029,0.743,0.713,10019.422676279255,425.26,0.131,Medio,Alta
Cuba,1974.0,CUB,9374184.0,33025959000.0,22.888,2.442,93.172,0.125,21.826,0.037,0.9,0.693,10232.138381923347,448.148,0.135,Medio,Alta
Cuba,1975.0,CUB,9479729.0,34668371000.0,27.039,2.852,102.144,0.15,25.824,0.033,1.032,0.78,12180.737212938237,475.187,0.159,Medio,Alta
Cuba,1976.0,CUB,9571240.0,35656548000.0,27.197,2.842,82.078,0.128,25.787,0.04,1.241,0.763,12193.596372721891,502.384,0.152,Medio,Alta
Cuba,1977.0,CUB,9648443.0,37306542000.0,29.374,3.044,72.286,0.234,27.788,0.033,1.319,0.787,13187.180060117855,531.759,0.16,Medio,Alta
Cuba,1978.0,CUB,9711985.0,39617820000.0,30.661,3.157,67.861,0.242,29.048,0.022,1.349,0.774,13783.292956858704,562.42,0.161,Medio,Alta
Cuba,1979.0,CUB,9763358.0,40596015000.0,31.685,3.245,71.486,0.202,30.151,0.033,1.299,0.78,14204.281975016162,594.104,0.162,Medio,Alta
Cuba,1980.0,CUB,9804798.0,39614688000.0,31.374,3.2,67.712,0.253,29.678,0.033,1.41,0.792,13585.013,625.478,0.162,Medio,Alta
Cuba,1981.0,CUB,9849325.0,42900520000.0,32.723,3.322,78.84,0.253,30.803,0.026,1.642,0.763,13752.267,658.202,0.173,Medio,Alta
Cuba,1982.0,CUB,9912681.0,43936704000.0,34.527,3.483,81.343,0.344,32.587,0.018,1.577,0.786,14794.88,692.729,0.184,Medio,Alta
Cuba,1983.0,CUB,9991027.0,46518335000.0,30.821,3.085,70.394,0.238,28.957,0.015,1.611,0.663,13507.265,723.55,0.163,Medio,Alta
Cuba,1984.0,CUB,10073306.0,50424133000.0,32.581,3.234,77.33,0.267,30.635,0.007,1.671,0.646,13880.552,756.131,0.167,Medio,Alta
Cuba,1985.0,CUB,10157229.0,51630080000.0,32.556,3.205,91.125,0.275,30.678,0.011,1.592,0.631,13999.875,788.686,0.162,Medio,Alta
Cuba,1986.0,CUB,10244250.0,51678725000.0,33.547,3.275,101.957,0.264,31.62,0.011,1.652,0.649,14244.851,822.233,0.164,Medio,Alta
Cuba,1987.0,CUB,10335337.0,50233473000.0,33.933,3.283,89.612,0.282,31.837,0.044,1.77,0.676,13910.086,856.166,0.161,Medio,Alta
Cuba,1988.0,CUB,10432590.0,51847708000.0,35.616,3.414,79.282,0.304,33.485,0.04,1.787,0.687,13974.234,891.783,0.162,Medio,Alta
Cuba,1989.0,CUB,10533249.0,52350599000.0,35.719,3.391,75.178,0.443,33.639,0.062,1.574,0.682,14112.1,927.502,0.161,Medio,Alta
Cuba,1990.0,CUB,10631796.0,49943661000.0,29.638,2.788,67.633,0.55,27.513,0.07,1.505,0.593,13684.609,957.14,0.13,Medio,Alta
Cuba,1991.0,CUB,10717640.0,42598295390.0,26.961,2.516,72.751,0.161,25.875,0.07,0.855,0.633,12630.26,984.101,0.116,Medio,Alta
Cuba,1992.0,CUB,10785807.0,36651621015.0,20.754,1.924,58.088,0.333,19.841,0.04,0.54,0.566,11170.141,1004.855,0.092,Medio,Alta
Cuba,1993.0,CUB,10841040.0,28833506799.0,19.79,1.825,52.435,0.187,19.042,0.044,0.517,0.686,10860.575,1024.645,0.087,Medio,Alta
Cuba,1994.0,CUB,10886022.0,29226990747.0,21.426,1.968,53.249,0.282,20.537,0.037,0.571,0.733,10939.621,1046.072,0.093,Medio,Alta
Cuba,1995.0,CUB,10925362.0,31242330737.0,22.868,2.093,47.652,0.256,21.852,0.033,0.727,0.732,11108.557,1068.94,0.097,Medio,Alta
Cuba,1996.0,CUB,10962009.0,35625751288.0,23.304,2.126,63.151,0.066,22.482,0.037,0.719,0.654,11413.409,1092.244,0.096,Medio,Alta
Cuba,1997.0,CUB,10997933.0,37729137308.0,24.824,2.257,53.909,0.088,23.724,0.07,0.942,0.658,12515.4,1117.067,0.102,Medio,Alta
Cuba,1998.0,CUB,11034716.0,37789591716.0,24.309,2.203,55.099,0.103,23.12,0.231,0.855,0.643,11870.953,1141.376,0.1,Medio,Alta
Cuba,1999.0,CUB,11072230.0,40250898358.0,24.489,2.212,47.568,0.117,22.596,0.883,0.893,0.608,10232.663,1165.865,0.099,Medio,Alta
Cuba,2000.0,CUB,11109112.0,44692111238.0,25.299,2.277,65.532,0.081,23.307,1.103,0.809,0.566,9865.099,1191.164,0.099,Medio,Alta
Cuba,2001.0,CUB,11144134.0,47301967982.0,24.681,2.215,52.818,0.099,22.64,1.143,0.799,0.522,9057.511,1215.845,0.096,Medio,Alta
Cuba,2002.0,CUB,11177422.0,48976944311.0,25.179,2.253,47.509,0.088,22.988,1.121,0.982,0.514,9133.567,1241.024,0.096,Medio,Alta
Cuba,2003.0,CUB,11209379.0,50659542457.0,25.554,2.28,45.405,0.081,23.285,1.264,0.925,0.504,9241.056,1266.579,0.092,Medio,Alta
Cuba,2004.0,CUB,11238756.0,51357046933.0,24.54,2.183,47.851,0.092,22.157,1.352,0.94,0.478,9339.649,1291.119,0.086,Medio,Alta
Cuba,2005.0,CUB,11262553.0,53114045326.0,25.706,2.282,45.483,0.051,23.164,1.425,1.066,0.484,9173.879,1316.825,0.087,Medio,Alta
Cuba,2006.0,CUB,11278550.0,61018245782.0,26.781,2.375,43.19,0.07,23.493,2.081,1.137,0.439,8924.525,1343.606,0.088,Medio,Alta
Cuba,2007.0,CUB,11287274.0,63463487934.0,25.724,2.279,41.771,0.073,22.149,2.338,1.164,0.405,9002.153,1369.33,0.082,Medio,Alta
Cuba,2008.0,CUB,11291764.0,67603097135.0,27.738,2.456,42.348,0.092,24.34,2.228,1.079,0.41,10292.886,1397.068,0.087,Medio,Alta
Cuba,2009.0,CUB,11294719.0,70355905283.0,28.261,2.502,41.802,0.088,24.934,2.217,1.023,0.402,10366.752,1425.329,0.09,Medio,Alta
Cuba,2010.0,CUB,11297414.0,74083580619.0,33.042,2.925,45.839,0.077,29.979,2.059,0.927,0.446,11787.549,1458.371,0.099,Medio,Alta
Cuba,2011.0,CUB,11301578.0,78036992000.0,29.076,2.573,35.656,0.018,26.161,1.957,0.94,0.373,10581.127,1487.447,0.084,Medio,Alta
Cuba,2012.0,CUB,11303172.0,80388156000.0,29.476,2.608,41.973,0.015,26.425,1.986,0.954,0.367,11512.604,1516.923,0.084,Medio,Alta
Cuba,2013.0,CUB,11298163.0,83013750000.0,27.894,2.469,39.601,0.033,24.794,2.045,0.921,0.336,11051.086,1544.817,0.079,Medio,Alta
Cuba,2014.0,CUB,11285780.0,85723464000.0,27.366,2.425,40.126,0.004,24.179,2.305,0.713,0.319,11269.271,1572.183,0.077,Medio,Alta
Cuba,2015.0,CUB,11275069.0,88467246000.0,29.091,2.58,39.459,0.018,25.86,2.389,0.67,0.329,11314.926,1601.275,0.082,Medio,Alta
Cuba,2016.0,CUB,11265615.0,88635596816.0,27.772,2.465,48.563,0.007,24.736,2.275,0.672,0.313,8825.617,1629.047,0.078,Alto,Alta
Cuba,2017.0,CUB,11247824.0,90020495157.0,24.559,2.183,41.107,0.011,21.878,2.019,0.644,0.273,9404.827,1653.606,0.068,Alto,Media
Cuba,2018.0,CUB,11227116.0,91854653880.0,23.019,2.05,42.99,0.015,20.401,1.861,0.716,0.251,9396.204,1676.625,0.063,Alto,Media
Cuba,2019.0,CUB,11202847.0,91703236400.0,22.487,2.007,38.938,0.0,19.998,1.825,0.633,0.245,8404.184,1699.112,0.061,Alto,Media
Cuba,2020.0,CUB,11176349.0,81663255167.0,21.281,1.904,35.842,0.004,19.075,1.718,0.457,0.261,7528.675,1720.393,0.061,Medio,Media
Cuba,2021.0,CUB,11122169.0,82687389665.0,22.549,2.027,35.894,0.011,20.441,1.656,0.368,0.273,6848.439,1742.942,0.061,Medio,Media
Cuba,2022.0,CUB,11059822.0,84154971449.0,23.259,2.103,37.367,0.004,21.244,1.619,0.306,0.276,7764.905,1766.201,0.062,Medio,Media
Cuba,2023.0,CUB,11019932.0,73585543409.08795,23.47,2.13,38.551,0.004,21.201,1.847,0.306,0.21402342804662777,7640.304,1789.671,0.062,,
Cuba,2024.0,CUB,10979781.0,73314091092.50899,24.44,2.226,39.441,0.004,22.015,2.024,0.306,0.21408448921654527,10255.794846941906,1814.111,0.063,,
Curacao,1950.0,CUW,101781.0,-508031370.428653,6.132,60.252,-104.17105873813296,0.0,6.132,0.0,0.0,4.356175758382921,269330.79703254736,6.132,0.103,,
Curacao,1951.0,CUW,104422.0,-362565608.29181767,9.672,92.622,-163.72386356353644,0.0,9.672,0.0,0.0,6.61641773313985,414790.1096542383,15.804,0.152,,
Curacao,1952.0,CUW,107182.0,-503342722.26375914,5.584,52.102,-85.93728264847098,0.0,5.584,0.0,0.0,3.7850526003114657,232695.0920243501,21.389,0.086,,
Curacao,1953.0,CUW,110061.0,-457654218.88716626,6.463,58.723,-97.16348268377364,0.0,6.463,0.0,0.0,4.246924656901964,262457.49191775126,27.852,0.097,,
Curacao,1954.0,CUW,113030.0,-213158288.20815086,13.073,115.662,-200.69489772097361,0.0,13.073,0.0,0.0,8.223032951836196,518380.8874361948,40.925,0.193,,
Curacao,1955.0,CUW,116117.0,-280907890.9858794,10.814,93.128,-155.39039358349842,0.0,10.814,0.0,0.0,6.646856943967861,417055.3841684378,51.739,0.145,,
Curacao,1956.0,CUW,119319.0,-164257019.4844668,13.986,117.212,-194.67245833679848,0.0,13.986,0.0,0.0,8.326367266863745,525263.4229909611,65.724,0.176,,
Curacao,1957.0,CUW,122607.0,-296623174.6789315,9.552,77.91,-123.79353605381002,0.0,9.552,0.0,0.0,5.581611832092913,348661.7870184159,75.277,0.117,,
Curacao,1958.0,CUW,125993.0,-318837028.83141565,8.367,66.412,-102.13627972538512,0.0,8.367,0.0,0.0,4.778046546360116,296996.21670353867,83.644,0.099,,
Curacao,1959.0,CUW,129454.0,-229140967.04628205,10.771,83.202,-128.30354037996622,0.0,10.771,0.0,0.0,5.948561190738462,372444.4511996153,94.415,0.122,,
Curacao,1960.0,CUW,132198.0,-262215930.5946784,9.261,70.058,-104.30035209070066,0.0,9.261,0.0,0.0,5.030073641168819,313366.2830176204,103.677,0.099,,
Curacao,1961.0,CUW,134313.0,-240291551.7955737,9.666,71.963,-106.62360164005611,0.0,9.666,0.0,0.0,5.162375963161614,321939.8526759811,113.342,0.103,,
Curacao,1962.0,CUW,136469.0,-202690096.0065298,10.615,77.781,-114.54172055909429,0.0,10.615,0.0,0.0,5.567203226760628,348077.7919970975,123.957,0.109,,
Curacao,1963.0,CUW,138536.0,-205887106.06739235,10.168,73.394,-105.77266242887876,0.0,10.168,0.0,0.0,5.259963885573737,328350.5204451323,134.125,0.099,,
Curacao,1964.0,CUW,140541.0,-204245537.98834872,9.886,70.343,-99.30278183231616,0.0,9.886,0.0,0.0,5.045991263684361,314626.7636716032,144.011,0.091,,
Curacao,1965.0,CUW,142471.0,-222944421.9953177,8.87,62.255,-85.45444964482088,0.0,8.87,0.0,0.0,4.481015385479817,278279.4660102231,152.88,0.078,,
Curacao,1966.0,CUW,144331.0,-229132747.64043045,8.294,57.465,-77.04350951688855,0.0,8.294,0.0,0.0,4.146198610596349,256753.24710046183,161.174,0.07,,
Curacao,1967.0,CUW,146110.0,-167950850.31368804,10.217,69.925,-94.69363005709816,0.0,10.217,0.0,0.0,5.013974483063571,312725.26338838344,171.391,0.083,,
Curacao,1968.0,CUW,147813.0,-178603340.1312611,9.5,64.272,-85.13045766567743,0.0,9.5,0.0,0.0,4.61898305454209,287322.3111241412,180.891,0.074,,
Curacao,1969.0,CUW,149407.0,-93156221.69349599,12.433,83.218,-111.17543666474207,0.0,12.433,0.0,0.0,5.938163802493808,372408.7948282451,193.325,0.09,,
Curacao,1970.0,CUW,150885.0,-47875476.72595239,13.906,92.163,-122.08611097472036,0.0,13.906,0.0,0.0,6.5599485666514905,412560.45930677355,207.231,0.093,,
Curacao,1971.0,CUW,152199.0,-88687839.47021842,12.103,79.519,-103.02890842031486,0.0,12.103,0.0,0.0,5.677887920152057,355762.87514161726,219.333,0.078,,
Curacao,1972.0,CUW,153294.0,-92892668.41464567,11.735,76.554,-97.81826996048682,0.0,11.735,0.0,0.0,5.47027726708428,342434.5731686463,231.069,0.072,,
Curacao,1973.0,CUW,154096.0,-56215707.37041688,13.018,84.481,-107.91352816581042,0.0,13.018,0.0,0.0,6.02147078513705,378023.85380515375,244.087,0.076,,
Curacao,1974.0,CUW,154689.0,-84438473.28024292,11.8,76.279,-96.47623771279774,0.0,11.8,0.0,0.0,5.4495435895426185,341195.3718433248,255.886,0.069,,
Curacao,1975.0,CUW,155208.0,-164426404.80687213,8.545,55.056,-67.19537974235037,0.0,8.545,0.0,0.0,3.9707084174629195,245885.55825492315,264.431,0.05,,
Curacao,1976.0,CUW,155635.0,83446661.92270374,18.254,117.284,-151.74175997189067,0.0,18.254,0.0,0.0,8.30422621521219,525341.9278609888,282.685,0.102,,
Curacao,1977.0,CUW,155980.0,-135246794.81759572,9.534,61.123,-74.937404537233,0.0,9.534,0.0,0.0,4.391703470398463,273124.77493570634,292.219,0.052,,
Curacao,1978.0,CUW,156265.0,-169360960.8480971,8.119,51.96,-62.29047280549918,0.0,8.119,0.0,0.0,3.7529716290865864,231971.9220946854,300.338,0.043,,
Curacao,1979.0,CUW,156492.0,-158088400.85779452,8.517,54.428,-65.46603863427985,0.0,8.517,0.0,0.0,3.924373686505805,243052.5341805227,308.856,0.044,,
Curacao,1980.0,CUW,156665.0,-150899597.74590898,8.765,55.951,-67.52805348365106,0.0,8.765,0.0,0.0,4.030038262286582,249893.7497434762,317.621,0.045,,
Curacao,1981.0,CUW,156805.0,-160576084.49680352,8.349,53.245,-64.16607343175751,0.0,8.349,0.0,0.0,3.841343529099344,237751.7745055623,325.97,0.044,,
Curacao,1982.0,CUW,156850.0,-135569451.93826485,9.335,59.515,-72.87323896288437,0.0,9.335,0.0,0.0,4.277740044226874,265916.34201959334,335.305,0.05,,
Curacao,1983.0,CUW,156837.0,-249500781.21390533,4.798,30.59,-33.80361966510922,0.0,4.798,0.0,0.0,2.2628420680310373,136018.31924819888,340.103,0.025,,
Curacao,1984.0,CUW,156797.0,-69421163.46161842,11.98,76.406,-95.54022244229996,0.0,11.98,0.0,0.0,5.453276001248543,341764.03157020436,352.083,0.062,,
Curacao,1985.0,CUW,156713.0,-18524071.249034166,14.022,89.478,-112.90307917636416,0.0,14.022,0.0,0.0,6.362854103118952,400456.0397108264,366.105,0.07,,
Curacao,1986.0,CUW,156598.0,-303910371.24267054,2.688,17.166,-16.0233230666378,0.0,2.688,0.0,0.0,1.3266135565242354,75740.16817527701,368.794,0.013,,
Curacao,1987.0,CUW,156456.0,-312316756.04943204,2.39,15.275,-13.444596792123512,0.0,2.39,0.0,0.0,1.1947650700076482,67246.66609409098,371.183,0.011,,
Curacao,1988.0,CUW,156259.0,-314475055.1768656,2.354,15.066,-13.254430185219501,0.0,2.354,0.0,0.0,1.1801382162138747,66309.82189748187,373.538,0.011,,
Curacao,1989.0,CUW,156031.0,-262280742.09117317,4.481,28.721,-31.405571194350237,0.0,4.481,0.0,0.0,2.1307855176422454,127619.24230885619,378.019,0.02,,
Curacao,1990.0,CUW,155750.0,-255952625.72736812,4.799,30.813,-34.2395353584604,0.0,4.799,0.0,0.0,2.2762359607258005,137011.3170321132,382.818,0.021,,
Curacao,1991.0,CUW,155455.0,-282269443.7306235,3.83,24.634,-26.1765451846834,0.0,3.83,0.0,0.0,1.8458424889199592,109270.63905449571,386.647,0.017,,
Curacao,1992.0,CUW,155101.0,-301564085.4041188,3.155,20.342,-20.55833319394217,0.0,3.155,0.0,0.0,1.5468460309150298,90000.59048570556,389.802,0.014,,
Curacao,1993.0,CUW,154504.0,-261618547.26144314,4.87,31.523,-35.577616922000395,0.0,4.87,0.0,0.0,2.3252284170637565,140199.91115550319,394.673,0.021,,
Curacao,1994.0,CUW,153677.0,-271722179.77928495,4.669,30.384,-34.27643933321651,0.0,4.669,0.0,0.0,2.2457523291815864,135085.88451321976,399.342,0.02,,
Curacao,1995.0,CUW,152705.0,-278821315.17485905,4.621,30.259,-34.415954168438425,0.0,4.621,0.0,0.0,2.236933718464413,134526.1855629683,403.963,0.02,,
Curacao,1996.0,CUW,151582.0,-293323647.0835643,4.322,28.515,-32.229445655077996,0.0,4.322,0.0,0.0,2.1152862187732704,126692.361157334,408.285,0.018,,
Curacao,1997.0,CUW,150316.0,-295722967.97490525,4.523,30.093,-34.72674678417477,0.0,4.523,0.0,0.0,2.2250803974233953,133777.72042698314,412.809,0.019,,
Curacao,1998.0,CUW,148874.0,-417360663.7119951,0.25,1.677,3.944969685777952,0.0,0.25,0.0,0.0,0.24610631393493512,6203.415678683474,413.059,0.001,,
Curacao,1999.0,CUW,147276.0,-384841491.86298573,1.871,12.704,-11.385622628898243,0.0,1.871,0.0,0.0,1.0140645563425843,55709.43104648891,414.929,0.008,,
Curacao,2000.0,CUW,145540.0,-312422670.5249541,4.964,34.11,-41.10601535704469,0.0,4.964,0.0,0.0,2.504641619556387,151797.52771996584,419.894,0.019,,
Curacao,2001.0,CUW,144758.0,-314538872.5221009,5.055,34.922,-42.614907555638446,0.0,5.055,0.0,0.0,2.5611099678337763,155446.85534218818,424.949,0.02,,
Curacao,2002.0,CUW,145911.0,-312665635.60311604,4.874,33.401,-40.23941712794763,0.0,4.874,0.0,0.0,2.454868039603085,148620.75031720093,429.823,0.019,,
Curacao,2003.0,CUW,147923.0,-300662032.26118374,4.877,32.969,-39.063336854372125,0.0,4.877,0.0,0.0,2.4243438349297195,146680.36995975513,434.7,0.018,,
Curacao,2004.0,CUW,149805.0,-283168019.88611794,5.117,34.157,-40.14233579945663,0.0,5.117,0.0,0.0,2.5066432092155755,152012.8344245585,439.817,0.018,,
Curacao,2005.0,CUW,151324.0,-275349930.0429406,5.071,33.514,-38.840297767656956,0.0,5.071,0.0,0.0,2.461471446574934,149125.62296502545,444.888,0.017,,
Curacao,2006.0,CUW,152516.0,-262737486.5370984,5.285,34.655,-40.01076454788638,0.0,5.285,0.0,0.0,2.540537823385176,154246.92763969378,450.173,0.017,,
Curacao,2007.0,CUW,153672.0,-238861560.86984277,5.95,38.72,-45.1111161159445,0.0,5.95,0.0,0.0,2.8232008654651333,172496.8719005214,456.124,0.019,,
Curacao,2008.0,CUW,154784.0,-238146838.9391744,5.723,36.975,-42.563642835605556,0.0,5.723,0.0,0.0,2.7013690559308183,164665.94866949267,461.847,0.018,,
Curacao,2009.0,CUW,155832.0,-228617829.05613732,5.856,37.58,-43.25876040883025,0.0,5.856,0.0,0.0,2.743232275408411,167388.38461525386,467.703,0.019,,
Curacao,2010.0,CUW,156881.0,-268166824.50856853,4.034,25.713,-27.54344995448605,0.0,4.034,0.0,0.0,1.9167673593428205,114114.70491253903,471.737,0.012,,
Curacao,2011.0,CUW,158572.0,-230130013.42931652,5.146,32.452,-35.7996048228652,0.0,5.146,0.0,0.0,2.3855049717815975,144366.44417363996,476.883,0.015,,
Curacao,2012.0,CUW,160904.0,-186429463.4088235,6.287,39.076,-87.89183700954425,-12.746294793814524,6.287,12.458156869177433,0.0,2.840199486548177,175947.83116051755,483.17,0.018,,
Curacao,2013.0,CUW,163122.0,-181953664.25716734,5.932,36.366,-82.48862376333932,-12.443337220962558,5.932,12.215543387310952,0.0,2.6501988664073477,163808.825295563,489.102,0.017,,
Curacao,2014.0,CUW,165041.0,-149978550.39676404,6.797,41.182,-90.71964326193743,-13.017604217318992,6.797,12.673568079612258,0.0,2.9867149420573647,185387.05573919034,495.899,0.019,,
Curacao,2015.0,CUW,166621.0,-129840677.39862323,7.332,44.002,-53.032784947603915,-0.2696098983735036,7.057,0.275,0.0,3.191056892362064,196043.43431301368,503.231,0.021,,
Curacao,2016.0,CUW,167787.0,-149486677.77945352,6.203,36.97,-37.5664512678314,-0.05997590169095979,5.928,0.275,0.0,2.692741229137851,164655.36574893474,509.434,0.018,,
Curacao,2017.0,CUW,168525.0,-173850627.7072873,4.968,29.482,-20.070563885782803,0.15767452914875424,4.829,0.139,0.0,2.1621741693449628,131210.5224658561,514.402,0.014,,
Curacao,2018.0,CUW,181590.0,-107170206.23679876,4.324,23.809,-5.430939239466532,0.3144548929293913,4.221,0.103,0.0,1.7598207626354176,105883.081058769,518.726,0.012,,
Curacao,2019.0,CUW,189555.0,-96786135.53491116,2.396,12.641,19.38691594687973,0.6483468860011699,2.396,0.0,0.0,0.9687925227056271,56013.786375051044,521.122,0.006,,
Curacao,2020.0,CUW,185029.0,-132889521.51232624,2.008,10.852,-35.18356544022615,-9.52585781147159,2.008,9.886158336857607,0.0,0.8632819021480251,49509.4147739762,523.13,0.006,,
Curacao,2021.0,CUW,185324.0,-128154902.8323245,2.14,11.546,-36.285157462987804,-9.61088327366544,2.14,9.954072624505304,0.0,0.9116802946319993,52617.622398177526,525.27,0.006,,
Curacao,2022.0,CUW,185350.0,-126506547.93357992,2.209,11.92,-36.913962206415086,-9.6575907469126,2.209,9.991542743318512,0.0,0.9377243684463301,54292.996832961435,527.479,0.006,,
Curacao,2023.0,CUW,185437.0,-126027772.63759756,2.205,11.89,-36.895357335316106,-9.656366370200416,2.205,9.990809593530798,0.0,0.9355371086474598,54159.35763167481,529.684,0.006,,
Curacao,2024.0,CUW,185482.0,-123936097.3558774,2.29,12.344,-37.6424513995575,-9.712769906973797,2.29,10.035992866676734,0.0,0.967165217721754,56192.9714653915,531.974,0.006,,
Cyprus,1950.0,CYP,493883.0,1425190000.0,0.267,0.542,2.028,0.004,0.264,0.776577868659991,0.0,0.188,2531.9320778620363,0.267,0.005,Medio,Media
Cyprus,1951.0,CYP,501062.0,1396564000.0,0.282,0.563,1.965,0.004,0.278,0.7529445427364964,0.0,0.202,2578.4880279177046,0.55,0.004,Medio,Media
Cyprus,1952.0,CYP,508693.0,1532636000.0,0.315,0.619,1.991,0.011,0.304,0.7511146608200205,0.0,0.206,2833.2917974558695,0.865,0.005,Medio,Media
Cyprus,1953.0,CYP,516733.0,1686110000.0,0.366,0.709,2.073,0.007,0.359,0.7392911260828662,0.0,0.217,3224.7855647804663,1.231,0.006,Medio,Media
Cyprus,1954.0,CYP,525118.0,1719101000.0,0.443,0.844,2.211,0.004,0.44,0.6756053562322746,0.0,0.258,3727.6435849238924,1.674,0.007,Medio,Media
Cyprus,1955.0,CYP,533874.0,1780800000.0,0.451,0.844,2.274,0.0,0.451,0.684651500520625,0.0,0.253,3738.9364562765695,2.125,0.006,Medio,Media
Cyprus,1956.0,CYP,543081.0,1976768000.0,0.674,1.241,2.535,0.015,0.641,0.5623684315646106,0.018,0.341,5329.6870950818975,2.799,0.009,Medio,Alta
Cyprus,1957.0,CYP,552831.0,2101008000.0,0.817,1.477,2.684,0.004,0.78,0.4961792627212551,0.033,0.389,6286.732157183437,3.616,0.01,Medio,Alta
Cyprus,1958.0,CYP,563291.0,2042280000.0,0.765,1.359,2.572,0.004,0.722,0.5087512973583408,0.04,0.375,5774.805893904829,4.381,0.009,Medio,Alta
Cyprus,1959.0,CYP,574569.0,2162538000.0,0.831,1.447,2.517,0.004,0.788,0.4991524797972611,0.04,0.384,6157.893438708964,5.213,0.009,Medio,Alta
Cyprus,1960.0,CYP,586493.0,2003208000.0,0.886,1.511,2.274,0.0,0.843,0.39709049895581683,0.044,0.442,6265.755672052508,6.099,0.009,Medio,Alta
Cyprus,1961.0,CYP,595522.0,2225101546.0,0.864,1.451,2.06,0.0,0.817,0.4907254007783196,0.047,0.388,6164.374141910878,6.963,0.009,Medio,Alta
Cyprus,1962.0,CYP,601471.0,2425536000.0,0.905,1.504,2.216,0.0,0.857,0.5235876805287839,0.047,0.373,6463.281251317697,7.868,0.009,Medio,Alta
Cyprus,1963.0,CYP,607254.0,2575512846.0,0.985,1.622,2.113,0.0,0.938,0.5145448173167033,0.047,0.383,6989.3816126504025,8.853,0.01,Medio,Alta
Cyprus,1964.0,CYP,612531.0,2328991500.0,1.0,1.633,1.997,0.0,0.964,0.42939186916051253,0.036,0.429,6880.2368614998695,9.853,0.009,Medio,Alta
Cyprus,1965.0,CYP,617743.0,2850609941.0,1.15,1.862,2.101,0.0,1.103,0.45821880827854844,0.047,0.403,7576.371,11.003,0.01,Medio,Alta
Cyprus,1966.0,CYP,623394.0,3024385000.0,1.242,1.992,2.229,0.004,1.191,0.4887530274845293,0.047,0.411,8563.817,12.245,0.01,Medio,Alta
Cyprus,1967.0,CYP,629255.0,3435760939.0,1.362,2.165,2.299,0.0,1.271,0.5129587353622791,0.091,0.396,9196.994,13.607,0.011,Medio,Alta
Cyprus,1968.0,CYP,635164.0,3593772027.0,1.622,2.554,2.536,0.004,1.502,0.38620573257346513,0.116,0.451,10119.043,15.23,0.013,Medio,Alta
Cyprus,1969.0,CYP,641196.0,3928192557.0,1.67,2.604,2.542,0.004,1.546,0.5552193054380142,0.12,0.425,11836.933,16.899,0.012,Medio,Alta
Cyprus,1970.0,CYP,647443.0,4050213839.0,1.703,2.63,2.549,0.0,1.572,0.5986051439893327,0.131,0.42,12363.76,18.602,0.011,Medio,Alta
Cyprus,1971.0,CYP,654058.0,4575363509.0,1.884,2.88,2.708,0.004,1.729,0.7233802782994265,0.15,0.412,14598.88,20.486,0.012,Medio,Alta
Cyprus,1972.0,CYP,661067.0,4890776604.0,2.406,3.639,3.23,0.007,2.187,0.5053648540384353,0.211,0.492,16241.959,22.892,0.015,Medio,Alta
Cyprus,1973.0,CYP,665946.0,5016050893.0,2.504,3.759,2.123,0.004,2.272,0.5434631575849123,0.228,0.499,17297.453,25.395,0.015,Medio,Alta
Cyprus,1974.0,CYP,663265.0,4166472179.0,1.929,2.908,0.212,0.0,1.755,0.6974601988992112,0.174,0.463,15398.195,27.324,0.011,Medio,Alta
Cyprus,1975.0,CYP,659408.0,3374844000.0,1.991,3.019,0.134,0.0,1.674,0.2642112661226993,0.316,0.59,12936.193,29.315,0.012,Medio,Alta
Cyprus,1976.0,CYP,662045.0,3981887037.0,2.488,3.758,0.735,0.0,1.953,0.002323392187275841,0.535,0.625,13100.408,31.802,0.014,Medio,Alta
Cyprus,1977.0,CYP,667104.0,4610073788.0,2.7,4.048,1.018,0.004,2.129,0.10658577589097495,0.568,0.586,14685.842,34.502,0.015,Medio,Alta
Cyprus,1978.0,CYP,672259.0,4962457000.0,2.845,4.232,1.298,0.0,2.253,0.092221750523801,0.592,0.573,14941.394,37.347,0.015,Medio,Alta
Cyprus,1979.0,CYP,677552.0,5452555880.0,3.045,4.495,1.595,0.0,2.437,0.03990908465846332,0.609,0.559,15043.617,40.393,0.016,Alto,Alta
Cyprus,1980.0,CYP,683082.0,5774561000.0,3.261,4.773,2.137,0.0,2.59,-0.05190470653091861,0.67,0.565,15047.482,43.654,0.017,Alto,Alta
Cyprus,1981.0,CYP,688895.0,5950995135.0,3.096,4.494,2.271,0.0,2.528,0.03687815939294259,0.567,0.52,14307.252,46.749,0.016,Alto,Alta
Cyprus,1982.0,CYP,696503.0,6324783176.0,3.157,4.533,2.321,0.0,2.568,0.2789638203327528,0.589,0.499,16961.58,49.906,0.017,Alto,Alta
Cyprus,1983.0,CYP,707224.0,6661699071.0,3.151,4.456,2.286,0.0,2.627,0.3901524400083126,0.524,0.473,17576.723,53.058,0.017,Alto,Alta
Cyprus,1984.0,CYP,719345.0,7250067276.0,3.235,4.497,2.178,0.139,2.616,0.41709199636216254,0.479,0.446,17533.297,56.292,0.017,Alto,Alta
Cyprus,1985.0,CYP,731290.0,7589592356.0,3.145,4.301,2.174,0.198,2.572,0.6081519877306796,0.375,0.414,18549.932,59.437,0.016,Alto,Alta
Cyprus,1986.0,CYP,743116.0,7878650000.0,3.606,4.853,2.684,0.147,2.968,0.40743152733108123,0.492,0.458,19032.611,63.043,0.018,Alto,Alta
Cyprus,1987.0,CYP,754796.0,8435045112.0,4.185,5.544,3.351,0.4,3.293,0.4664987975195878,0.492,0.496,22894.695,67.228,0.02,Alto,Alta
Cyprus,1988.0,CYP,766238.0,9131655040.0,4.198,5.478,3.474,0.242,3.451,0.5684785618740533,0.504,0.46,23289.115,71.426,0.019,Alto,Alta
Cyprus,1989.0,CYP,777429.0,9870457157.0,4.43,5.698,3.823,0.198,3.62,0.537002128328058,0.612,0.449,23554.605,75.856,0.02,Alto,Alta
Cyprus,1990.0,CYP,788355.0,10601790424.0,4.648,5.896,4.076,0.232,3.697,0.002,0.668,0.438,24449.057,80.503,0.02,Alto,Alta
Cyprus,1991.0,CYP,798950.0,10802933313.0,5.136,6.429,4.653,0.232,4.227,0.001,0.629,0.475,24422.248,85.639,0.022,Alto,Alta
Cyprus,1992.0,CYP,810344.0,11948250048.0,5.509,6.798,5.104,0.062,4.718,0.002,0.686,0.461,28132.1,91.148,0.024,Alto,Alta
Cyprus,1993.0,CYP,826042.0,12173586499.0,5.753,6.964,5.485,0.074,4.882,0.002,0.747,0.473,28679.145,96.901,0.025,Alto,Alta
Cyprus,1994.0,CYP,844669.0,13051263000.0,5.995,7.097,5.613,0.065,5.101,0.002,0.784,0.459,28096.639,102.896,0.026,Alto,Alta
Cyprus,1995.0,CYP,862698.0,14530339515.0,5.866,6.799,5.62,0.048,5.022,0.002,0.751,0.404,29246.24,108.762,0.025,Alto,Alta
Cyprus,1996.0,CYP,880295.0,14861081660.0,6.216,7.061,5.992,0.043,5.319,0.001,0.811,0.418,29086.635,114.978,0.026,Alto,Alta
Cyprus,1997.0,CYP,897574.0,15384666855.0,6.302,7.022,6.312,0.045,5.437,0.001,0.78,0.41,28801.662,121.28,0.026,Alto,Alta
Cyprus,1998.0,CYP,914552.0,16341391926.0,6.597,7.213,6.477,0.062,5.757,0.001,0.74,0.404,30010.984,127.877,0.027,Alto,Alta
Cyprus,1999.0,CYP,931235.0,17289794170.0,6.863,7.37,6.957,0.072,6.009,0.001,0.74,0.397,31013.311,134.74,0.028,Alto,Alta
Cyprus,2000.0,CYP,947667.0,18447964503.0,7.107,7.499,7.177,0.117,6.185,0.002,0.763,0.385,31932.213,141.847,0.028,Alto,Alta
Cyprus,2001.0,CYP,964129.0,19289559263.0,6.98,7.239,6.976,0.127,6.066,0.0,0.745,0.362,31748.504,148.827,0.027,Alto,Alta
Cyprus,2002.0,CYP,981443.0,20131146271.0,7.172,7.308,8.095,0.127,6.226,0.0,0.766,0.356,30756.688,155.999,0.027,Alto,Alta
Cyprus,2003.0,CYP,999600.0,20821863547.0,7.561,7.564,8.332,0.127,6.612,0.001,0.751,0.363,32101.143,163.559,0.027,Alto,Alta
Cyprus,2004.0,CYP,1017875.0,21975893073.0,7.787,7.65,8.887,0.137,6.764,0.001,0.808,0.354,30679.959,171.347,0.027,Alto,Alta
Cyprus,2005.0,CYP,1036156.0,23006188640.0,7.952,7.674,8.432,0.152,6.938,0.001,0.788,0.346,33771.734,179.298,0.027,Alto,Alta
Cyprus,2006.0,CYP,1054424.0,24267407225.0,8.183,7.761,8.665,0.151,7.129,0.001,0.821,0.337,32635.766,187.481,0.027,Alto,Alta
Cyprus,2007.0,CYP,1072727.0,25673703212.0,8.475,7.9,8.71,0.119,7.457,0.001,0.812,0.33,32614.639,195.956,0.027,Alto,Alta
Cyprus,2008.0,CYP,1091029.0,26913613219.0,8.692,7.966,9.184,0.111,7.679,0.001,0.818,0.323,32863.738,204.648,0.027,Alto,Alta
Cyprus,2009.0,CYP,1109377.0,26682210733.0,8.438,7.606,8.487,0.059,7.651,0.001,0.673,0.316,31552.451,213.086,0.027,Alto,Alta
Cyprus,2010.0,CYP,1127826.0,27285556934.0,8.072,7.157,8.495,0.071,7.41,0.001,0.555,0.296,30196.178,221.158,0.024,Alto,Media
Cyprus,2011.0,CYP,1146493.0,27627899267.0,7.792,6.797,8.166,0.031,7.189,0.001,0.546,0.282,29415.918,228.95,0.023,Alto,Media
Cyprus,2012.0,CYP,1165403.0,26675451028.0,7.262,6.231,7.46,0.001,6.732,0.001,0.505,0.272,27119.346,236.212,0.021,Alto,Media
Cyprus,2013.0,CYP,1183899.0,24918237857.0,6.578,5.556,6.732,0.001,5.811,0.001,0.752,0.264,23885.867,242.79,0.019,Alto,Media
Cyprus,2014.0,CYP,1201806.0,24475580582.0,6.93,5.766,8.149,0.009,5.934,0.0,0.974,0.283,23543.232,249.72,0.02,Alto,Media
Cyprus,2015.0,CYP,1219504.0,25312505108.0,6.952,5.701,7.483,0.015,6.049,0.0,0.877,0.275,23931.43,256.672,0.02,Alto,Media
Cyprus,2016.0,CYP,1237114.0,26976335005.0,7.35,5.941,8.469,0.002,6.451,0.0,0.883,0.272,25654.014,264.022,0.021,Alto,Media
Cyprus,2017.0,CYP,1254274.0,28523085691.0,7.469,5.955,8.889,0.012,6.518,0.0,0.923,0.262,25987.689,271.492,0.021,Alto,Media
Cyprus,2018.0,CYP,1270743.0,30134014224.0,7.324,5.764,8.528,0.054,6.402,0.0,0.848,0.243,25545.797,278.816,0.02,Alto,Media
Cyprus,2019.0,CYP,1286669.0,31800247242.0,7.324,5.693,8.968,0.068,6.442,0.0,0.789,0.23,25253.969,286.14,0.02,Alto,Media
Cyprus,2020.0,CYP,1302250.0,30409793367.0,6.903,5.301,8.569,0.056,5.945,0.0,0.882,0.227,21717.27,293.043,0.02,Alto,Media
Cyprus,2021.0,CYP,1317311.0,32428676744.0,6.951,5.276,8.718,0.159,5.894,0.0,0.879,0.214,22653.711,299.994,0.019,Alto,Media
Cyprus,2022.0,CYP,1331376.0,34255009922.0,7.071,5.311,8.979,0.123,6.047,0.0,0.88,0.206,23790.744,307.065,0.019,Alto,Media
Cyprus,2023.0,CYP,1344981.0,7740023875.671133,7.188,5.344,9.322,0.101,6.126,0.0,0.938,0.4997072785976211,23877.699,314.253,0.019,,
Cyprus,2024.0,CYP,1358287.0,7831204203.534626,7.299,5.374,9.493,0.057,6.282,0.0,0.938,0.49993084134321164,24551.195,321.552,0.019,,
Czechia,1950.0,CZE,8916715.0,59290330644.37901,57.851,6.488,74.968,55.879,1.324,0.033,0.614,0.5858080066470917,31844.826146301126,2749.424,0.975,,
Czechia,1951.0,CZE,8997247.0,59839921026.85517,61.649,6.852,76.161,59.591,1.307,0.068,0.682,0.6080308457451264,33322.93473937754,2811.072,0.966,,
Czechia,1952.0,CZE,9077207.0,60386015671.27745,65.916,7.262,80.968,63.536,1.543,0.111,0.726,0.6382475393080538,35333.882346122715,2876.988,1.019,,
Czechia,1953.0,CZE,9152603.0,60900123650.17007,68.319,7.464,83.813,65.818,1.591,0.148,0.762,0.6501006115359127,36229.0825893678,2945.307,1.027,,
Czechia,1954.0,CZE,9221188.0,61368929687.17615,72.957,7.912,89.397,70.029,1.937,0.152,0.84,0.682039383400151,38380.0686581849,3018.265,1.075,,
Czechia,1955.0,CZE,9289429.0,61834274236.479004,75.746,8.154,92.64,72.652,1.994,0.152,0.948,0.6904448621874106,39103.53996227386,3094.01,1.018,,
Czechia,1956.0,CZE,9358023.0,62303318843.16419,81.286,8.686,98.943,77.843,2.167,0.243,1.033,0.7243530909209668,41386.41325666265,3175.296,1.026,,
Czechia,1957.0,CZE,9418969.0,62719648663.842224,84.897,9.013,102.757,80.322,2.639,0.728,1.209,0.743750269467198,42936.11615327577,3260.194,1.037,,
Czechia,1958.0,CZE,9469710.0,63068344635.2305,92.773,9.797,111.478,87.482,2.759,1.175,1.357,0.7998795668600462,46626.39287384247,3352.967,1.102,,
Czechia,1959.0,CZE,9508387.0,63331581059.26588,92.879,9.768,119.226,86.515,3.412,1.397,1.555,0.7875901172424535,46350.071895011206,3445.846,1.049,,
Czechia,1960.0,CZE,9541605.0,63560198256.41045,99.081,10.384,126.8,91.617,4.436,1.356,1.672,0.8250654218908748,49025.37892182259,3544.928,1.056,,
Czechia,1961.0,CZE,9573386.0,63780182553.54479,107.528,11.232,132.606,98.637,5.796,1.325,1.77,0.8853290113046162,53100.794467609216,3652.455,1.142,,
Czechia,1962.0,CZE,9597463.0,63947047130.166954,114.592,11.94,139.4,104.271,7.31,1.119,1.892,0.9304530561462174,56314.857451428776,3767.047,1.176,,
Czechia,1963.0,CZE,9627331.0,64152662234.04543,120.515,12.518,145.099,109.788,7.968,1.045,1.713,0.9635629072422138,58698.40051342959,3887.562,1.174,,
Czechia,1964.0,CZE,9668745.0,64436507567.40883,125.44,12.974,149.879,112.662,9.97,0.989,1.82,0.9852870245025871,60655.87424439876,4013.002,1.159,,
Czechia,1965.0,CZE,9706844.0,64687335431.87282,122.23,12.592,145.883,108.901,10.543,0.892,1.894,0.9655772232407596,48293.57,4135.232,1.081,,
Czechia,1966.0,CZE,9736244.0,64887861999.73679,121.57,12.486,144.888,107.444,11.099,0.991,2.036,0.9453981697878497,48507.875,4256.802,1.025,,
Czechia,1967.0,CZE,9758984.0,65042101485.85878,121.312,12.431,144.467,104.567,13.378,1.216,2.151,0.9313717874888621,47642.266,4378.113,0.991,,
Czechia,1968.0,CZE,9775112.0,65153837817.09781,126.921,12.984,150.882,109.142,14.136,1.479,2.165,0.9627976519281571,49604.77,4505.035,0.983,,
Czechia,1969.0,CZE,9787790.0,65242176404.73567,134.732,13.765,159.144,113.77,16.882,1.828,2.251,1.0093022847049375,51649.352,4639.767,0.979,,
Czechia,1970.0,CZE,9801253.0,85688633425.0,154.465,15.76,179.424,128.616,21.374,1.997,2.478,1.803,53755.527,4794.232,1.037,Alto,Alta
Czechia,1971.0,CZE,9822783.0,90161721788.0,162.014,16.494,187.479,132.324,24.748,2.313,2.63,1.797,56369.074,4956.247,1.045,Alto,Alta
Czechia,1972.0,CZE,9858071.0,94933134863.0,163.482,16.584,189.085,131.021,27.293,2.542,2.626,1.722,56486.242,5119.729,1.008,Alto,Alta
Czechia,1973.0,CZE,9906214.0,99378514863.0,164.134,16.569,189.589,127.837,30.829,2.764,2.704,1.652,56546.789,5283.862,0.961,Alto,Alta
Czechia,1974.0,CZE,9965950.0,104186936984.0,166.025,16.659,191.355,127.443,32.33,3.397,2.855,1.594,56810.586,5449.888,0.977,Alto,Alta
Czechia,1975.0,CZE,10030787.0,110000271248.0,173.691,17.316,199.415,131.205,35.776,3.787,2.922,1.579,58749.09,5623.579,1.022,Alto,Alta
Czechia,1976.0,CZE,10092941.0,114359898556.0,180.427,17.877,207.181,134.858,38.317,4.294,2.959,1.578,60015.082,5804.006,1.01,Alto,Alta
Czechia,1977.0,CZE,10149369.0,118223719564.0,185.803,18.307,213.588,136.732,40.659,5.431,2.982,1.572,61644.078,5989.81,1.012,Alto,Alta
Czechia,1978.0,CZE,10200753.0,123116431801.0,187.483,18.379,215.375,140.019,38.299,6.095,3.07,1.523,62191.742,6177.293,0.985,Alto,Alta
Czechia,1979.0,CZE,10246154.0,124798624929.0,182.571,17.819,211.191,134.551,38.298,6.68,3.043,1.463,62570.734,6359.864,0.936,Alto,Alta
Czechia,1980.0,CZE,10275404.0,126921718828.0,184.691,17.974,213.152,136.648,36.472,8.486,3.085,1.455,60419.594,6544.556,0.952,Alto,Alta
Czechia,1981.0,CZE,10289518.0,126726010277.0,182.673,17.753,211.092,136.671,35.571,7.378,3.053,1.441,59888.645,6727.229,0.968,Alto,Alta
Czechia,1982.0,CZE,10299006.0,124767552965.0,180.877,17.563,209.54,136.714,33.372,7.882,2.909,1.45,59132.363,6908.105,0.966,Alto,Alta
Czechia,1983.0,CZE,10302947.0,126785025540.0,181.107,17.578,210.231,138.082,32.276,7.845,2.904,1.428,59204.168,7089.212,0.958,Alto,Alta
Czechia,1984.0,CZE,10303816.0,129617868735.0,187.201,18.168,217.087,141.097,34.482,8.756,2.866,1.444,61171.719,7276.413,0.962,Alto,Alta
Czechia,1985.0,CZE,10305141.0,132537133916.0,184.633,17.917,214.312,138.694,34.406,8.788,2.745,1.393,61281.047,7461.046,0.917,Alto,Alta
Czechia,1986.0,CZE,10304374.0,136190031570.0,185.887,18.04,215.113,140.955,32.4,9.826,2.706,1.365,61969.156,7646.934,0.91,Alto,Alta
Czechia,1987.0,CZE,10303422.0,139350917529.0,183.677,17.827,212.912,138.703,32.369,9.932,2.674,1.318,63401.766,7830.611,0.87,Alto,Alta
Czechia,1988.0,CZE,10305448.0,142237370686.0,180.664,17.531,209.784,137.654,30.271,9.966,2.773,1.27,63666.672,8011.275,0.824,Alto,Alta
Czechia,1989.0,CZE,10305609.0,144679286083.0,172.367,16.726,200.957,131.249,27.256,11.155,2.708,1.191,61713.973,8183.642,0.776,Alto,Alta
Czechia,1990.0,CZE,10301989.0,146168284839.0,164.252,15.944,189.796,123.419,22.471,12.564,2.489,1.124,53071.695,8347.895,0.723,Alto,Alta
Czechia,1991.0,CZE,10304420.0,130499462994.0,148.886,14.449,171.517,112.711,19.764,12.294,2.309,1.141,48293.75,8496.781,0.642,Alto,Alta
Czechia,1992.0,CZE,10312449.0,131496641304.0,145.708,14.129,166.624,105.791,21.152,14.721,2.468,1.108,46834.602,8642.489,0.647,Alto,Alta
Czechia,1993.0,CZE,10320404.0,133342958573.0,140.126,13.578,159.965,100.747,20.343,15.317,2.195,1.051,46406.059,8782.614,0.616,Alto,Alta
Czechia,1994.0,CZE,10322332.0,139002246482.0,132.67,12.853,152.066,94.922,19.745,14.225,2.208,0.954,45194.73,8915.285,0.577,Alto,Alta
Czechia,1995.0,CZE,10312041.0,149541611781.0,131.624,12.764,150.354,94.834,17.604,15.63,2.005,0.88,47150.117,9046.909,0.56,Alto,Alta
Czechia,1996.0,CZE,10296140.0,157900113788.0,135.019,13.114,155.432,95.219,17.985,18.041,2.116,0.855,48845.676,9181.929,0.557,Alto,Alta
Czechia,1997.0,CZE,10280049.0,158827904845.0,130.942,12.737,151.384,90.923,17.635,18.435,2.083,0.824,46918.055,9312.87,0.537,Alto,Alta
Czechia,1998.0,CZE,10265430.0,160364287569.0,125.717,12.247,146.113,83.666,19.533,18.424,2.068,0.784,45616.305,9438.587,0.517,Alto,Alta
Czechia,1999.0,CZE,10251385.0,164728010192.0,116.669,11.381,137.009,75.616,18.559,18.475,1.963,0.708,43797.691,9555.256,0.47,Alto,Alta
Czechia,2000.0,CZE,10236809.0,174309526192.0,127.233,12.429,149.077,86.836,18.139,18.134,1.937,0.73,46352.703,9682.489,0.499,Alto,Alta
Czechia,2001.0,CZE,10231942.0,181753179328.0,127.165,12.428,142.29,84.798,19.236,19.3,1.629,0.7,47427.164,9809.654,0.495,Alto,Alta
Czechia,2002.0,CZE,10239474.0,187044887124.0,123.988,12.109,137.871,82.673,19.177,18.539,1.403,0.663,47537.262,9933.643,0.472,Alto,Alta
Czechia,2003.0,CZE,10248907.0,196328003846.0,127.592,12.449,141.623,83.968,20.924,18.974,1.485,0.65,50205.371,10061.234,0.461,Alto,Alta
Czechia,2004.0,CZE,10261453.0,208725903761.0,128.314,12.504,142.915,83.408,21.916,19.12,1.627,0.615,51437.602,10189.548,0.448,Alto,Alta
Czechia,2005.0,CZE,10280155.0,225302570264.0,125.713,12.229,139.747,80.604,22.518,18.759,1.625,0.558,50547.094,10315.262,0.425,Alto,Alta
Czechia,2006.0,CZE,10304592.0,243991794814.0,126.533,12.279,142.158,81.885,22.236,18.415,1.748,0.519,51380.527,10441.794,0.414,Alto,Alta
Czechia,2007.0,CZE,10337539.0,260673045889.0,128.364,12.417,144.65,83.628,22.976,17.459,2.043,0.492,50660.535,10570.158,0.408,Alto,Alta
Czechia,2008.0,CZE,10378298.0,271709547503.0,122.928,11.845,139.543,78.66,22.808,17.298,1.996,0.452,49489.691,10693.085,0.384,Alto,Alta
Czechia,2009.0,CZE,10420985.0,261919697582.0,114.972,11.033,131.543,73.287,21.89,16.315,1.566,0.439,47290.25,10808.058,0.365,Alto,Alta
Czechia,2010.0,CZE,10464035.0,271231988282.0,117.464,11.226,135.664,74.554,21.02,18.398,1.469,0.433,49087.086,10925.521,0.353,Alto,Alta
Czechia,2011.0,CZE,10495508.0,279082754736.0,115.178,10.974,134.901,73.749,20.802,16.825,1.665,0.413,47827.676,11040.699,0.334,Alto,Alta
Czechia,2012.0,CZE,10507339.0,276891945353.0,111.276,10.59,132.114,70.768,20.305,16.624,1.517,0.402,47532.332,11151.976,0.318,Alto,Alta
Czechia,2013.0,CZE,10511164.0,276764861619.0,106.71,10.152,128.309,66.87,19.66,16.826,1.332,0.386,46638.129,11258.686,0.303,Alto,Alta
Czechia,2014.0,CZE,10517223.0,283025537919.0,104.233,9.911,127.731,64.905,20.702,15.113,1.483,0.368,45633.422,11362.917,0.294,Alto,Alta
Czechia,2015.0,CZE,10524418.0,298276052489.0,104.99,9.976,131.744,64.322,21.211,15.909,1.558,0.352,44726.094,11467.907,0.297,Alto,Alta
Czechia,2016.0,CZE,10531946.0,305844147713.0,106.636,10.125,130.009,64.728,21.24,17.008,1.698,0.349,44091.977,11574.544,0.301,Alto,Alta
Czechia,2017.0,CZE,10541343.0,321652381589.0,107.736,10.22,127.198,64.307,22.011,17.713,1.728,0.335,46538.844,11682.279,0.299,Alto,Alta
Czechia,2018.0,CZE,10548934.0,332009886797.0,106.322,10.079,123.044,63.573,22.221,16.641,1.868,0.32,46357.695,11788.602,0.289,Alto,Alta
Czechia,2019.0,CZE,10554872.0,342069373423.0,100.997,9.569,116.227,57.468,22.341,17.361,1.977,0.295,45278.137,11889.6,0.272,Alto,Media
Czechia,2020.0,CZE,10550129.0,323245433506.0,91.661,8.688,104.534,49.727,20.963,17.431,1.891,0.284,41949.023,11981.261,0.261,Alto,Media
Czechia,2021.0,CZE,10530683.0,334729441747.0,96.629,9.176,109.205,51.406,22.437,19.045,1.958,0.289,44290.191,12077.89,0.262,Alto,Media
Czechia,2022.0,CZE,10673216.0,342966849621.0,95.04,8.905,106.471,52.909,22.765,15.805,1.847,0.277,42043.363,12172.93,0.253,Alto,Media
Czechia,2023.0,CZE,10809722.0,72199753971.08398,83.232,7.7,93.041,43.042,23.309,14.059,1.483,0.16393605851697246,38043.734,12256.162,0.218,,
Czechia,2024.0,CZE,10735857.0,71695804487.94955,75.623,7.044,84.448,34.352,24.407,14.041,1.483,0.10874089390450395,36589.773,12331.785,0.196,,
Democratic Republic of Congo,1950.0,COD,12294293.0,12334004402.0,1.48,0.12,189.581,0.964,0.429,0.7369013063669468,0.087,0.12,868.6264488561142,6.641,0.025,Bajo,Baja
Democratic Republic of Congo,1951.0,COD,12542651.0,13762654409.0,1.747,0.139,208.265,1.059,0.586,0.7345237898108168,0.102,0.127,944.6230739905163,8.388,0.027,Bajo,Baja
Democratic Republic of Congo,1952.0,COD,12803638.0,15016505200.0,2.084,0.163,220.124,1.335,0.629,0.7196261527227461,0.12,0.139,1036.6327566062087,10.472,0.032,Bajo,Baja
Democratic Republic of Congo,1953.0,COD,13069453.0,15882645200.0,2.289,0.175,229.392,1.364,0.801,0.7092418698322851,0.123,0.144,1085.0551493559578,12.761,0.034,Bajo,Baja
Democratic Republic of Congo,1954.0,COD,13343040.0,16826792062.0,2.816,0.211,255.355,1.572,1.074,0.6823576569051464,0.171,0.167,1217.3419566363482,15.577,0.041,Bajo,Media
Democratic Republic of Congo,1955.0,COD,13630350.0,17494504980.0,3.388,0.249,269.605,2.034,1.154,0.6418500920491264,0.2,0.194,1320.7879637651731,18.965,0.046,Bajo,Media
Democratic Republic of Congo,1956.0,COD,13929950.0,18677357859.0,3.175,0.228,282.875,1.715,1.235,0.68692785775081,0.225,0.17,1288.0095349643107,22.139,0.04,Bajo,Media
Democratic Republic of Congo,1957.0,COD,14242284.0,19269901439.0,3.329,0.234,302.077,1.781,1.319,0.6923283774859048,0.229,0.173,1313.0919238769957,25.468,0.041,Bajo,Media
Democratic Republic of Congo,1958.0,COD,14557795.0,18708993187.0,2.926,0.201,323.665,1.369,1.365,0.7356129909588169,0.192,0.156,1199.8151353675767,28.394,0.035,Bajo,Media
Democratic Republic of Congo,1959.0,COD,14891587.0,19357339283.0,2.699,0.181,325.784,1.257,1.271,0.7596252780405073,0.171,0.139,1136.9547191260308,31.093,0.03,Bajo,Baja
Democratic Republic of Congo,1960.0,COD,15264853.0,19799695046.0,2.319,0.152,450.394,1.041,1.18,0.9398792352295806,0.098,0.117,1082.117509135369,33.412,0.025,Bajo,Baja
Democratic Republic of Congo,1961.0,COD,15662373.0,17659763917.0,2.355,0.15,308.466,1.057,1.229,0.7253428404002065,0.069,0.133,972.0558823681486,35.767,0.025,Bajo,Baja
Democratic Republic of Congo,1962.0,COD,16075729.0,21385908285.0,2.172,0.135,244.736,0.839,1.235,0.6896634707229471,0.098,0.102,975.3101646702758,37.939,0.022,Bajo,Baja
Democratic Republic of Congo,1963.0,COD,16507610.0,22497905625.0,2.293,0.139,189.139,0.818,1.354,0.6058944023269379,0.12,0.102,977.1233085808612,40.232,0.022,Bajo,Baja
Democratic Republic of Congo,1964.0,COD,16955329.0,21953286615.0,1.974,0.116,163.715,0.94,0.921,0.5964475700974107,0.113,0.09,880.0320447987403,42.206,0.018,Bajo,Baja
Democratic Republic of Congo,1965.0,COD,17427807.0,22174079484.0,2.469,0.142,148.144,1.178,1.167,0.5187683585844294,0.123,0.111,936.149158239637,44.674,0.022,Bajo,Baja
Democratic Republic of Congo,1966.0,COD,17931933.0,23676300562.0,2.403,0.134,143.036,0.909,1.363,0.5068595277941711,0.131,0.101,925.6221583848269,47.077,0.02,Bajo,Baja
Democratic Republic of Congo,1967.0,COD,18462787.0,23450700984.0,2.289,0.124,139.952,0.949,1.194,0.4998623859020612,0.145,0.098,885.4436148806371,49.365,0.019,Bajo,Baja
Democratic Republic of Congo,1968.0,COD,19012194.0,24458477769.0,3.366,0.177,138.222,0.74,2.481,0.3634876062959972,0.145,0.138,1025.1691813975885,52.732,0.026,Bajo,Baja
Democratic Republic of Congo,1969.0,COD,19570447.0,26727661375.0,3.648,0.186,138.136,0.887,2.601,0.3450179530566153,0.16,0.136,1069.2963573473166,56.38,0.027,Bajo,Baja
Democratic Republic of Congo,1970.0,COD,20137442.0,26659889015.0,2.71,0.135,145.996,0.788,1.715,0.4295187853842347,0.207,0.102,922.1388681530225,59.089,0.018,Bajo,Baja
Democratic Republic of Congo,1971.0,COD,20695568.0,28362505212.0,2.959,0.143,125.835,0.876,1.858,0.3791373372681339,0.225,0.104,945.5780398511333,62.048,0.019,Bajo,Baja
Democratic Republic of Congo,1972.0,COD,21251166.0,28414472353.0,3.017,0.142,126.533,0.85,1.931,0.35742323364467476,0.236,0.106,935.6663196684922,65.065,0.019,Bajo,Baja
Democratic Republic of Congo,1973.0,COD,21827663.0,30887354267.0,3.189,0.146,129.587,0.828,2.096,0.34257151037608735,0.265,0.103,963.5717341406071,68.254,0.019,Bajo,Baja
Democratic Republic of Congo,1974.0,COD,22418883.0,31926197750.0,3.365,0.15,123.262,0.832,2.224,0.3094100245414122,0.309,0.105,982.2391033236063,71.619,0.02,Bajo,Baja
Democratic Republic of Congo,1975.0,COD,23021102.0,30364744703.0,3.233,0.14,127.846,0.671,2.253,0.2952253289042821,0.309,0.106,936.6380066896972,74.852,0.019,Bajo,Baja
Democratic Republic of Congo,1976.0,COD,23624035.0,28598780460.0,3.405,0.144,128.674,0.876,2.209,0.25675494648686237,0.32,0.119,909.1461780479199,78.257,0.019,Bajo,Baja
Democratic Republic of Congo,1977.0,COD,24229060.0,28761570972.0,3.477,0.144,129.404,0.887,2.352,0.22981299686157397,0.238,0.121,884.5010522053863,81.734,0.019,Bajo,Baja
Democratic Republic of Congo,1978.0,COD,24992694.0,27125445474.0,3.526,0.141,126.086,0.843,2.459,0.18275432355115784,0.225,0.13,839.4361242024856,85.26,0.019,Bajo,Baja
Democratic Republic of Congo,1979.0,COD,25886782.0,27103820642.0,3.74,0.144,142.801,0.747,2.781,0.15123877816666342,0.212,0.138,827.8131008688972,89.0,0.019,Bajo,Baja
Democratic Republic of Congo,1980.0,COD,26711098.0,27648955310.0,3.485,0.13,145.251,0.843,2.437,0.0,0.206,0.126,661.587,92.485,0.018,Bajo,Baja
Democratic Republic of Congo,1981.0,COD,27500518.0,28317622265.0,3.755,0.137,137.817,0.861,2.667,0.0,0.227,0.133,661.008,96.24,0.02,Bajo,Baja
Democratic Republic of Congo,1982.0,COD,28338193.0,28196936250.0,3.047,0.108,146.458,0.824,1.975,0.0,0.248,0.108,658.424,99.287,0.016,Bajo,Baja
Democratic Republic of Congo,1983.0,COD,29250969.0,28585207599.0,3.998,0.137,148.526,0.806,2.961,0.0,0.231,0.14,647.446,103.285,0.021,Bajo,Baja
Democratic Republic of Congo,1984.0,COD,30245088.0,30141793796.0,3.932,0.13,149.031,0.824,2.869,0.0,0.238,0.13,610.594,107.217,0.02,Bajo,Baja
Democratic Republic of Congo,1985.0,COD,31264819.0,30309891292.0,3.612,0.116,147.735,0.822,2.597,0.0,0.194,0.119,583.266,110.829,0.018,Bajo,Baja
Democratic Republic of Congo,1986.0,COD,32265200.0,31729260722.0,3.346,0.104,142.319,0.839,2.316,0.0,0.191,0.105,600.694,114.174,0.016,Bajo,Baja
Democratic Republic of Congo,1987.0,COD,33298910.0,32572619437.0,3.816,0.115,146.768,0.85,2.755,0.0,0.21,0.117,541.198,117.99,0.018,Bajo,Baja
Democratic Republic of Congo,1988.0,COD,34382756.0,32745571687.0,3.978,0.116,139.899,0.931,2.84,0.0,0.208,0.121,608.579,121.968,0.018,Bajo,Baja
Democratic Republic of Congo,1989.0,COD,35486863.0,32549358351.0,4.352,0.123,146.236,0.843,3.32,0.0,0.19,0.134,579.85,126.32,0.02,Bajo,Baja
Democratic Republic of Congo,1990.0,COD,36684065.0,31745582566.0,4.249,0.116,164.674,0.89,3.169,0.0,0.189,0.134,539.134,130.569,0.019,Bajo,Baja
Democratic Republic of Congo,1991.0,COD,37925828.0,29817690890.0,3.133,0.083,164.488,0.0,3.03,0.0,0.102,0.105,480.604,133.702,0.013,Bajo,Baja
Democratic Republic of Congo,1992.0,COD,39228908.0,27407295375.0,2.808,0.072,157.195,0.0,2.737,0.0,0.071,0.102,503.619,136.51,0.012,Bajo,Baja
Democratic Republic of Congo,1993.0,COD,40656338.0,24338479562.0,2.662,0.065,187.972,0.0,2.601,0.0,0.061,0.109,483.297,139.172,0.012,Bajo,Baja
Democratic Republic of Congo,1994.0,COD,42626873.0,23485765006.0,2.751,0.065,196.555,0.0,1.63,0.0,0.068,0.117,381.959,141.923,0.012,Bajo,Baja
Democratic Republic of Congo,1995.0,COD,44433718.0,24780657990.0,3.096,0.07,202.618,0.0,2.008,0.0,0.096,0.125,384.43,145.019,0.013,Bajo,Baja
Democratic Republic of Congo,1996.0,COD,45296125.0,24914388506.0,3.473,0.077,199.537,0.0,2.213,0.0,0.098,0.139,393.99,148.492,0.014,Bajo,Baja
Democratic Republic of Congo,1997.0,COD,46029907.0,23716345473.0,3.089,0.067,237.411,0.0,1.825,0.0,0.051,0.13,372.767,151.581,0.013,Bajo,Baja
Democratic Republic of Congo,1998.0,COD,47297595.0,23460462170.0,2.733,0.058,245.242,0.0,1.601,0.0,0.054,0.117,343.645,154.315,0.011,Bajo,Baja
Democratic Republic of Congo,1999.0,COD,48912972.0,23134197386.0,2.199,0.045,252.428,0.0,1.253,0.0,0.064,0.095,352.612,156.514,0.009,Bajo,Baja
Democratic Republic of Congo,2000.0,COD,50507445.0,21854113779.0,1.705,0.034,254.825,0.0,0.824,0.0,0.068,0.078,187.429,158.219,0.007,Bajo,Baja
Democratic Republic of Congo,2001.0,COD,52132646.0,21977293171.0,1.647,0.032,224.64,0.0,0.689,0.0,0.081,0.075,172.268,159.866,0.006,Bajo,Baja
Democratic Republic of Congo,2002.0,COD,53750529.0,23244764997.0,1.734,0.032,220.432,0.005,0.744,0.0,0.106,0.075,178.125,161.6,0.007,Bajo,Baja
Democratic Republic of Congo,2003.0,COD,55343873.0,25228484809.0,2.096,0.038,241.723,0.002,0.905,0.0,0.132,0.083,188.633,163.697,0.008,Bajo,Baja
Democratic Republic of Congo,2004.0,COD,56997740.0,27653538438.0,2.028,0.036,226.027,0.006,0.989,0.0,0.16,0.073,208.237,165.724,0.007,Bajo,Baja
Democratic Republic of Congo,2005.0,COD,58775726.0,30164653557.0,2.287,0.039,223.733,0.023,1.238,0.0,0.207,0.076,229.068,168.012,0.008,Bajo,Baja
Democratic Republic of Congo,2006.0,COD,60615909.0,32708306949.0,2.352,0.039,233.263,0.02,1.326,0.022,0.204,0.072,246.067,170.364,0.008,Bajo,Baja
Democratic Republic of Congo,2007.0,COD,62477753.0,35814302298.0,2.623,0.042,234.391,0.03,1.447,0.044,0.205,0.073,245.084,172.987,0.008,Bajo,Baja
Democratic Republic of Congo,2008.0,COD,64390658.0,39245769597.0,2.685,0.042,470.831,0.034,1.608,0.044,0.158,0.068,223.665,175.672,0.008,Bajo,Baja
Democratic Republic of Congo,2009.0,COD,66412038.0,41718890407.0,2.446,0.037,692.648,0.024,1.473,0.044,0.177,0.059,201.906,178.118,0.008,Bajo,Baja
Democratic Republic of Congo,2010.0,COD,68563038.0,46223524668.0,2.735,0.04,808.961,0.037,1.729,0.044,0.189,0.059,238.127,180.853,0.008,Bajo,Baja
Democratic Republic of Congo,2011.0,COD,70849311.0,51169100367.0,3.041,0.043,917.24,0.029,2.22,0.044,0.175,0.059,267.556,183.894,0.009,Bajo,Baja
Democratic Republic of Congo,2012.0,COD,73254623.0,55604951736.0,2.797,0.038,876.404,0.033,2.198,0.0,0.158,0.05,268.875,186.691,0.008,Bajo,Baja
Democratic Republic of Congo,2013.0,COD,75789397.0,60956372609.0,3.921,0.052,900.805,0.013,3.364,0.0,0.174,0.064,334.18,190.612,0.011,Bajo,Baja
Democratic Republic of Congo,2014.0,COD,78403248.0,65407411596.0,5.066,0.065,782.941,0.017,4.499,0.004,0.128,0.077,410.672,195.678,0.014,Bajo,Baja
Democratic Republic of Congo,2015.0,COD,81035532.0,69567321729.0,3.274,0.04,661.011,0.034,2.686,0.004,0.155,0.047,285.715,198.953,0.009,Bajo,Baja
Democratic Republic of Congo,2016.0,COD,83956416.0,69841412960.0,2.659,0.032,703.107,0.039,2.129,0.0,0.098,0.038,236.785,201.612,0.008,Bajo,Baja
Democratic Republic of Congo,2017.0,COD,87083400.0,72396212035.0,2.92,0.034,730.257,0.049,2.172,0.001,0.349,0.04,243.267,204.532,0.008,Bajo,Baja
Democratic Republic of Congo,2018.0,COD,90047647.0,75889338637.0,3.774,0.042,630.117,0.084,2.943,0.001,0.453,0.05,289.71,208.307,0.01,Bajo,Baja
Democratic Republic of Congo,2019.0,COD,92947450.0,79292965259.0,4.118,0.044,571.666,0.044,3.162,0.001,0.536,0.052,307.072,212.425,0.011,Bajo,Baja
Democratic Republic of Congo,2020.0,COD,95990000.0,80617953765.0,4.305,0.045,603.282,0.025,3.345,0.0,0.498,0.053,303.349,216.73,0.012,Bajo,Baja
Democratic Republic of Congo,2021.0,COD,99148930.0,85639643645.0,4.292,0.043,748.098,0.034,3.203,0.0,0.631,0.05,311.07,221.022,0.012,Bajo,Baja
Democratic Republic of Congo,2022.0,COD,102396974.0,91314988450.0,5.892,0.058,771.658,0.053,4.63,0.0,0.822,0.065,363.371,226.914,0.016,Bajo,Baja
Democratic Republic of Congo,2023.0,COD,105789733.0,718673157694.2568,5.881,0.056,698.747,0.07,4.776,0.0,0.822,0.2857184885127968,382.476,232.795,0.015,,
Democratic Republic of Congo,2024.0,COD,109276264.0,742403096441.7399,5.904,0.054,680.714,0.065,4.843,0.0,0.822,0.3016096245766955,-365.6187673357131,238.7,0.015,,
Denmark,1950.0,DNK,4268408.0,47267157000.0,22.006,5.156,41.977,16.613,4.961,0.4755535008224303,0.432,0.466,24651.57705726387,695.562,0.371,Alto,Alta
Denmark,1951.0,DNK,4300262.0,47580824015.0,21.932,5.1,42.531,15.737,5.709,0.4386644681720373,0.487,0.461,24296.448341392435,717.495,0.344,Alto,Alta
Denmark,1952.0,DNK,4332237.0,48046724000.0,22.914,5.289,44.205,16.385,5.928,0.4222718438643227,0.6,0.477,25180.10425924943,740.408,0.354,Alto,Alta
Denmark,1953.0,DNK,4369107.0,50784138942.0,23.159,5.301,44.891,16.21,6.328,0.43913489352727453,0.621,0.456,25277.838829361946,763.567,0.348,Alto,Alta
Denmark,1954.0,DNK,4406404.0,51766094000.0,25.592,5.808,46.939,17.987,7.002,0.3962203722034978,0.603,0.494,27609.724612154037,789.159,0.377,Alto,Alta
Denmark,1955.0,DNK,4438843.0,52326932000.0,27.079,6.101,49.304,17.704,8.753,0.30889831168163795,0.621,0.518,28830.793894664774,816.238,0.364,Alto,Alta
Denmark,1956.0,DNK,4466342.0,52963415387.0,26.383,5.907,48.652,15.374,10.424,0.2519531058040325,0.585,0.498,27885.089671997546,842.621,0.333,Alto,Alta
Denmark,1957.0,DNK,4489659.0,56977503070.0,24.907,5.548,47.667,13.527,10.805,0.3025703510076916,0.574,0.437,26307.505141122096,867.528,0.304,Alto,Alta
Denmark,1958.0,DNK,4516072.0,58258746079.0,26.802,5.935,49.37,14.231,12.044,0.24998654800799613,0.527,0.46,28073.99470111479,894.33,0.318,Alto,Alta
Denmark,1959.0,DNK,4548480.0,62593540984.0,26.042,5.725,50.064,12.787,12.568,0.2812796580818393,0.687,0.416,27179.507890285207,920.372,0.294,Alto,Alta
Denmark,1960.0,DNK,4579347.0,64344726000.0,29.761,6.499,58.694,14.885,14.163,0.21748144923808255,0.712,0.463,30686.992678663173,950.132,0.317,Alto,Alta
Denmark,1961.0,DNK,4611358.0,68423512165.0,31.713,6.877,56.711,14.469,16.462,0.1680908083224093,0.781,0.463,32566.426741723164,981.845,0.337,Alto,Alta
Denmark,1962.0,DNK,4647466.0,72198868609.0,36.905,7.941,60.054,15.904,20.194,0.04934472409892443,0.807,0.511,37529.80185016096,1018.75,0.379,Alto,Alta
Denmark,1963.0,DNK,4684268.0,72656362602.0,40.679,8.684,63.02,16.127,23.8,-0.10300919401261943,0.752,0.56,40888.5791703439,1059.428,0.396,Alto,Alta
Denmark,1964.0,DNK,4721889.0,79449916562.0,43.158,9.14,65.427,14.916,27.304,-0.1606265222215555,0.938,0.543,43133.533641115646,1102.586,0.399,Alto,Alta
Denmark,1965.0,DNK,4758837.0,83071669604.0,44.304,9.31,66.816,13.733,29.587,-0.9801980281672442,0.985,0.533,34926.238,1146.891,0.392,Alto,Alta
Denmark,1966.0,DNK,4797199.0,85342727500.0,50.086,10.441,72.737,14.066,34.984,-1.2265424604308457,1.036,0.587,39410.375,1196.976,0.422,Alto,Alta
Denmark,1967.0,DNK,4835223.0,88211320439.0,49.034,10.141,71.976,12.575,35.372,-1.1199227444720012,1.087,0.556,39320.52,1246.01,0.401,Alto,Alta
Denmark,1968.0,DNK,4864801.0,91836212714.0,53.28,10.952,75.663,12.34,39.813,-1.4421975218398604,1.127,0.58,40837.613,1299.29,0.413,Alto,Alta
Denmark,1969.0,DNK,4891798.0,97686582372.0,59.35,12.133,81.709,11.505,46.555,-1.606166937125499,1.29,0.608,46618.156,1358.64,0.431,Alto,Alta
Denmark,1970.0,DNK,4928674.0,99664391979.0,62.043,12.588,83.591,9.365,51.391,-1.725608293174532,1.287,0.623,49301.176,1420.683,0.416,Alto,Alta
Denmark,1971.0,DNK,4963064.0,102324768258.0,57.004,11.486,78.728,5.741,49.915,-1.5070725469690816,1.348,0.557,46268.828,1477.687,0.368,Alto,Alta
Denmark,1972.0,DNK,4991569.0,107713654214.0,59.579,11.936,81.846,5.331,52.791,-1.5148044536818794,1.413,0.553,48550.32,1537.267,0.367,Alto,Alta
Denmark,1973.0,DNK,5021765.0,111625922748.0,59.198,11.788,81.153,9.072,48.64,-1.4264477341801118,1.416,0.53,46690.672,1596.464,0.347,Alto,Alta
Denmark,1974.0,DNK,5045639.0,110587862203.0,55.013,10.903,77.965,8.185,45.555,-1.3921716037222431,1.218,0.497,42276.887,1651.477,0.324,Alto,Alta
Denmark,1975.0,DNK,5060403.0,109859698554.0,55.712,11.009,77.82,10.834,43.649,-1.3570719461263288,1.089,0.507,41545.992,1707.189,0.328,Alto,Alta
Denmark,1976.0,DNK,5072803.0,116968995577.0,60.057,11.839,80.599,12.238,46.518,-1.369269111784094,1.143,0.513,45624.316,1767.246,0.336,Alto,Alta
Denmark,1977.0,DNK,5088571.0,118865466562.0,61.769,12.139,83.885,13.733,46.551,-1.209089825629638,1.119,0.52,46415.641,1829.016,0.336,Alto,Alta
Denmark,1978.0,DNK,5104341.0,120623566765.0,61.028,11.956,82.965,12.875,46.551,-1.1300687216881826,1.269,0.506,46944.078,1890.044,0.321,Alto,Alta
Denmark,1979.0,DNK,5116862.0,124895966432.0,62.908,12.294,84.278,16.29,45.115,-1.1956520524258458,1.162,0.504,46735.41,1952.952,0.322,Alto,Alta
Denmark,1980.0,DNK,5123079.0,124346107835.0,60.29,11.768,82.517,22.017,37.193,-1.011391779716547,0.922,0.485,45472.828,2013.242,0.311,Alto,Alta
Denmark,1981.0,DNK,5121628.0,123240381678.0,51.72,10.098,71.951,18.093,32.635,-0.5797547819661943,0.768,0.42,40855.637,2064.961,0.274,Alto,Alta
Denmark,1982.0,DNK,5117897.0,126957514123.0,53.619,10.477,74.382,22.071,30.474,0.0,0.847,0.422,39077.453,2118.58,0.286,Alto,Alta
Denmark,1983.0,DNK,5114468.0,130158855468.0,50.102,9.796,73.009,19.969,29.107,0.029,0.788,0.385,37171.727,2168.682,0.265,Alto,Alta
Denmark,1984.0,DNK,5111831.0,135871948376.0,50.784,9.935,70.392,21.37,28.142,0.216,0.793,0.374,37812.809,2219.467,0.261,Alto,Alta
Denmark,1985.0,DNK,5113878.0,141700375336.0,59.984,11.73,78.862,28.008,29.565,1.286,0.825,0.423,42593.059,2279.451,0.298,Alto,Alta
Denmark,1986.0,DNK,5120691.0,146862040807.0,58.802,11.483,77.745,27.013,28.347,2.129,0.958,0.4,43479.188,2338.252,0.288,Alto,Alta
Denmark,1987.0,DNK,5127134.0,147289143339.0,58.246,11.36,76.124,27.467,26.925,2.704,0.89,0.395,41863.688,2396.499,0.276,Alto,Alta
Denmark,1988.0,DNK,5129650.0,149007313574.0,55.014,10.725,72.17,25.967,24.816,3.169,0.79,0.369,41388.055,2451.512,0.251,Alto,Alta
Denmark,1989.0,DNK,5132717.0,149399510449.0,48.685,9.485,67.364,20.499,23.397,3.612,0.94,0.326,38150.27,2500.198,0.219,Alto,Alta
Denmark,1990.0,DNK,5141024.0,151205742035.0,53.477,10.402,71.034,24.005,23.187,4.35,0.775,0.354,39284.199,2553.675,0.235,Alto,Alta
Denmark,1991.0,DNK,5154346.0,154212932867.0,64.105,12.437,81.494,32.57,24.287,4.917,0.993,0.416,45176.191,2617.779,0.276,Alto,Alta
Denmark,1992.0,DNK,5171372.0,158125301722.0,58.327,11.279,75.894,27.133,23.621,5.167,1.129,0.369,42181.609,2676.106,0.259,Alto,Alta
Denmark,1993.0,DNK,5188638.0,159069870418.0,60.574,11.674,75.5,28.451,23.998,5.851,1.143,0.381,44578.895,2736.679,0.266,Alto,Alta
Denmark,1994.0,DNK,5206188.0,168493895001.0,64.673,12.422,80.575,30.578,25.165,6.546,1.168,0.384,47646.367,2801.353,0.281,Alto,Alta
Denmark,1995.0,DNK,5233364.0,174484978091.0,61.653,11.781,77.513,25.6,26.024,7.574,1.243,0.353,46551.258,2863.006,0.262,Alto,Alta
Denmark,1996.0,DNK,5263071.0,180654110941.0,74.9,14.231,91.192,35.137,28.364,8.909,1.313,0.415,55079.805,2937.906,0.309,Alto,Alta
Denmark,1997.0,DNK,5285041.0,187647333700.0,65.438,12.382,81.366,26.15,27.143,9.375,1.312,0.349,49762.707,3003.344,0.268,Alto,Alta
Denmark,1998.0,DNK,5304263.0,192859238471.0,61.238,11.545,75.596,22.219,26.393,10.186,1.39,0.318,47827.82,3064.582,0.252,Alto,Alta
Denmark,1999.0,DNK,5321814.0,199699305568.0,58.653,11.021,73.032,18.672,26.258,10.711,1.355,0.294,46234.027,3123.235,0.236,Alto,Media
Denmark,2000.0,DNK,5339659.0,208333676429.0,54.307,10.17,70.202,15.657,25.366,10.64,1.385,0.261,44294.852,3177.541,0.213,Alto,Media
Denmark,2001.0,DNK,5358825.0,211243390442.0,55.897,10.431,71.209,16.558,25.608,11.105,1.388,0.265,44266.516,3233.438,0.218,Alto,Media
Denmark,2002.0,DNK,5375967.0,213517288371.0,55.554,10.334,70.151,16.537,25.32,11.096,1.416,0.26,44039.605,3288.992,0.212,Alto,Media
Denmark,2003.0,DNK,5390621.0,215549132167.0,60.645,11.25,75.571,22.573,24.394,11.214,1.33,0.281,47347.523,3349.638,0.219,Alto,Media
Denmark,2004.0,DNK,5404594.0,222528951750.0,55.1,10.195,72.286,17.281,24.072,11.154,1.459,0.248,44712.285,3404.738,0.193,Alto,Media
Denmark,2005.0,DNK,5419550.0,229074701412.0,51.535,9.509,68.154,14.602,23.886,10.69,1.363,0.225,43106.32,3456.273,0.174,Alto,Media
Denmark,2006.0,DNK,5437425.0,239411013967.0,59.5,10.943,74.533,22.006,24.231,10.882,1.395,0.249,46985.727,3515.773,0.194,Alto,Media
Denmark,2007.0,DNK,5461604.0,242913735233.0,54.709,10.017,71.746,18.422,24.169,9.738,1.407,0.225,44565.855,3570.482,0.174,Alto,Media
Denmark,2008.0,DNK,5493762.0,243090598807.0,51.256,9.33,67.892,16.134,23.317,9.826,1.155,0.211,42752.508,3621.739,0.16,Alto,Media
Denmark,2009.0,DNK,5523169.0,232507363099.0,48.851,8.845,64.793,15.784,22.296,9.412,0.764,0.21,39978.305,3670.59,0.155,Alto,Media
Denmark,2010.0,DNK,5547865.0,238190225279.0,49.19,8.866,68.92,15.351,21.946,10.555,0.672,0.207,42534.68,3719.78,0.148,Alto,Media
Denmark,2011.0,DNK,5570848.0,242757622888.0,44.237,7.941,60.459,12.915,20.915,8.972,0.862,0.182,39666.25,3764.017,0.128,Alto,Media
Denmark,2012.0,DNK,5591911.0,243307499552.0,39.861,7.128,56.423,10.078,19.952,8.404,0.871,0.164,36703.641,3803.878,0.114,Alto,Media
Denmark,2013.0,DNK,5615333.0,245578374484.0,41.763,7.437,60.037,12.755,19.574,7.929,0.867,0.17,37700.766,3845.641,0.118,Alto,Media
Denmark,2014.0,DNK,5643795.0,249555233739.0,37.571,6.657,54.201,10.143,19.085,6.81,0.887,0.151,36068.551,3883.212,0.106,Alto,Media
Denmark,2015.0,DNK,5683698.0,255401297489.0,35.111,6.177,52.983,7.242,19.471,6.905,0.932,0.137,35007.945,3918.323,0.099,Alto,Baja
Denmark,2016.0,DNK,5728196.0,263691544304.0,36.917,6.445,55.011,8.413,19.751,7.009,1.095,0.14,35194.582,3955.24,0.104,Alto,Baja
Denmark,2017.0,DNK,5765164.0,271132202845.0,34.665,6.013,53.512,6.253,19.918,6.676,1.194,0.128,35208.766,3989.904,0.096,Alto,Baja
Denmark,2018.0,DNK,5793824.0,276526484620.0,34.609,5.973,52.826,6.362,19.968,6.483,1.16,0.125,34539.766,4024.513,0.094,Alto,Baja
Denmark,2019.0,DNK,5814618.0,280656364923.0,30.95,5.323,49.099,3.588,19.686,6.024,1.129,0.11,37285.684,4055.463,0.083,Alto,Baja
Denmark,2020.0,DNK,5831529.0,275058379473.0,28.3,4.853,46.462,3.166,18.579,4.799,1.227,0.103,32952.969,4083.763,0.08,Alto,Baja
Denmark,2021.0,DNK,5856774.0,288414406840.0,29.604,5.055,48.119,4.207,18.827,4.808,1.21,0.103,32756.869,4113.367,0.08,Alto,Baja
Denmark,2022.0,DNK,5902901.0,299429011832.0,29.094,4.929,46.789,4.133,19.869,3.468,1.073,0.097,32903.926,4142.461,0.078,Alto,Baja
Denmark,2023.0,DNK,5948134.0,39088246935.10371,28.831,4.847,46.642,2.633,21.139,3.526,0.982,0.26726268601879566,32816.66,4171.292,0.076,,
Denmark,2024.0,DNK,5977417.0,39287639276.09299,28.369,4.746,45.939,1.803,21.477,3.556,0.982,0.25722063928608496,32832.465,4199.661,0.073,,
Djibouti,1950.0,DJI,62349.0,273261000.0,0.011,0.176,0.168,-7.604397206415296,0.011,8.465795454038187,0.0,0.04,1864.517583786505,0.011,0.0,Medio,Baja
Djibouti,1951.0,DJI,64326.0,288846000.0,0.026,0.399,0.185,-7.676734731928313,0.026,8.470625147561286,0.0,0.089,2741.6117803159364,0.037,0.0,Medio,Baja
Djibouti,1952.0,DJI,66371.0,297555000.0,0.026,0.386,0.183,-7.672543506948978,0.026,8.470530040287336,0.0,0.086,2690.9841117034225,0.062,0.0,Medio,Baja
Djibouti,1953.0,DJI,68501.0,312438000.0,0.029,0.428,0.184,-7.684477071661936,0.029,8.47202129367103,0.0,0.094,2860.667199446319,0.092,0.0,Medio,Baja
Djibouti,1954.0,DJI,70723.0,329384000.0,0.033,0.466,0.185,-7.6936047367341,0.033,8.473993900642107,0.0,0.1,3018.7112670265824,0.125,0.0,Medio,Baja
Djibouti,1955.0,DJI,73023.0,338850000.0,0.037,0.502,0.184,-7.7057547621925515,0.037,8.474931761170819,0.0,0.108,3159.9476403940153,0.161,0.0,Medio,Baja
Djibouti,1956.0,DJI,75403.0,354330000.0,0.029,0.389,0.175,-7.669022160763449,0.029,8.472631739783473,0.0,0.083,2716.0991757545917,0.191,0.0,Medio,Baja
Djibouti,1957.0,DJI,77884.0,369408000.0,0.044,0.565,0.188,-7.719462108518329,0.044,8.475292925024714,0.0,0.119,3424.1911550932937,0.234,0.001,Medio,Baja
Djibouti,1958.0,DJI,80457.0,387840000.0,0.048,0.592,0.186,-7.725792725461661,0.048,8.476949264424608,0.0,0.123,3537.4281337802777,0.282,0.001,Medio,Baja
Djibouti,1959.0,DJI,83102.0,418488000.0,0.037,0.441,0.167,-7.677437227399375,0.037,8.477082575920504,0.0,0.088,2944.0584933194973,0.319,0.0,Medio,Baja
Djibouti,1960.0,DJI,86040.0,453657000.0,0.04,0.468,0.166,-7.679193716807449,0.04,8.479916582281554,0.0,0.089,3068.287750154246,0.359,0.0,Medio,Baja
Djibouti,1961.0,DJI,89407.0,481338000.0,0.044,0.492,0.184,-7.682496572429573,0.044,8.48200168432981,0.0,0.091,3174.632971352219,0.403,0.0,Medio,Baja
Djibouti,1962.0,DJI,93305.0,499011000.0,0.048,0.51,0.205,-7.6888537517386535,0.048,8.482599912296108,0.0,0.095,3245.215168012828,0.451,0.0,Medio,Baja
Djibouti,1963.0,DJI,97887.0,527868000.0,0.066,0.674,0.241,-7.730831830846778,0.066,8.486633624583588,0.0,0.125,3918.3882775259526,0.517,0.001,Medio,Baja
Djibouti,1964.0,DJI,103214.0,547425000.0,0.084,0.816,0.274,-7.7747477900889965,0.084,8.491277736251977,0.0,0.154,4484.867725968498,0.601,0.001,Medio,Media
Djibouti,1965.0,DJI,109108.0,574674000.0,0.121,1.108,0.326,-7.8594448594266755,0.121,8.502292782471933,0.0,0.21,5663.082026055364,0.722,0.001,Medio,Media
Djibouti,1966.0,DJI,115284.0,605387000.0,0.139,1.208,0.367,-7.890520245976299,0.139,8.506208492175917,0.0,0.23,6063.480166196971,0.861,0.001,Medio,Media
Djibouti,1967.0,DJI,121659.0,636635000.0,0.088,0.723,0.333,-7.753415010148032,0.088,8.488593915629497,0.0,0.138,4102.594580427679,0.949,0.001,Medio,Baja
Djibouti,1968.0,DJI,128264.0,660592000.0,0.121,0.943,0.388,-7.822108674817466,0.121,8.496134234583632,0.0,0.183,4979.919776359285,1.07,0.001,Medio,Media
Djibouti,1969.0,DJI,136090.0,691096000.0,0.084,0.619,0.366,-7.73099173754904,0.084,8.483987156727085,0.0,0.122,3668.3107291895994,1.154,0.001,Medio,Baja
Djibouti,1970.0,DJI,145188.0,859320000.0,0.139,0.959,0.448,-7.793718220245891,0.139,8.508353790143449,0.0,0.162,5132.302895542583,1.293,0.001,Medio,Media
Djibouti,1971.0,DJI,155152.0,911048000.0,0.161,1.039,0.491,-7.818279670912531,0.161,8.512594422509919,0.0,0.177,5456.1542353926525,1.455,0.001,Medio,Media
Djibouti,1972.0,DJI,166268.0,943039000.0,0.191,1.146,0.533,-7.858484415428013,0.191,8.516241155118884,0.0,0.202,5871.233052735812,1.645,0.001,Medio,Media
Djibouti,1973.0,DJI,178460.0,989006000.0,0.18,1.006,0.533,-7.82975921251243,0.18,8.508996730697199,0.0,0.182,5281.0617299619,1.825,0.001,Medio,Media
Djibouti,1974.0,DJI,192622.0,953424000.0,0.194,1.008,0.571,-7.864793170779439,0.194,8.501290469714714,0.0,0.204,5209.735960539141,2.019,0.001,Medio,Media
Djibouti,1975.0,DJI,209922.0,1064857000.0,0.198,0.943,0.606,-7.840100669905434,0.198,8.502425876465185,0.0,0.186,4967.4621472096605,2.217,0.001,Medio,Media
Djibouti,1976.0,DJI,230747.0,1156086000.0,0.198,0.857,0.631,-7.819791980634976,0.198,8.499783046163968,0.0,0.171,4614.718052907411,2.415,0.001,Medio,Media
Djibouti,1977.0,DJI,254629.0,1017072000.0,0.198,0.777,0.684,-7.857023864166521,0.198,8.4810759464036,0.0,0.195,4147.724334187616,2.612,0.001,Medio,Media
Djibouti,1978.0,DJI,280042.0,940225000.0,0.202,0.72,0.722,-7.887297321192872,0.202,8.467420968707664,0.0,0.214,3807.941550817606,2.814,0.001,Medio,Media
Djibouti,1979.0,DJI,304525.0,989092000.0,0.363,1.191,0.905,-8.127907939009193,0.363,8.465212457426022,0.0,0.367,5483.168160332276,3.177,0.002,Medio,Alta
Djibouti,1980.0,DJI,325822.0,1035609000.0,0.348,1.068,0.93,-8.405963854811489,0.348,9.998002151106093,0.0,0.336,19474.848,3.525,0.002,Medio,Alta
Djibouti,1981.0,DJI,343056.0,1066395000.0,0.3,0.876,0.88,-8.25094725377912,0.3,9.588740904151644,0.0,0.282,14756.767,3.825,0.002,Medio,Media
Djibouti,1982.0,DJI,356887.0,1083308000.0,0.348,0.975,0.938,-8.296997020295775,0.348,9.494484947617137,0.0,0.321,14184.875,4.173,0.002,Medio,Alta
Djibouti,1983.0,DJI,369558.0,1096310000.0,0.348,0.942,0.981,-8.224275161207489,0.348,9.107585648355405,0.0,0.318,10273.89,4.521,0.002,Medio,Alta
Djibouti,1984.0,DJI,384072.0,1104000000.0,0.352,0.916,1.015,-8.192793167043092,0.352,8.912375530460302,0.0,0.319,8260.604,4.873,0.002,Medio,Alta
Djibouti,1985.0,DJI,402691.0,1100160000.0,0.359,0.892,1.064,-8.200767052315648,0.359,8.881141725104657,0.0,0.326,7857.137,5.232,0.002,Medio,Alta
Djibouti,1986.0,DJI,426345.0,1088971000.0,0.377,0.885,1.116,-8.216112383092016,0.377,8.76461222694806,0.0,0.347,6679.095,5.61,0.002,Medio,Alta
Djibouti,1987.0,DJI,454409.0,1092030000.0,0.388,0.855,1.179,-8.231086214512933,0.388,8.749084312559393,0.0,0.356,6403.134,5.998,0.002,Medio,Alta
Djibouti,1988.0,DJI,484531.0,1105884000.0,0.348,0.718,1.19,-8.168819496768927,0.348,8.747631901117007,0.0,0.315,5882.34,6.346,0.002,Medio,Alta
Djibouti,1989.0,DJI,523362.0,1076712000.0,0.388,0.742,1.292,-8.372852650768522,0.388,9.448176101403442,0.0,0.361,12798.733,6.734,0.002,Bajo,Alta
Djibouti,1990.0,DJI,579544.0,1151692000.0,0.297,0.512,1.32,-7.774209450197025,0.297,9.716350730911747,-0.7184657384820872,0.258,11874.829,7.031,0.001,Bajo,Media
Djibouti,1991.0,DJI,631096.0,1111365143.0,0.3,0.476,1.333,-7.780416358352541,0.3,9.631030634205587,-0.7190834878335641,0.27,10904.816,7.332,0.001,Bajo,Media
Djibouti,1992.0,DJI,626016.0,1171473816.0,0.304,0.486,1.34,-7.768985528246809,0.304,9.6502426029868,-0.7175932880297005,0.26,11131.149,7.636,0.001,Bajo,Media
Djibouti,1993.0,DJI,614247.0,1223279012.0,0.304,0.495,1.357,-7.756427991535379,0.304,9.675321586753121,-0.7160589135342819,0.249,11414.435,7.94,0.001,Bajo,Media
Djibouti,1994.0,DJI,626717.0,1189922913.0,0.3,0.479,1.357,-7.764999156797993,0.3,9.689806422739885,-0.7161687651112154,0.252,11490.828,8.24,0.001,Bajo,Media
Djibouti,1995.0,DJI,633075.0,1251123077.0,0.311,0.492,1.416,-7.755342886838735,0.311,9.662329355293908,-0.7163635893466314,0.249,11269.194,8.552,0.001,Bajo,Media
Djibouti,1996.0,DJI,648354.0,1182573365.0,0.304,0.469,1.42,-7.765623544248566,0.304,9.647336204682377,-0.7174095709623858,0.257,11033.772,8.856,0.001,Bajo,Media
Djibouti,1997.0,DJI,671826.0,1231663949.0,0.333,0.496,1.458,-7.780900125181908,0.333,9.60813665852604,-0.7211913774529926,0.271,10719.29,9.189,0.001,Bajo,Media
Djibouti,1998.0,DJI,699355.0,1226205283.0,0.388,0.555,1.54,-7.8328889586269845,0.388,9.549321673631164,-0.7389980448438309,0.317,10297.342,9.578,0.002,Bajo,Alta
Djibouti,1999.0,DJI,724228.0,1247108046.0,0.388,0.536,1.594,-7.820204247165011,0.388,9.519361950390149,-0.7371648794587711,0.311,9943.688,9.966,0.002,Bajo,Media
Djibouti,2000.0,DJI,747326.0,1258388183.0,0.366,0.49,1.557,-7.694481902728025,0.366,8.991779364177535,-0.7270763498368593,0.291,4728.524,10.332,0.001,Bajo,Media
Djibouti,2001.0,DJI,771311.0,1279069473.0,0.366,0.475,1.515,-7.68729174738643,0.366,8.980504553742783,-0.7253685139404276,0.286,4564.458,10.699,0.001,Bajo,Media
Djibouti,2002.0,DJI,795576.0,1306309835.0,0.399,0.502,1.53,-7.708808618366719,0.399,8.960548163442397,-0.736206624984868,0.306,4438.19,11.098,0.002,Bajo,Media
Djibouti,2003.0,DJI,813528.0,1344454879.0,0.421,0.518,1.573,-7.721983265633806,0.421,8.963747028477847,-0.7380438886779372,0.313,4502.232,11.52,0.002,Bajo,Alta
Djibouti,2004.0,DJI,826133.0,1377810002.0,0.407,0.492,1.583,-7.701144564441705,0.407,8.952808217384863,-0.7276283476793961,0.295,4312.189,11.926,0.001,Bajo,Media
Djibouti,2005.0,DJI,839174.0,1416452247.0,0.414,0.493,1.618,-7.691684805862,0.414,8.921908912842042,-0.7273111295834238,0.292,4014.401,12.34,0.001,Bajo,Media
Djibouti,2006.0,DJI,855767.0,1590366862.0,0.414,0.484,1.645,-7.639024431063216,0.414,8.887274811025438,-0.7202071644758883,0.26,3678.689,12.754,0.001,Bajo,Media
Djibouti,2007.0,DJI,874530.0,1662836538.0,0.454,0.52,1.705,-7.661017066149125,0.454,8.885136012846882,-0.7235179054749108,0.273,3746.957,13.209,0.001,Bajo,Media
Djibouti,2008.0,DJI,892739.0,1746582380.0,0.495,0.554,1.792,-7.6772238448031995,0.495,8.912131724806878,-0.7321117035968308,0.283,4104.582,13.703,0.002,Bajo,Media
Djibouti,2009.0,DJI,911524.0,1828090863.0,0.443,0.486,1.722,-8.072502031606081,0.443,8.613056146280082,0.0,0.243,3490.794,14.147,0.001,Bajo,Media
Djibouti,2010.0,DJI,930252.0,1885010108.0,0.517,0.555,1.803,-8.127947449319022,0.517,8.629897316956777,0.0,0.274,3895.346,14.663,0.002,Bajo,Media
Djibouti,2011.0,DJI,948565.0,1960630000.0,0.315,0.332,1.617,-7.9362207686823805,0.315,8.604311311906969,0.0,0.161,2885.701,14.978,0.001,Bajo,Media
Djibouti,2012.0,DJI,966754.0,2054196000.0,0.293,0.303,1.624,-7.925151837185913,0.293,8.701658767537136,0.0,0.143,3735.174,15.272,0.001,Bajo,Baja
Djibouti,2013.0,DJI,984833.0,2157408000.0,0.381,0.387,1.732,-7.959595369751257,0.322,8.66169176787398,0.058,0.177,3784.87,15.652,0.001,Bajo,Media
Djibouti,2014.0,DJI,1002720.0,2286630000.0,0.418,0.416,1.789,-7.975949016573676,0.352,8.68610596067867,0.066,0.183,4126.212,16.07,0.001,Medio,Media
Djibouti,2015.0,DJI,1020316.0,2435148000.0,0.505,0.495,1.879,-8.010900477706024,0.451,8.609737155340456,0.054,0.207,3576.172,16.575,0.001,Medio,Media
Djibouti,2016.0,DJI,1037660.0,2612607480.0,0.428,0.412,1.856,-7.940855828757268,0.377,8.61715843408815,0.05,0.164,3361.599,17.003,0.001,Medio,Media
Djibouti,2017.0,DJI,1054844.0,2767106002.0,0.414,0.392,1.855,-7.91064850273073,0.352,8.58350487979111,0.062,0.15,2993.303,17.416,0.001,Medio,Media
Djibouti,2018.0,DJI,1071886.0,2924431711.0,0.472,0.44,1.924,-7.920029209301855,0.385,8.551985486693189,0.087,0.161,2898.561,17.888,0.001,Medio,Media
Djibouti,2019.0,DJI,1088710.0,3086593147.0,0.54,0.496,2.016,-7.947894168051551,0.443,8.567070476091654,0.097,0.175,3235.807,18.428,0.001,Medio,Media
Djibouti,2020.0,DJI,1105193.0,3123694253.0,0.463,0.419,1.958,-7.899924476288685,0.37,8.552908631869624,0.093,0.148,2837.718,18.891,0.001,Medio,Baja
Djibouti,2021.0,DJI,1121251.0,3274020536.0,0.558,0.497,2.056,-7.9168101204060495,0.41,8.521571408302554,0.147,0.17,2955.828,19.449,0.002,Medio,Media
Djibouti,2022.0,DJI,1137101.0,3395681646.0,0.55,0.484,2.07,-7.895552148108294,0.364,8.5145432708226,0.186,0.162,2925.735,19.999,0.001,Medio,Media
Djibouti,2023.0,DJI,1152951.0,6414005990.200298,0.558,0.484,2.091,-7.908133325255909,0.372,8.537494164680528,0.186,0.16087480939112145,3056.166,20.557,0.001,,
Djibouti,2024.0,DJI,1168726.0,6521483297.809055,0.564,0.483,2.114,-7.851715203699124,0.378,8.47254829337353,0.186,0.15980416908068912,2922.2903345998857,21.121,0.001,,
Dominica,1950.0,DMA,50219.0,49980000.0,90.75324970783586,4.616300344113388,0.033,60.36039250878209,14.393576937147358,10.874970520335808,4.490398995320168,0.37390493985927614,21143.65388752653,2369.1666741639733,0.2686109606613261,Bajo,
Dominica,1951.0,DMA,50464.0,55432000.0,0.004,0.073,0.037,-7.643672025838466,0.004,8.443725818829822,0.0,0.066,1281.254168237499,0.004,0.0,Bajo,Baja
Dominica,1952.0,DMA,50862.0,59413000.0,0.007,0.144,0.054,-7.728596406343369,0.007,8.428253117810144,0.0,0.123,1408.5941275440146,0.011,0.0,Bajo,Baja
Dominica,1953.0,DMA,51401.0,57942000.0,0.004,0.071,0.048,-7.639174203120584,0.004,8.44469878981496,0.0,0.063,1282.7856941078521,0.015,0.0,Bajo,Baja
Dominica,1954.0,DMA,52103.0,60390000.0,0.004,0.07,0.059,-7.636149680371286,0.004,8.445364359897953,0.0,0.061,1285.386024044817,0.018,0.0,Bajo,Baja
Dominica,1955.0,DMA,52974.0,64410000.0,0.004,0.069,0.056,-7.630216286994099,0.004,8.446912532425198,0.0,0.057,1295.3193941372401,0.022,0.0,Bajo,Baja
Dominica,1956.0,DMA,54006.0,69774000.0,0.004,0.068,0.064,-7.624226377839408,0.004,8.448413921231658,0.0,0.053,1305.2542033918821,0.026,0.0,Bajo,Baja
Dominica,1957.0,DMA,55216.0,71862000.0,0.004,0.066,0.067,-7.621277470123168,0.004,8.449009810175987,0.0,0.051,1303.112389233881,0.029,0.0,Bajo,Baja
Dominica,1958.0,DMA,56606.0,74399000.0,0.007,0.129,0.073,-7.691382834027905,0.007,8.436800562825919,0.0,0.098,1429.2298320347368,0.037,0.0,Bajo,Baja
Dominica,1959.0,DMA,58123.0,72334000.0,0.011,0.189,0.089,-7.772105183011984,0.011,8.421456717806679,0.0,0.152,1515.4328541186214,0.048,0.0,Bajo,Media
Dominica,1960.0,DMA,59386.0,74700000.0,0.011,0.185,0.069,-7.764826709788812,0.011,8.423173939935875,0.0,0.147,1514.8135399239532,0.059,0.0,Bajo,Baja
Dominica,1961.0,DMA,60230.0,70560000.0,0.011,0.183,0.221,-7.777481465710665,0.011,8.418600585681995,0.0,0.156,1472.3633236734017,0.07,0.0,Bajo,Media
Dominica,1962.0,DMA,60969.0,81313000.0,0.011,0.18,0.12,-7.746654072045976,0.011,8.427321142446356,0.0,0.135,1535.1640008682507,0.081,0.0,Bajo,Baja
Dominica,1963.0,DMA,61759.0,85064000.0,0.015,0.237,0.097,-7.802117519456742,0.015,8.418764830599047,0.0,0.172,1669.5143806561896,0.095,0.0,Bajo,Media
Dominica,1964.0,DMA,62602.0,89397000.0,0.015,0.234,0.075,-7.790328781265989,0.015,8.42182444262368,0.0,0.164,1684.6422433383018,0.11,0.0,Bajo,Media
Dominica,1965.0,DMA,63522.0,76992000.0,0.015,0.231,0.249,-7.828381867445193,0.015,8.41011917261839,0.0,0.19,1575.081495365706,0.125,0.0,Bajo,Media
Dominica,1966.0,DMA,64522.0,85995000.0,0.015,0.227,0.142,-7.799111131555202,0.015,8.418353013996109,0.0,0.17,1629.4733782465055,0.139,0.0,Bajo,Media
Dominica,1967.0,DMA,65598.0,87450000.0,0.022,0.335,0.093,-7.92048957302068,0.022,8.397674151340624,0.0,0.251,1844.0612945588105,0.161,0.0,Bajo,Media
Dominica,1968.0,DMA,66751.0,87584000.0,0.022,0.329,0.076,-7.92073344793201,0.022,8.39713899553491,0.0,0.251,1815.6167165651914,0.183,0.0,Bajo,Media
Dominica,1969.0,DMA,67956.0,95772000.0,0.018,0.27,0.069,-7.831057126170915,0.018,8.41502583518525,0.0,0.191,1756.1756703777896,0.202,0.0,Bajo,Media
Dominica,1970.0,DMA,68927.0,104440000.0,0.026,0.372,0.068,-7.913324642093373,0.026,8.404155001872823,0.0,0.246,2037.7353727196005,0.227,0.0,Bajo,Media
Dominica,1971.0,DMA,69548.0,112038000.0,0.026,0.369,0.061,-7.887940369932421,0.026,8.410818607790471,0.0,0.229,2085.8960454503467,0.253,0.0,Bajo,Media
Dominica,1972.0,DMA,70072.0,120528000.0,0.026,0.366,0.06,-7.864022166643721,0.026,8.417050463872824,0.0,0.213,2130.3865963140775,0.278,0.0,Bajo,Media
Dominica,1973.0,DMA,70603.0,130889000.0,0.026,0.363,0.057,-7.838621899924693,0.026,8.423704348845853,0.0,0.196,2178.5433567112914,0.304,0.0,Bajo,Media
Dominica,1974.0,DMA,71106.0,138262000.0,0.029,0.412,0.074,-7.862301603783198,0.029,8.422587374655555,0.0,0.212,2352.0666456719764,0.333,0.0,Bajo,Media
Dominica,1975.0,DMA,71589.0,143560000.0,0.029,0.409,0.064,-7.850448796433975,0.029,8.42560719545653,0.0,0.204,2367.1991546795557,0.363,0.0,Bajo,Media
Dominica,1976.0,DMA,72036.0,152884000.0,0.029,0.407,0.07,-7.832488759991371,0.029,8.430294129894822,0.0,0.192,2401.750909479376,0.392,0.0,Bajo,Media
Dominica,1977.0,DMA,72424.0,156658000.0,0.026,0.354,0.069,-7.790862703739371,0.026,8.435868346103748,0.0,0.164,2253.30335321337,0.418,0.0,Bajo,Media
Dominica,1978.0,DMA,72741.0,175010000.0,0.026,0.353,0.091,-7.765306627949675,0.026,8.44264178553776,0.0,0.147,2310.934533456009,0.443,0.0,Medio,Baja
Dominica,1979.0,DMA,72978.0,142968000.0,0.033,0.452,0.072,-7.891000695974952,0.033,8.419560622271705,0.0,0.231,2471.9205513835827,0.476,0.0,Bajo,Media
Dominica,1980.0,DMA,73102.0,164206000.0,0.037,0.501,0.078,-7.92506279324253,0.037,8.391678110833592,0.0,0.223,1765.878,0.513,0.0,Medio,Media
Dominica,1981.0,DMA,73004.0,184926000.0,0.037,0.502,0.079,-7.900753282727768,0.037,8.476822380968315,0.0,0.198,2597.688,0.55,0.0,Medio,Media
Dominica,1982.0,DMA,72704.0,191808000.0,0.04,0.554,0.092,-7.91388868453755,0.04,8.455972015886337,0.0,0.21,2594.652,0.59,0.0,Medio,Media
Dominica,1983.0,DMA,72385.0,195656000.0,0.04,0.557,0.095,-7.9089513796005075,0.04,8.46451952424999,0.0,0.206,2688.977,0.63,0.0,Medio,Media
Dominica,1984.0,DMA,72075.0,207348000.0,0.044,0.61,0.099,-7.9132975270169315,0.044,8.447110419104897,0.0,0.212,2721.246,0.674,0.0,Medio,Media
Dominica,1985.0,DMA,71768.0,209656000.0,0.048,0.664,0.094,-7.9308110707625215,0.048,8.423532622294008,0.0,0.227,2698.161,0.722,0.0,Medio,Media
Dominica,1986.0,DMA,71426.0,223704000.0,0.048,0.667,0.102,-7.899908919573852,0.048,8.37639243779573,0.0,0.213,2246.714,0.769,0.0,Medio,Media
Dominica,1987.0,DMA,71044.0,242640000.0,0.048,0.67,0.101,-7.887797970751663,0.048,8.4591425668214,0.0,0.196,3063.814,0.817,0.0,Medio,Media
Dominica,1988.0,DMA,70628.0,261777000.0,0.055,0.778,0.11,-7.901707003991811,0.055,8.43695432068513,0.0,0.21,3261.075,0.872,0.0,Medio,Media
Dominica,1989.0,DMA,70171.0,263694000.0,0.059,0.835,0.121,-7.91470037985073,0.059,8.415993268243755,0.0,0.222,3275.446,0.931,0.0,Medio,Media
Dominica,1990.0,DMA,69644.0,275730000.0,0.059,0.842,0.123,-7.900107631105929,0.059,8.41595469222825,0.0,0.213,3300.232,0.989,0.0,Medio,Media
Dominica,1991.0,DMA,69321.0,285879709.0,0.059,0.846,0.125,-7.887286934671968,0.059,8.416123928317324,0.0,0.205,3315.609,1.048,0.0,Medio,Media
Dominica,1992.0,DMA,69344.0,299018295.0,0.059,0.845,0.126,-7.87332782493475,0.059,8.41732926277292,0.0,0.196,3321.458,1.107,0.0,Medio,Media
Dominica,1993.0,DMA,69453.0,303787182.0,0.062,0.897,0.14,-7.881549793028698,0.062,8.395593149466782,0.0,0.205,3309.308,1.169,0.0,Medio,Media
Dominica,1994.0,DMA,69493.0,316614931.0,0.07,1.002,0.127,-7.912636208226301,0.07,8.457495326698272,0.0,0.22,4315.246,1.238,0.0,Medio,Media
Dominica,1995.0,DMA,69490.0,327078105.0,0.081,1.16,0.137,-7.9569795293417975,0.081,8.508813782250387,0.0,0.246,5423.222,1.319,0.0,Medio,Media
Dominica,1996.0,DMA,69422.0,347533767.0,0.073,1.056,0.133,-7.913366664795129,0.073,8.552004832081426,0.0,0.211,5442.657,1.392,0.0,Medio,Media
Dominica,1997.0,DMA,69315.0,361956567.0,0.081,1.163,0.137,-7.920949257647694,0.081,8.511318094049448,0.0,0.223,5453.887,1.473,0.0,Medio,Media
Dominica,1998.0,DMA,69144.0,382388808.0,0.077,1.113,0.235,-7.893177273550876,0.077,8.542528753485957,0.0,0.201,5568.613,1.55,0.0,Medio,Media
Dominica,1999.0,DMA,68883.0,390881674.0,0.081,1.17,0.213,-7.896775743853862,0.081,8.52998127324489,0.0,0.206,5662.406,1.63,0.0,Medio,Media
Dominica,2000.0,DMA,68527.0,404483810.0,0.103,1.497,0.185,-7.95792579217005,0.103,8.517575923651037,0.0,0.254,6794.599,1.733,0.0,Medio,Media
Dominica,2001.0,DMA,68299.0,411786964.0,0.11,1.609,0.176,-7.9791979636347286,0.11,8.545356577507096,0.0,0.267,7494.75,1.843,0.0,Medio,Media
Dominica,2002.0,DMA,68385.0,415539000.0,0.103,1.5,0.151,-7.949585369544465,0.103,8.531681008550446,0.0,0.247,6939.536,1.946,0.0,Medio,Media
Dominica,2003.0,DMA,68552.0,455180800.0,0.117,1.71,0.162,-7.9609115571622855,0.117,8.543574079401619,0.0,0.258,7858.104,2.063,0.0,Medio,Media
Dominica,2004.0,DMA,68664.0,475394414.0,0.143,2.081,0.193,-8.01519954837211,0.143,8.547669859836933,0.0,0.301,9320.358,2.206,0.0,Medio,Media
Dominica,2005.0,DMA,68750.0,482222496.0,0.15,2.185,0.197,-8.013496779177817,0.15,8.478613998225985,0.0,0.312,9073.677,2.356,0.001,Medio,Alta
Dominica,2006.0,DMA,68823.0,513632250.0,0.143,2.076,0.241,-7.974341279737828,0.143,8.521991785052142,0.0,0.278,9045.517,2.499,0.0,Medio,Media
Dominica,2007.0,DMA,68862.0,554311687.0,0.172,2.501,0.213,-8.017590342571493,0.172,8.577783598241485,0.0,0.311,11245.616,2.671,0.001,Alto,Media
Dominica,2008.0,DMA,68866.0,617146562.0,0.169,2.447,0.217,-7.94243506762097,0.169,8.482152763193376,0.0,0.273,10095.776,2.84,0.001,Alto,Media
Dominica,2009.0,DMA,68879.0,621365663.0,0.187,2.713,0.186,-7.959096093435168,0.187,8.385611745600595,0.0,0.301,10169.305,3.026,0.001,Alto,Media
Dominica,2010.0,DMA,68872.0,640098860.0,0.169,2.447,0.192,-7.937708172209673,0.169,8.54117657110348,0.0,0.263,10666.588,3.195,0.001,Alto,Media
Dominica,2011.0,DMA,69073.0,652912000.0,0.15,2.175,0.183,-7.915184957086625,0.15,8.630737865744582,0.0,0.23,10466.034,3.345,0.0,Alto,Media
Dominica,2012.0,DMA,69138.0,644079000.0,0.165,2.385,0.203,-7.929723769701967,0.165,8.528851925477031,0.0,0.256,10275.347,3.51,0.0,Alto,Media
Dominica,2013.0,DMA,69733.0,667585000.0,0.158,2.259,0.177,-7.905914961772893,0.158,8.542035065771515,0.0,0.236,9915.615,3.668,0.0,Alto,Media
Dominica,2014.0,DMA,70387.0,694011000.0,0.169,2.395,0.184,-7.909988351732142,0.169,8.531073774176182,0.0,0.243,10325.731,3.836,0.0,Alto,Media
Dominica,2015.0,DMA,70429.0,689606000.0,0.176,2.497,0.184,-7.92891596298748,0.176,8.552161773489477,0.0,0.255,10921.842,4.012,0.0,Alto,Media
Dominica,2016.0,DMA,69627.0,707976572.0,0.172,2.473,0.198,-7.919278859990728,0.172,8.59990653448156,0.0,0.243,11295.757,4.184,0.0,Alto,Media
Dominica,2017.0,DMA,68514.0,656048862.0,0.154,2.246,0.184,-7.923860707432434,0.154,8.646603088488025,0.0,0.235,10885.662,4.338,0.0,Alto,Media
Dominica,2018.0,DMA,68195.0,677586340.0,0.165,2.418,0.188,-7.912998088200965,0.165,8.554002754743895,0.0,0.243,10637.567,4.503,0.0,Alto,Media
Dominica,2019.0,DMA,67901.0,714870398.0,0.172,2.536,0.192,-7.906115959249476,0.172,8.559158592601106,0.0,0.241,11136.957,4.675,0.0,Alto,Media
Dominica,2020.0,DMA,67588.0,600082697.0,0.158,2.331,0.185,-7.94596804053459,0.158,8.541649290373341,0.0,0.263,10187.698,4.833,0.0,Alto,Media
Dominica,2021.0,DMA,67222.0,637252112.0,0.161,2.398,0.187,-7.926282957771189,0.161,8.535336986856723,0.0,0.253,10379.506,4.994,0.0,Alto,Media
Dominica,2022.0,DMA,66847.0,675098029.0,0.165,2.466,0.194,-7.9118602755349094,0.165,8.549078960836185,0.0,0.244,10770.691,5.159,0.0,Alto,Media
Dominica,2023.0,DMA,66531.0,-974559609.1276791,0.165,2.473,0.197,-7.993055544831536,0.165,8.528028750175466,0.0,0.30153889318729754,10662.959,5.323,0.0,,
Dominica,2024.0,DMA,66226.0,-975043649.0459915,0.171,2.58,0.205,-7.990760652302152,0.171,8.62894791917975,0.0,0.3043557527195483,12296.782325279773,5.494,0.0,,
Dominican Republic,1950.0,DOM,2379896.0,3851808644.0,0.348,0.146,17.165,0.0,0.311,0.875004483456395,0.036,0.09,1002.9729131979061,1.837,0.006,Bajo,Baja
Dominican Republic,1951.0,DOM,2450150.0,4306042500.0,0.359,0.146,17.019,0.0,0.308,0.8846816305409162,0.051,0.083,1028.0163641494246,2.196,0.006,Bajo,Baja
Dominican Republic,1952.0,DOM,2525056.0,4653834229.0,0.593,0.235,17.766,0.0,0.524,0.8050249497825619,0.069,0.127,1315.6472876977582,2.789,0.009,Bajo,Baja
Dominican Republic,1953.0,DOM,2604818.0,4598364912.0,0.619,0.238,18.442,0.004,0.55,0.788053405549701,0.065,0.135,1302.0205088400298,3.408,0.009,Bajo,Baja
Dominican Republic,1954.0,DOM,2689101.0,4859515705.0,0.626,0.233,19.131,0.004,0.542,0.797191421046461,0.08,0.129,1300.973764810742,4.033,0.009,Bajo,Baja
Dominican Republic,1955.0,DOM,2777636.0,5162466853.0,0.915,0.329,20.059,0.004,0.795,0.7093857548983926,0.116,0.177,1611.0014208512262,4.948,0.012,Bajo,Media
Dominican Republic,1956.0,DOM,2870034.0,5678190142.0,0.985,0.343,20.826,0.004,0.857,0.7137475356614429,0.124,0.173,1689.9648228858255,5.933,0.012,Bajo,Media
Dominican Republic,1957.0,DOM,2965778.0,6039302348.0,1.032,0.348,21.477,0.0,0.894,0.714790712413095,0.138,0.171,1727.196692289362,6.965,0.013,Bajo,Media
Dominican Republic,1958.0,DOM,3064350.0,6359859835.0,1.065,0.348,22.22,0.004,0.927,0.718527449139942,0.134,0.167,1738.7657086955605,8.03,0.013,Bajo,Media
Dominican Republic,1959.0,DOM,3165304.0,6398414248.0,1.113,0.352,71.194,0.004,1.015,0.7586092446129826,0.094,0.174,1740.9601043300618,9.143,0.013,Bajo,Media
Dominican Republic,1960.0,DOM,3268341.0,6705337677.0,1.04,0.318,33.79,0.004,0.953,0.7416949589946285,0.084,0.155,1620.310879660166,10.183,0.011,Bajo,Media
Dominican Republic,1961.0,DOM,3373237.0,6560853721.0,1.029,0.305,26.078,0.004,0.909,0.7272058092811591,0.116,0.157,1556.6999767776151,11.212,0.011,Bajo,Media
Dominican Republic,1962.0,DOM,3479940.0,7673530530.0,1.241,0.357,21.164,0.0,1.121,0.7063367833928599,0.12,0.162,1789.555822440173,12.453,0.013,Bajo,Media
Dominican Republic,1963.0,DOM,3588293.0,8177076240.0,1.249,0.348,19.896,0.004,1.132,0.7158498411990649,0.113,0.153,1768.858584789406,13.702,0.012,Medio,Media
Dominican Republic,1964.0,DOM,3698563.0,8719757309.0,1.747,0.472,19.434,0.004,1.594,0.6222443427684852,0.149,0.2,2215.4530370615194,15.448,0.016,Medio,Media
Dominican Republic,1965.0,DOM,3808965.0,7638403374.0,1.545,0.406,18.666,0.004,1.437,0.6117600130025277,0.105,0.202,1883.6385283273048,16.993,0.014,Bajo,Media
Dominican Republic,1966.0,DOM,3921849.0,8661627413.0,1.67,0.426,18.191,0.004,1.528,0.6234870539101653,0.138,0.193,2010.3124018174412,18.663,0.014,Bajo,Media
Dominican Republic,1967.0,DOM,4038932.0,8952661797.0,1.567,0.388,16.641,0.004,1.411,0.6502694560513632,0.153,0.175,1889.5404201695083,20.23,0.013,Bajo,Media
Dominican Republic,1968.0,DOM,4157191.0,8972655468.0,2.347,0.565,22.453,0.004,2.184,0.4840490723738683,0.16,0.262,2450.51276250101,22.577,0.018,Bajo,Media
Dominican Republic,1969.0,DOM,4277039.0,9954475593.0,2.651,0.62,17.06,0.004,2.455,0.46254620066337004,0.192,0.266,2699.6921862924037,25.229,0.019,Medio,Media
Dominican Republic,1970.0,DOM,4399294.0,11003814148.0,3.105,0.706,16.676,0.004,2.858,0.42254642368997053,0.243,0.282,3062.9463402840966,28.334,0.021,Medio,Media
Dominican Republic,1971.0,DOM,4524238.0,12176796696.0,3.519,0.778,20.019,0.004,3.221,0.4034805573762973,0.294,0.289,3391.974441821759,31.852,0.023,Medio,Media
Dominican Republic,1972.0,DOM,4651892.0,13677651609.0,4.669,1.004,24.279,0.004,4.331,0.2905314092306094,0.334,0.341,4303.7119461235925,36.521,0.029,Medio,Alta
Dominican Republic,1973.0,DOM,4782235.0,15328488845.0,5.959,1.246,24.17,0.004,5.668,0.1710365745725111,0.287,0.389,5283.695320168544,42.48,0.035,Medio,Alta
Dominican Republic,1974.0,DOM,4914198.0,16217203254.0,6.41,1.304,26.799,0.004,6.108,0.14787528499820168,0.298,0.395,5548.089334071405,48.89,0.038,Medio,Alta
Dominican Republic,1975.0,DOM,5046783.0,16988199213.0,6.333,1.255,32.803,0.004,6.038,0.187515209479723,0.291,0.373,5386.514777003829,55.222,0.037,Medio,Alta
Dominican Republic,1976.0,DOM,5180404.0,18135249703.0,6.322,1.22,30.245,0.004,5.998,0.2203759716811171,0.32,0.349,5294.632454921883,61.544,0.035,Medio,Alta
Dominican Republic,1977.0,DOM,5315446.0,19015840099.0,5.598,1.053,27.897,0.004,5.177,0.3273727637129984,0.417,0.294,4693.237604933377,67.143,0.03,Medio,Media
Dominican Republic,1978.0,DOM,5451891.0,19460376941.0,5.429,0.996,26.873,0.0,5.012,0.3489394910660737,0.417,0.279,4471.766303584041,72.572,0.029,Medio,Media
Dominican Republic,1979.0,DOM,5589694.0,20296723301.0,6.784,1.214,29.361,0.0,6.361,0.21694102323752307,0.423,0.334,5327.160593106767,79.356,0.035,Medio,Alta
Dominican Republic,1980.0,DOM,5729043.0,21539808681.0,6.425,1.121,24.153,0.0,5.947,0.20989244792165707,0.478,0.298,4208.721,85.781,0.033,Medio,Media
Dominican Republic,1981.0,DOM,5868459.0,22427979046.0,6.133,1.045,21.86,0.0,5.69,0.2584920892167071,0.443,0.273,4034.242,91.914,0.032,Medio,Media
Dominican Republic,1982.0,DOM,6007115.0,22837394000.0,6.301,1.049,20.167,0.0,5.862,0.2486358742888033,0.438,0.276,4138.934,98.215,0.034,Medio,Media
Dominican Republic,1983.0,DOM,6147244.0,23843930000.0,7.862,1.279,21.247,0.0,7.357,0.0938391230588922,0.505,0.33,4857.171,106.076,0.042,Medio,Alta
Dominican Republic,1984.0,DOM,6289048.0,23906860000.0,7.386,1.174,20.092,0.0,6.87,0.11066950906777351,0.516,0.309,4158.18,113.463,0.038,Medio,Media
Dominican Republic,1985.0,DOM,6430404.0,23302487000.0,7.237,1.125,20.664,0.0,6.786,0.12419479107925102,0.452,0.311,4202.956,120.7,0.036,Medio,Media
Dominican Republic,1986.0,DOM,6571213.0,23995594000.0,8.116,1.235,20.188,0.073,7.57,0.04431056282276202,0.473,0.338,4563.897,128.816,0.04,Medio,Alta
Dominican Republic,1987.0,DOM,6712519.0,25809189000.0,9.682,1.442,21.502,0.616,8.588,-0.08978802106411155,0.478,0.375,4920.676,138.498,0.046,Medio,Alta
Dominican Republic,1988.0,DOM,6855737.0,25978979000.0,9.732,1.419,21.793,0.256,8.827,-0.05713917709247074,0.649,0.375,5402.433,148.23,0.044,Medio,Alta
Dominican Republic,1989.0,DOM,7002300.0,29288298000.0,10.249,1.464,18.607,0.696,8.863,-0.06057630617360377,0.689,0.35,5207.909,158.478,0.046,Medio,Alta
Dominican Republic,1990.0,DOM,7151165.0,27899937000.0,8.929,1.249,17.933,0.026,8.453,0.09172461496544826,0.451,0.32,5573.618,167.408,0.039,Medio,Alta
Dominican Republic,1991.0,DOM,7299849.0,28624479731.0,9.529,1.305,19.016,0.15,8.856,0.005616816492436172,0.523,0.333,5228.107,176.936,0.041,Medio,Alta
Dominican Republic,1992.0,DOM,7447476.0,30699616102.0,10.405,1.397,19.85,0.37,9.46,-0.03814359069131723,0.575,0.339,5499.075,187.342,0.046,Medio,Alta
Dominican Republic,1993.0,DOM,7594567.0,33455873012.0,11.195,1.474,21.587,0.319,10.343,-0.14482972059708077,0.533,0.335,4891.755,198.537,0.049,Medio,Alta
Dominican Republic,1994.0,DOM,7741694.0,34777859424.0,11.781,1.522,27.835,0.275,10.974,-0.14594602700902515,0.532,0.339,5400.124,210.317,0.051,Medio,Alta
Dominican Republic,1995.0,DOM,7888120.0,37276713682.0,15.09,1.913,29.722,0.293,14.194,-0.46917140174601957,0.603,0.405,5713.62,225.407,0.064,Medio,Alta
Dominican Republic,1996.0,DOM,8032895.0,40578813798.0,16.459,2.049,26.163,0.341,15.44,-0.5443559081966738,0.678,0.406,6045.41,241.866,0.068,Medio,Alta
Dominican Republic,1997.0,DOM,8174081.0,44531154793.0,17.234,2.108,29.504,0.37,16.111,-0.537764027327867,0.753,0.387,6347.613,259.1,0.071,Medio,Alta
Dominican Republic,1998.0,DOM,8310369.0,48410050660.0,17.756,2.137,27.642,0.718,16.268,-0.5238537049319771,0.77,0.367,6452.449,276.856,0.073,Medio,Alta
Dominican Republic,1999.0,DOM,8446207.0,52484601874.0,17.775,2.104,35.078,0.619,16.228,-0.4103850683610535,0.928,0.339,7147.488,294.631,0.072,Medio,Alta
Dominican Republic,2000.0,DOM,8584196.0,56344968399.0,18.937,2.206,32.277,0.245,17.679,-0.271823892447677,1.013,0.336,9897.71,313.568,0.074,Medio,Alta
Dominican Republic,2001.0,DOM,8720287.0,58288496906.0,19.083,2.188,32.329,0.539,17.448,-0.2874918191945073,1.096,0.327,9479.191,332.651,0.074,Medio,Alta
Dominican Republic,2002.0,DOM,8852231.0,62671030582.0,20.87,2.358,29.322,0.619,19.049,-0.3927787299164469,1.202,0.333,9836.001,353.521,0.079,Medio,Alta
Dominican Republic,2003.0,DOM,8980626.0,63562914579.0,21.26,2.367,30.794,2.803,16.759,0.568,1.13,0.334,8811.658,374.782,0.077,Medio,Alta
Dominican Republic,2004.0,DOM,9104889.0,65495459116.0,17.254,1.895,27.582,2.063,13.934,0.238,1.018,0.263,7985.057,392.035,0.06,Medio,Media
Dominican Republic,2005.0,DOM,9225035.0,72784646192.0,17.852,1.935,28.129,1.264,15.063,0.473,1.052,0.245,8632.461,409.887,0.06,Alto,Media
Dominican Republic,2006.0,DOM,9341187.0,81940402491.0,19.03,2.037,30.032,1.868,15.118,0.59,1.454,0.232,8546.778,428.917,0.062,Alto,Media
Dominican Republic,2007.0,DOM,9455663.0,90412078042.0,19.909,2.106,31.029,1.931,15.414,1.004,1.56,0.22,8700.519,448.826,0.063,Alto,Media
Dominican Republic,2008.0,DOM,9573135.0,94906712345.0,20.235,2.114,33.088,2.11,15.623,0.927,1.574,0.213,8607.035,469.061,0.063,Alto,Media
Dominican Republic,2009.0,DOM,9695270.0,97411530204.0,19.686,2.031,32.219,2.062,15.287,0.909,1.428,0.202,8380.905,488.747,0.062,Alto,Media
Dominican Republic,2010.0,DOM,9820180.0,107260793439.0,20.445,2.082,33.504,1.85,15.616,1.466,1.513,0.191,8694.755,509.193,0.061,Alto,Media
Dominican Republic,2011.0,DOM,9945623.0,112433265383.0,20.922,2.104,31.723,2.217,15.565,1.678,1.463,0.186,8425.691,530.115,0.061,Alto,Media
Dominican Republic,2012.0,DOM,10070409.0,115488083453.0,20.903,2.076,32.661,1.744,15.67,1.99,1.499,0.181,9214.968,551.018,0.06,Alto,Media
Dominican Republic,2013.0,DOM,10193838.0,121118130894.0,20.842,2.045,33.252,2.15,15.133,2.037,1.521,0.172,8620.207,571.859,0.059,Alto,Media
Dominican Republic,2014.0,DOM,10315523.0,129656952614.0,21.264,2.061,46.7,2.81,14.66,2.004,1.79,0.164,8261.616,593.124,0.06,Alto,Media
Dominican Republic,2015.0,DOM,10434826.0,138638287562.0,22.986,2.203,40.526,2.542,16.57,2.026,1.848,0.166,9146.428,616.11,0.065,Alto,Media
Dominican Republic,2016.0,DOM,10551430.0,147870212847.0,24.14,2.288,40.12,2.531,17.852,1.912,1.845,0.163,9531.96,640.25,0.068,Alto,Media
Dominican Republic,2017.0,DOM,10666846.0,154771313809.0,23.455,2.199,38.426,2.942,16.448,2.191,1.874,0.152,9189.017,663.705,0.065,Alto,Media
Dominican Republic,2018.0,DOM,10782048.0,165578989651.0,25.203,2.338,40.023,2.891,18.191,2.184,1.937,0.152,10097.055,688.908,0.069,Alto,Media
Dominican Republic,2019.0,DOM,10894043.0,173944046167.0,28.471,2.613,43.189,4.455,19.21,2.792,2.013,0.164,11349.343,717.38,0.077,Alto,Media
Dominican Republic,2020.0,DOM,11008298.0,162255006875.0,26.228,2.383,41.114,6.519,14.911,2.943,1.855,0.162,9261.561,743.607,0.075,Alto,Media
Dominican Republic,2021.0,DOM,11123480.0,182166940060.0,29.363,2.64,44.412,6.148,17.283,3.613,2.319,0.161,10724.289,772.97,0.08,Alto,Media
Dominican Republic,2022.0,DOM,11230734.0,191182362267.0,31.225,2.78,46.466,7.43,18.673,2.791,2.331,0.163,11799.487,804.195,0.083,Alto,Media
Dominican Republic,2023.0,DOM,11331269.0,75706571334.50238,31.829,2.809,47.255,7.678,18.635,3.184,2.331,0.3092367154674402,11526.293,836.023,0.084,,
Dominican Republic,2024.0,DOM,11427558.0,76363000619.95222,33.131,2.899,48.538,7.96,19.351,3.488,2.331,0.3114920913881436,13282.80026042841,869.154,0.086,,
East Timor,1950.0,TLS,414767.0,1409520483.2251716,84.90968067337546,4.733026573922859,1.256,54.15196739550034,14.27006015264859,10.49153483598468,5.429715182769561,0.39384937744421383,21866.649069596864,2053.432839388674,0.23555800384085623,,
East Timor,1951.0,TLS,418266.0,1433338041.7536225,84.9099856286291,4.732995458806239,1.267,54.15184390858332,14.27044226179975,10.491585456854835,5.429582899280446,0.39385376537247113,21866.510938395604,2053.4637036487525,0.23557321578848228,,
East Timor,1952.0,TLS,422428.0,1461673110.4603934,84.91933126780724,4.734053845393193,1.607,54.14224278563063,14.289159280260016,10.491558731711237,5.429489707778123,0.3938761279991331,21871.641805722535,2053.4262261280087,0.23557380350383433,,
East Timor,1953.0,TLS,426994.0,1492749663.747693,84.91166850557832,4.73303029838918,1.328,54.15056530346982,14.273270241800681,10.49170280184839,5.429259514204324,0.3938664706736238,21866.709984801262,2053.533075912443,0.23560936364265328,,
East Timor,1954.0,TLS,431906.0,1526186181.5737925,84.91354078172907,4.733162723905907,1.396,54.14887200158968,14.276742700876262,10.491759888034736,5.42908412523556,0.39387538668071886,21867.367371065284,2053.56447662823,0.23562790410393952,,
East Timor,1955.0,TLS,437160.0,1561956494.913464,84.92706387817279,4.734709203802502,1.888,54.1349358562077,14.303878377684931,10.491709452187422,5.4289788058650625,0.3939069094972527,21874.861523033007,2053.5029158104458,0.23562528340402109,,
East Timor,1956.0,TLS,442703.0,1599683737.3931594,84.92006133537038,4.733747094118477,1.633,54.142618650531276,14.289265165357222,10.491862091216994,5.428715782988865,0.3938995748612429,21870.23012008511,2053.6136340837734,0.23566397031994876,,
East Timor,1957.0,TLS,448566.0,1639591943.4790812,84.9185545849736,4.733448908656391,1.578,54.14453534501172,14.28580330958301,10.491966440617276,5.428479714869615,0.39390307664730306,21868.809262352286,2053.682015476125,0.23569339212993262,,
East Timor,1958.0,TLS,454756.0,1681726493.0678854,84.9180098073844,4.733261645388099,1.558,54.145458046059865,14.28427494287471,10.492066486518247,5.428237951186707,0.3939087699791927,21867.925752205996,2053.7455717155613,0.23572241634548302,,
East Timor,1959.0,TLS,461278.0,1726101966.3728151,84.87954602236866,4.728443962020029,0.158,54.18630812038772,14.205633523103238,10.492538601164064,5.427712605137883,0.39384245855524175,21844.659869453808,2054.125469611536,0.23582684008625904,,
East Timor,1960.0,TLS,468130.0,1772742888.3882198,84.87938644384094,4.7282907483439045,0.152,54.18686277140672,14.204843272635983,10.492645054761702,5.4274481529062,0.39384960708608696,21843.94327898692,2054.1921604216436,0.23585810409092,,
East Timor,1961.0,TLS,475300.0,1821550321.503839,84.88304651481172,4.728597104841488,0.285,54.183415300666695,14.211796865746692,10.492719410059408,5.427198760987187,0.39386439105735666,21845.449375406995,2054.230338580653,0.2358833605635357,,
East Timor,1962.0,TLS,482782.0,1872481045.6884112,84.88577258383233,4.728783476401025,0.384,54.18096844744734,14.216830393968529,10.492807581711787,5.426930708554556,0.39387773191808695,21846.376557356347,2054.279207385002,0.2359118467166811,,
East Timor,1963.0,TLS,490572.0,1925508286.9749045,84.8884714128159,4.7289605139366975,0.482,54.17856764584474,14.221787603476699,10.492900732704335,5.426650625572348,0.3938913558116189,21847.259699395207,2054.331239699843,0.2359417773068082,,
East Timor,1964.0,TLS,498664.0,1980591217.6019197,84.89117047485932,4.72913168470999,0.58,54.17618364261908,14.226724755804206,10.492998505284014,5.4263589388295,0.3939053086421772,21848.115541273586,2054.386151379915,0.23597307168782183,,
East Timor,1965.0,TLS,507041.0,2037613996.2194757,84.89362245729795,4.729267162639463,0.669,54.174075767641526,14.231140212583881,10.49310303269565,5.426054535261931,0.39391909993886026,21848.79984349122,2054.4458227956316,0.23600613504824386,,
East Timor,1966.0,TLS,515698.0,2096550493.7253351,84.91162704945569,4.731293699251296,1.324,54.15561503188076,14.26715555732465,10.493061326731457,5.42585045111562,0.39396287690932835,21858.626541582973,2054.3797161663692,0.23601015303441164,,
East Timor,1967.0,TLS,524651.0,2157488929.0535827,84.90383028413272,4.730168175265395,1.04,54.16432616866183,14.250695843199999,10.493273861975311,5.4254507143751365,0.39395773568727527,21853.217158337855,2054.529527717916,0.23606579202255762,,
East Timor,1968.0,TLS,533880.0,2220312934.4353647,84.90974511771464,4.730709290546579,1.255,54.15862182847966,14.26209345861404,10.493357920166495,5.425138301953757,0.393979062342584,21855.865309258308,2054.5687280216357,0.2360959554840913,,
East Timor,1969.0,TLS,543360.0,2284872753.6979322,84.97017595591015,4.737893325146341,3.454,54.09555516734015,14.384306687204287,10.492918207659045,5.425205606661079,0.39410470215085003,21890.62633788241,2054.160073829235,0.23602100741824378,,
East Timor,1970.0,TLS,553079.0,2351012639.696106,84.93710027263384,4.733670273533517,2.25,54.13091484938486,14.31640209727022,10.493387123913209,5.424595887256258,0.3940521510066922,21870.246136186743,2054.5259728458427,0.2361293723970574,,
East Timor,1971.0,TLS,562974.0,2418374850.984794,84.9526053470009,4.735367846305066,2.814,54.11515465009353,14.347251683669377,10.49338856333295,5.424326376565778,0.3940925044159441,21878.48696169542,2054.4923211853115,0.23614385415567063,,
East Timor,1972.0,TLS,572975.0,2486470488.224099,84.9918787372624,4.739961718231634,4.243,54.074384981809516,14.426415764900476,10.493161592528473,5.424222549854944,0.3941783333588653,21900.728923753315,2054.2633776510806,0.23611249305705934,,
East Timor,1973.0,TLS,582862.0,2553766695.277023,84.98430251454553,4.738844855646714,3.967,54.082916715208825,14.410340923995548,10.493386293558359,5.423788495992566,0.394174628960544,21895.364687787438,2054.420278744796,0.23617192145475813,,
East Timor,1974.0,TLS,590831.0,2608024253.804721,85.01074223803192,4.741913423509422,4.929,54.05553942464561,14.463551917030792,10.49325241739863,5.423671095856852,0.3942337554596147,21910.22616996746,2054.277942130761,0.2361563923966346,,
East Timor,1975.0,TLS,598168.0,2657962805.326414,85.0031365696979,4.740842747453217,4.652,54.06395823694224,14.447590570068797,10.493438361026655,5.423334824517246,0.3942272211734956,21905.076251239214,2054.4107576427555,0.2362043588923945,,
East Timor,1976.0,TLS,607632.0,2722385212.8872437,85.00660606690697,4.741081084945301,4.778,54.06084080359905,14.45400076698219,10.493549683556466,5.422995916370523,0.3942441366833464,21906.261593378065,2054.472396111621,0.2362403496130953,,
East Timor,1977.0,TLS,618319.0,2795146972.691305,85.0390380324782,4.744827305264802,5.958,54.02731024803009,14.519209389414428,10.493399428205095,5.4228168650336155,0.3943176554043364,21924.408399179392,2054.3065010129553,0.2362254205741571,,
East Timor,1978.0,TLS,628780.0,2866346666.229353,85.02409822182011,4.742801303463163,5.414,54.043624334730445,14.488125130261707,10.493704183456138,5.422308161163967,0.39430052244563957,21914.651381628693,2054.5296945452515,0.2363017927221029,,
East Timor,1979.0,TLS,638725.0,2934037674.5463486,85.01652204386309,4.7416833141490455,5.138,54.05215929430814,14.472046437315441,10.493929772075589,5.421871878764774,0.3942968812206548,21909.281902585648,2054.687148629641,0.23636148303990578,,
East Timor,1980.0,TLS,649877.0,3009944069.6113167,85.00782021055574,4.740404498376706,4.821,54.06194709115658,14.453597197176087,10.494184735008886,5.421381173468971,0.3942924046392767,21903.139221428242,2054.8654151527767,0.23642881959277923,,
East Timor,1981.0,TLS,660503.0,3082268664.5071735,84.99639767632273,4.738804181246458,4.405,54.074568660131476,14.429652449514954,10.494457975827046,5.420891249881093,0.39428216364072555,21895.44055065096,2055.0611336152383,0.23649908234153905,,
East Timor,1982.0,TLS,669156.0,3141171060.0009604,85.00066340175658,4.739155443916493,4.56,54.07056745049521,14.437736536925541,10.494549175338015,5.420589194095859,0.3942997165555968,21897.16892899045,2055.1084585087006,0.2365298577202017,,
East Timor,1983.0,TLS,677704.0,3199355773.1027718,84.99902133479577,4.738788345146587,4.5,54.07277809227002,14.433817042974297,10.49469594368172,5.420248978838336,0.39430588063445526,21895.424366129733,2055.20357425216,0.23657167237921733,,
East Timor,1984.0,TLS,686786.0,3261179683.937417,85.00598020857099,4.739459642828692,4.753,54.065966634499325,14.447347217067751,10.494767646824101,5.419949672130214,0.39432903987514284,21898.701305321014,2055.232749316387,0.23659913707411095,,
East Timor,1985.0,TLS,696671.0,3328467377.9129543,85.00859822112932,4.73958593001877,4.848,54.063769123175476,14.451997699049066,10.49489365596471,5.419588504109603,0.3943447883149516,21899.346471708046,2055.3054368537255,0.23663868905176708,,
East Timor,1986.0,TLS,707191.0,3400080792.21819,85.01786633373115,4.740510751664034,5.185,54.05460841461033,14.470124864945667,10.49496502680391,5.419250430113513,0.3943739187280989,21903.853997210073,2055.329259370075,0.23666814928229601,,
East Timor,1987.0,TLS,718487.0,3476970944.432435,85.01628134291563,4.7400969706483425,5.127,54.056914071495996,14.466134590025383,10.495153316663327,5.418805020820278,0.3943831807948522,21901.8934156937,2055.450121551687,0.23672226643338373,,
East Timor,1988.0,TLS,730753.0,3560455805.712163,84.99870506339659,4.737714236740712,4.487,54.07610483082655,14.429567600276549,10.495511223918562,5.418208123284684,0.394362979651772,21890.418283147108,2055.7123107098755,0.2368119306031447,,
East Timor,1989.0,TLS,744860.0,3656510864.947839,85.05839757371123,4.744717916558385,6.659,54.01407636727162,14.549965226708721,10.495149499836742,5.418092345779128,0.39449224330365423,21924.323711976464,2055.3538991869023,0.23675932331401284,,
East Timor,1990.0,TLS,760348.0,3761960325.242177,85.1061932938637,4.750243914038786,8.398,53.96464686244029,14.646082435801041,10.494924058721068,5.417838529506993,0.39460030487528025,21951.090843286376,2055.1069192881546,0.23673613997772897,,
East Timor,1991.0,TLS,778286.0,3884035287.933711,85.05116924927471,4.743183985195659,6.395,54.023570394500865,14.532997411311513,10.49573123330876,5.416756206788191,0.3945148067498284,21917.02596860714,2055.732505413794,0.236924408020242,,
East Timor,1992.0,TLS,799323.0,4027231095.5588875,85.04852014443495,4.742450294525212,6.298,54.02754574287056,14.52618153390052,10.496078963710616,5.4159288648045685,0.39453263353296303,21913.553124172697,2055.955092059265,0.237024602686784,,
East Timor,1993.0,TLS,821445.0,4177817221.6266623,85.05548908145889,4.742868272401281,6.551,54.021459618991315,14.53884566284276,10.496350221477208,5.415128521545219,0.39456999588233305,21915.651274976433,2056.108594682069,0.23711095424645218,,
East Timor,1994.0,TLS,844501.0,4312280155.450968,0.0,0.0,5.259,-1.8166928106899638,-5.447572930601176,7.958079357863454,0.16347237432281547,0.12929314176932677,571.6296917953096,0.0,0.0,,
East Timor,1995.0,TLS,868152.0,4473270964.994649,0.0,0.0,4.791,-1.7892272697735576,-5.477601916427528,7.95821815445194,0.16531161866490018,0.1294486919281588,570.1319348320485,0.0,0.0,,
East Timor,1996.0,TLS,892289.0,4637569830.870647,0.0,0.0,4.227,-1.7565777770190163,-5.513166969561478,7.9583119035745264,0.16757296687260448,0.1296248127170075,568.4471491710929,0.0,0.0,,
East Timor,1997.0,TLS,917189.0,4807062148.043408,0.0,0.0,3.466,-1.713314536611728,-5.560059016446468,7.95830926551897,0.17070291320947506,0.1298425376473506,566.3850168212666,0.0,0.0,,
East Timor,1998.0,TLS,942537.0,4979854293.925779,0.061,0.064,3.294,-1.6497197133538002,-5.573588480693584,7.963144677505882,0.17468154390441226,0.13442344847969265,850.189578185893,0.061,0.0,,
East Timor,1999.0,TLS,834699.0,4246273026.7297754,0.153,0.183,3.568,-1.6084448978997887,-5.526932156970593,7.970534726271291,0.1721950286544458,0.14246289737441797,1388.5612539875547,0.214,0.001,,
East Timor,2000.0,TLS,745095.0,3636779342.3109636,0.22,0.295,3.654,-1.5611460666410464,-5.515063133967438,7.977450329757879,0.17414415590145582,0.1500401612400199,1890.2036454755025,0.433,0.001,,
East Timor,2001.0,TLS,812253.0,4093337333.840685,0.119,0.146,3.697,-1.6337887041042602,-5.534612877731016,7.967604642716039,0.1759297867292049,0.13972170755963675,1219.76946459374,0.552,0.0,,
East Timor,2002.0,TLS,879170.0,4549685706.712086,0.262,0.298,3.993,-7.704291743933423,0.161,8.450420828564324,0.0,0.1466012958124089,2057.0369649994627,0.814,0.001,,
East Timor,2003.0,TLS,916876.0,4804990641.767893,0.249,0.271,3.967,-7.761410004628278,0.161,8.385108924892323,0.0,0.1500949906846306,762.503,1.063,0.001,,
East Timor,2004.0,TLS,929081.0,4888116946.836132,0.497,0.535,4.326,-7.534426327212055,0.176,8.285237707494243,0.0,0.17221775357535243,814.81,1.56,0.002,,
East Timor,2005.0,TLS,948310.0,5018996901.956818,0.321,0.339,4.379,-7.708726181133281,0.176,8.363367139449338,0.0,0.1556734905472717,801.067,1.881,0.001,,
East Timor,2006.0,TLS,976610.0,5211629211.92346,0.317,0.324,4.496,1.1389627800079525,0.18,0.0,0.0,0.12323448353010763,793.593,2.197,0.001,,
East Timor,2007.0,TLS,1004898.0,5404189922.17236,0.288,0.287,5.024,1.1188621769564286,0.183,0.0,0.0,0.12019118777700731,798.306,2.486,0.001,,
East Timor,2008.0,TLS,1032431.0,5591656214.637465,0.285,0.276,4.826,1.101342853622132,0.202,0.0,0.0,0.11923202371498041,853.965,2.771,0.001,,
East Timor,2009.0,TLS,1058783.0,5771103069.490853,0.322,0.304,4.538,1.1064841461667505,0.227,0.0,0.0,0.12140098742513752,931.8,3.092,0.001,,
East Timor,2010.0,TLS,1084688.0,5947451761.504843,0.313,0.289,4.913,1.093543890032794,0.236,0.0,0.0,0.12013658934284066,946.715,3.406,0.001,,
East Timor,2011.0,TLS,1110212.0,6121205530.069899,0.434,0.391,5.246,1.1733293405409189,0.245,0.0,0.0,0.12841418642605912,959.721,3.839,0.001,,
East Timor,2012.0,TLS,1134891.0,6289329633.364257,0.591,0.521,5.299,1.2504426129625696,0.291,0.0,0.0,0.1387235225944376,1111.077,4.431,0.002,,
East Timor,2013.0,TLS,1158697.0,6451843094.951806,0.62,0.535,4.976,1.2426005712465242,0.353,0.0,0.0,0.1385894640710461,1638.827,5.051,0.002,,
East Timor,2014.0,TLS,1181913.0,6610055765.984341,0.627,0.531,4.687,1.1711902137371508,0.44,0.0,0.0,0.13777553068017717,1843.689,5.678,0.002,,
East Timor,2015.0,TLS,1205133.0,6768052611.054503,0.59,0.49,4.694,1.1529749622962235,0.429,0.0,0.0,0.13465559049380044,1772.924,6.268,0.002,,
East Timor,2016.0,TLS,1228314.0,6925783180.970535,0.643,0.523,4.547,1.1053654208082444,0.509,0.0,0.0,0.137534053980798,1701.149,6.911,0.002,,
East Timor,2017.0,TLS,1251711.0,7085048890.601251,0.693,0.554,5.741,1.1012721579072688,0.553,0.0,0.0,0.13989403682294468,1702.687,7.604,0.002,,
East Timor,2018.0,TLS,1275962.0,7250175902.129957,0.617,0.484,4.706,1.1051550814798192,0.498,0.0,0.0,0.13426978783026225,1759.182,8.221,0.002,,
East Timor,2019.0,TLS,1300946.0,7420531234.3296795,0.675,0.519,5.086,1.0609508743583427,0.605,0.0,0.0,0.1362227614401348,2086.275,8.897,0.002,,
East Timor,2020.0,TLS,1326051.0,7591311502.937939,0.646,0.487,5.295,1.053151533295195,0.586,0.0,0.0,0.13395114335885153,1961.227,9.543,0.002,,
East Timor,2021.0,TLS,1350142.0,7755233833.348427,0.62,0.459,5.589,1.0454109699912737,0.572,0.0,0.0,0.13186239913409242,1886.52,10.163,0.002,,
East Timor,2022.0,TLS,1369299.0,7885663833.589947,0.67,0.489,4.992,1.0466337952311944,0.609,0.0,0.0,0.1343184161119928,1917.651,10.832,0.002,,
East Timor,2023.0,TLS,1384292.0,7987794881.736887,0.637,0.46,4.867,1.0303554195825253,0.606,0.0,0.0,0.13178365651754773,2000.235,11.469,0.002,,
East Timor,2024.0,TLS,1400638.0,8098333346.224382,0.668,0.477,4.875,0.9736688119472042,0.634,0.0,0.0,0.1339268758908562,1529.970588739643,12.137,0.002,,
Ecuador,1950.0,ECU,3516791.0,10008766582.0,0.74,0.21,54.204,0.0,0.711,0.0,0.029,0.074,-219.01172257805115,22.674,0.012,Medio,Baja
Ecuador,1951.0,ECU,3607837.0,10114922076.0,0.704,0.195,62.287,0.0,0.663,0.0,0.04,0.07,-289.16782662686785,23.378,0.011,Medio,Baja
Ecuador,1952.0,ECU,3702403.0,11363106880.0,0.895,0.242,61.079,0.001,0.85,0.0,0.044,0.079,-67.3930344079156,24.273,0.014,Medio,Baja
Ecuador,1953.0,ECU,3800296.0,11601652540.0,0.821,0.216,63.332,0.0,0.777,0.0,0.044,0.071,-182.6917773218803,25.094,0.012,Medio,Baja
Ecuador,1954.0,ECU,3901514.0,12537338458.0,0.963,0.247,69.431,0.0,0.916,0.0,0.047,0.077,-40.96077052694318,26.057,0.014,Medio,Baja
Ecuador,1955.0,ECU,4006189.0,12868194002.0,1.198,0.299,70.851,0.0,1.125,0.0,0.073,0.093,186.6136474634004,27.254,0.016,Medio,Baja
Ecuador,1956.0,ECU,4114537.0,13350172356.0,1.296,0.315,63.279,0.0,1.22,0.0,0.076,0.097,262.4237773370962,28.551,0.016,Medio,Baja
Ecuador,1957.0,ECU,4226856.0,13948669278.0,1.132,0.268,72.029,0.0,1.055,0.0,0.076,0.081,59.429899423600546,29.682,0.014,Medio,Baja
Ecuador,1958.0,ECU,4343499.0,14357382640.0,1.322,0.304,73.371,0.0,1.242,0.0,0.08,0.092,220.25838382622078,31.004,0.016,Medio,Baja
Ecuador,1959.0,ECU,4464761.0,15122956921.0,1.293,0.29,72.768,0.0,1.216,0.0,0.076,0.085,165.40164962484755,32.297,0.015,Medio,Baja
Ecuador,1960.0,ECU,4590893.0,16113823643.0,1.762,0.384,107.459,0.0,1.663,0.0,0.098,0.109,559.8876991222162,34.059,0.019,Medio,Baja
Ecuador,1961.0,ECU,4722334.0,16516332892.0,1.644,0.348,66.168,0.9782059301460315,1.535,0.0,0.109,0.1,1182.0796287846229,35.703,0.017,Medio,Baja
Ecuador,1962.0,ECU,4859272.0,17397223328.0,1.564,0.322,59.037,0.977320599969127,1.458,0.0,0.105,0.09,1081.6381284308222,37.267,0.016,Medio,Baja
Ecuador,1963.0,ECU,5001721.0,17832787034.0,1.794,0.359,52.309,0.9302034708715559,1.667,0.0,0.127,0.101,1216.1509590109085,39.061,0.017,Medio,Baja
Ecuador,1964.0,ECU,5149925.0,19090890615.0,2.142,0.416,53.161,0.8955024337283246,2.001,0.0,0.142,0.112,1458.4588981686306,41.203,0.02,Medio,Baja
Ecuador,1965.0,ECU,5303960.0,20931715327.0,2.274,0.429,44.647,0.9076990395539686,2.114,0.0,0.16,0.109,1632.163,43.477,0.02,Medio,Baja
Ecuador,1966.0,ECU,5463749.0,21480731938.0,2.417,0.442,36.197,0.871370663170222,2.231,0.0,0.185,0.113,1667.809,45.894,0.02,Medio,Baja
Ecuador,1967.0,ECU,5629060.0,22615180396.0,2.589,0.46,34.516,0.8519116407101541,2.396,0.0,0.193,0.114,1751.561,48.483,0.021,Medio,Baja
Ecuador,1968.0,ECU,5799683.0,23865287367.0,3.113,0.537,57.731,0.849916001359766,2.865,0.033,0.214,0.13,2007.357,51.596,0.024,Medio,Baja
Ecuador,1969.0,ECU,5975234.0,25174072465.0,3.589,0.601,50.459,1.1484086807636005,2.971,0.033,0.226,0.143,2070.111,55.184,0.026,Medio,Baja
Ecuador,1970.0,ECU,6155392.0,26934481035.0,4.278,0.695,59.672,1.3594523451982812,3.47,0.033,0.164,0.159,2400.014,59.463,0.029,Medio,Media
Ecuador,1971.0,ECU,6340056.0,28491928397.0,4.219,0.666,57.0,1.097643111450096,3.664,0.033,0.182,0.148,2560.128,63.682,0.027,Medio,Baja
Ecuador,1972.0,ECU,6529040.0,30239822869.0,4.589,0.703,52.351,1.0270729990951688,3.994,0.04,0.24,0.152,2597.506,68.271,0.028,Medio,Media
Ecuador,1973.0,ECU,6722036.0,34007409134.0,5.256,0.782,75.462,1.3938420430855007,4.28,0.066,0.24,0.155,2700.366,73.527,0.031,Medio,Media
Ecuador,1974.0,ECU,6918571.0,35996915648.0,6.084,0.879,81.515,1.3197169275337801,5.081,0.066,0.287,0.169,3062.45,79.611,0.036,Medio,Media
Ecuador,1975.0,ECU,7118258.0,37890544107.0,7.355,1.033,87.468,1.1264013968139066,6.394,0.073,0.294,0.194,3014.544,86.965,0.043,Medio,Media
Ecuador,1976.0,ECU,7320913.0,41566181567.0,8.101,1.107,100.4,1.1422110365762155,7.094,0.073,0.301,0.195,3227.021,95.067,0.045,Medio,Media
Ecuador,1977.0,ECU,7526826.0,44204554499.0,7.474,0.993,85.414,1.3018613837952113,6.368,0.095,0.307,0.169,3732.44,102.541,0.041,Medio,Media
Ecuador,1978.0,ECU,7736176.0,47288274461.0,10.41,1.346,89.218,1.025559144110339,9.186,0.095,0.407,0.22,3798.254,112.95,0.055,Medio,Media
Ecuador,1979.0,ECU,7948871.0,49857551304.0,12.146,1.528,105.458,1.0828055310340847,10.629,0.084,0.535,0.244,3849.357,125.096,0.062,Medio,Media
Ecuador,1980.0,ECU,8165882.0,52132724572.0,13.416,1.643,122.933,0.9730054986529701,11.86,0.073,0.676,0.257,4753.697,138.512,0.069,Medio,Media
Ecuador,1981.0,ECU,8386913.0,54252144625.0,16.662,1.987,117.458,0.6083265147628616,15.165,0.132,0.599,0.307,5133.6,155.174,0.088,Medio,Media
Ecuador,1982.0,ECU,8611296.0,54863241738.0,19.249,2.235,93.569,0.2785246584421621,17.591,0.172,0.768,0.351,5494.224,174.424,0.103,Medio,Alta
Ecuador,1983.0,ECU,8840424.0,53726525367.0,19.517,2.208,113.715,0.2536529426999117,17.92,0.202,0.684,0.363,5241.693,193.941,0.103,Medio,Alta
Ecuador,1984.0,ECU,9074783.0,55920453187.0,21.209,2.337,133.403,0.2888865666476441,19.368,0.194,0.834,0.379,5682.862,215.15,0.109,Medio,Alta
Ecuador,1985.0,ECU,9311152.0,58293684914.0,19.378,2.081,116.013,0.7650241686919337,17.202,0.187,0.94,0.332,6547.877,234.528,0.096,Medio,Alta
Ecuador,1986.0,ECU,9545999.0,60010587566.0,15.222,1.595,96.599,1.400241732093999,12.79,0.191,0.962,0.254,6694.515,249.75,0.074,Medio,Media
Ecuador,1987.0,ECU,9779290.0,56249617291.0,15.055,1.539,81.22,0.6894234018010632,13.293,0.095,1.022,0.268,6735.193,264.805,0.071,Medio,Media
Ecuador,1988.0,ECU,10010804.0,62261234000.0,17.205,1.719,70.98,1.2959800220600535,14.612,0.191,1.043,0.276,7598.915,282.01,0.078,Medio,Media
Ecuador,1989.0,ECU,10241859.0,62369318027.0,20.194,1.972,91.878,1.3910776939365768,17.093,0.363,1.064,0.324,7659.501,302.204,0.091,Medio,Alta
Ecuador,1990.0,ECU,10473674.0,64188502782.0,16.501,1.575,100.662,1.7892456806951689,13.26,0.509,1.061,0.257,7731.968,318.704,0.073,Medio,Media
Ecuador,1991.0,ECU,10702377.0,67933582437.0,16.198,1.514,82.521,1.5446997044492008,13.124,0.601,1.081,0.238,8356.9,334.903,0.07,Medio,Media
Ecuador,1992.0,ECU,10930128.0,70873835048.0,21.998,2.013,84.647,0.9349798938538179,19.138,0.465,1.054,0.31,8140.747,356.9,0.098,Medio,Media
Ecuador,1993.0,ECU,11154283.0,72804333284.0,24.121,2.163,109.915,0.9576684067148626,21.119,0.535,0.98,0.331,8268.7,381.022,0.106,Medio,Alta
Ecuador,1994.0,ECU,11372197.0,76428090430.0,14.338,1.261,80.881,2.588650840731102,10.648,0.484,1.007,0.188,8821.755,395.36,0.062,Medio,Media
Ecuador,1995.0,ECU,11590519.0,78692037555.0,23.534,2.03,83.241,1.8384002399301558,19.558,0.465,1.214,0.299,8180.669,418.894,0.1,Medio,Media
Ecuador,1996.0,ECU,11810954.0,80612101466.0,25.337,2.145,81.505,2.048402431161641,20.863,0.495,1.4,0.314,9136.731,444.231,0.105,Medio,Alta
Ecuador,1997.0,ECU,12031129.0,84682917021.0,19.461,1.618,93.902,2.4912393142772977,15.253,0.451,1.337,0.23,9992.515,463.693,0.08,Medio,Media
Ecuador,1998.0,ECU,12251188.0,88055994335.0,23.117,1.887,93.718,1.9002015649430213,19.28,0.462,1.195,0.263,9863.863,486.809,0.095,Medio,Media
Ecuador,1999.0,ECU,12470800.0,84464765477.0,21.997,1.764,88.811,1.7362989721927669,18.478,0.432,1.053,0.26,8839.105,508.806,0.089,Medio,Media
Ecuador,2000.0,ECU,12689215.0,85978888021.0,20.949,1.651,70.151,1.6002402211062368,17.324,0.473,1.278,0.244,8206.088,529.755,0.082,Medio,Media
Ecuador,2001.0,ECU,12910736.0,90060703680.0,23.436,1.815,66.875,1.5020502018559831,19.647,0.48,1.325,0.26,8170.174,553.191,0.091,Medio,Media
Ecuador,2002.0,ECU,13138473.0,94404507340.0,24.861,1.892,62.31,1.1696383631512894,21.233,0.476,1.353,0.263,7924.009,578.053,0.095,Medio,Media
Ecuador,2003.0,ECU,13372304.0,97642542688.0,27.113,2.028,127.521,1.286068369906772,22.871,0.931,1.389,0.278,7972.256,605.165,0.098,Medio,Media
Ecuador,2004.0,ECU,13608700.0,106393261231.0,29.31,2.154,81.361,1.1211009506391925,24.659,1.136,1.545,0.275,8381.104,634.476,0.102,Medio,Media
Ecuador,2005.0,ECU,13846162.0,112798230080.0,30.652,2.214,72.371,1.168298256774353,26.007,0.894,1.632,0.272,8719.008,665.127,0.104,Alto,Media
Ecuador,2006.0,ECU,14086138.0,118581678982.0,29.781,2.114,70.386,1.2429772826798704,24.918,0.956,1.828,0.251,9064.634,694.908,0.097,Alto,Media
Ecuador,2007.0,ECU,14328783.0,122016284055.0,34.393,2.4,92.255,0.980637087201778,29.312,1.022,1.948,0.282,9369.433,729.301,0.109,Alto,Media
Ecuador,2008.0,ECU,14575201.0,130654762337.0,30.488,2.092,82.088,1.4947337033813888,24.915,0.931,2.394,0.233,9830.746,759.789,0.095,Alto,Media
Ecuador,2009.0,ECU,14825960.0,132310294703.0,33.815,2.281,77.756,1.367644371138308,27.971,1.099,2.33,0.256,9429.752,793.603,0.107,Alto,Media
Ecuador,2010.0,ECU,15076697.0,137913290159.0,36.469,2.419,81.584,1.5114288272094,30.331,1.158,2.284,0.264,10293.648,830.073,0.109,Alto,Media
Ecuador,2011.0,ECU,15326232.0,149795272280.0,38.48,2.511,107.057,0.8324078841094078,32.873,1.048,2.459,0.257,10742.646,868.553,0.112,Alto,Media
Ecuador,2012.0,ECU,15572195.0,158246726051.0,37.493,2.408,80.43,0.27345499958030217,32.148,1.4,2.441,0.237,11169.487,906.046,0.107,Alto,Media
Ecuador,2013.0,ECU,15807132.0,166075183974.0,39.685,2.511,90.648,0.15484407789548982,33.973,1.59,2.631,0.239,11356.213,945.731,0.112,Alto,Media
Ecuador,2014.0,ECU,16035127.0,172367775440.0,43.76,2.729,145.965,0.40660576118141734,37.614,1.631,2.628,0.254,11759.381,989.491,0.123,Alto,Media
Ecuador,2015.0,ECU,16266229.0,172538423301.0,41.298,2.539,95.883,0.5337481988290946,35.442,1.535,2.333,0.239,11560.524,1030.788,0.117,Alto,Media
Ecuador,2016.0,ECU,16505142.0,170423090933.0,39.375,2.386,88.937,0.6875501158719501,33.474,1.652,2.21,0.231,11354.271,1070.163,0.111,Alto,Media
Ecuador,2017.0,ECU,16759515.0,174458721084.0,39.196,2.339,84.039,0.6666036631657732,33.387,1.535,2.265,0.225,11641.728,1109.359,0.109,Alto,Media
Ecuador,2018.0,ECU,17049542.0,176707497535.0,38.451,2.255,100.005,0.3734087411805973,33.155,1.356,2.309,0.218,12104.737,1147.81,0.105,Alto,Media
Ecuador,2019.0,ECU,17340017.0,176728682555.0,40.083,2.312,97.606,0.3196873914744103,34.933,1.213,2.21,0.227,12187.595,1187.893,0.108,Alto,Media
Ecuador,2020.0,ECU,17546058.0,162965075602.0,32.473,1.851,76.739,0.9255044198725848,27.465,1.03,2.03,0.199,10421.851,1220.366,0.092,Alto,Media
Ecuador,2021.0,ECU,17682454.0,169866634253.0,38.185,2.159,79.062,0.9923411697457354,32.668,1.085,2.11,0.225,12023.042,1258.551,0.104,Alto,Media
Ecuador,2022.0,ECU,17823900.0,175028884708.0,42.066,2.36,80.527,0.836921314430505,36.448,1.002,2.19,0.24,12495.487,1300.617,0.112,Alto,Media
Ecuador,2023.0,ECU,17980079.0,120967043570.48099,44.6,2.481,62.182,1.2560842089120428,38.524,0.912,2.19,0.2455708469482008,12916.207,1345.216,0.117,,
Ecuador,2024.0,ECU,18135478.0,122024751740.39421,45.98,2.535,63.137,1.279171277989974,39.525,1.171,2.19,0.24821850091968234,12722.083,1391.196,0.119,,
Egypt,1950.0,EGY,21148168.0,30757265430.0,10.233,0.484,34.346,0.509,9.219,-0.36746679135221916,0.505,0.333,2541.7867235438807,74.692,0.173,Bajo,Alta
Egypt,1951.0,EGY,21605922.0,31319511767.0,10.559,0.489,35.436,0.674,9.325,-0.3961463539520633,0.56,0.337,2509.84309166282,85.25,0.165,Bajo,Alta
Egypt,1952.0,EGY,22104946.0,31890447832.0,10.893,0.493,35.462,0.473,9.951,-0.4444636013902368,0.469,0.342,2510.6543498656265,96.143,0.168,Bajo,Alta
Egypt,1953.0,EGY,22644148.0,32425276611.0,10.779,0.476,34.588,0.183,10.054,-0.44985332637954323,0.542,0.332,2454.5969014903476,106.922,0.162,Bajo,Alta
Egypt,1954.0,EGY,23212564.0,33014046457.0,11.664,0.503,36.014,0.323,10.68,-0.5245171363624932,0.662,0.353,2571.76596807035,118.586,0.172,Bajo,Alta
Egypt,1955.0,EGY,23795234.0,33660149082.0,10.642,0.447,34.437,0.26,9.706,-0.4527475208747165,0.676,0.316,2293.437894330857,129.228,0.143,Bajo,Alta
Egypt,1956.0,EGY,24387350.0,35246453074.0,9.942,0.408,33.37,0.234,9.039,-0.3942078810743159,0.669,0.282,2132.9362052917813,139.171,0.125,Bajo,Media
Egypt,1957.0,EGY,24994417.0,36864357105.0,11.917,0.477,36.569,0.44,10.754,-0.5414661728771255,0.723,0.323,2407.9201960392056,151.088,0.146,Bajo,Alta
Egypt,1958.0,EGY,25600327.0,38667510800.0,13.683,0.534,39.648,0.667,12.267,-0.6657208893638542,0.749,0.354,2635.250783316339,164.77,0.163,Bajo,Alta
Egypt,1959.0,EGY,26226866.0,40509592207.0,12.707,0.484,37.417,0.209,11.615,-0.5973074416910209,0.883,0.314,2474.8424122151846,177.477,0.143,Bajo,Alta
Egypt,1960.0,EGY,26896480.0,42417642812.0,16.033,0.596,42.868,0.414,14.608,-0.830872686923394,1.01,0.378,2907.496994862411,193.51,0.171,Bajo,Alta
Egypt,1961.0,EGY,27600903.0,45220061162.0,17.066,0.618,44.359,0.781,15.267,-0.8752436832313932,1.018,0.377,3040.9157425037165,210.576,0.181,Bajo,Alta
Egypt,1962.0,EGY,28337017.0,48232704312.0,18.571,0.655,47.199,0.707,16.759,-0.9640119123557722,1.105,0.385,3234.977685237376,229.147,0.191,Bajo,Alta
Egypt,1963.0,EGY,29091868.0,51444885351.0,21.527,0.74,52.174,0.707,19.58,-1.1429814560646054,1.239,0.418,3605.867257408574,250.674,0.21,Bajo,Alta
Egypt,1964.0,EGY,29858925.0,54901977710.0,25.491,0.854,61.21,1.213,22.933,0.099,1.247,0.464,4399.604441411464,276.165,0.235,Bajo,Alta
Egypt,1965.0,EGY,30629174.0,58532797078.0,27.609,0.901,64.423,1.026,25.293,0.095,1.196,0.472,2993.062,303.774,0.244,Bajo,Alta
Egypt,1966.0,EGY,31406543.0,58874123632.0,26.532,0.845,61.682,0.674,24.545,0.106,1.207,0.451,3071.422,330.306,0.224,Bajo,Alta
Egypt,1967.0,EGY,32196366.0,58134979062.0,19.65,0.61,53.173,1.11,17.074,0.106,1.359,0.338,2565.035,349.956,0.161,Bajo,Alta
Egypt,1968.0,EGY,32998322.0,59081301193.0,22.873,0.693,60.182,1.154,20.057,0.106,1.555,0.387,2700.67,372.829,0.177,Bajo,Alta
Egypt,1969.0,EGY,33811619.0,63097380070.0,19.665,0.582,55.45,1.261,15.095,0.136,1.785,0.312,2170.117,392.494,0.143,Bajo,Alta
Egypt,1970.0,EGY,34623990.0,67114480660.0,21.654,0.625,55.134,1.227,16.588,0.165,1.82,0.323,2640.702,414.148,0.145,Bajo,Alta
Egypt,1971.0,EGY,35433370.0,69906256035.0,22.977,0.648,56.894,0.916,18.497,0.161,1.902,0.329,2652.595,437.125,0.148,Bajo,Alta
Egypt,1972.0,EGY,36258327.0,71250784582.0,25.406,0.701,58.137,0.938,21.303,0.136,1.821,0.357,2876.305,462.531,0.157,Bajo,Alta
Egypt,1973.0,EGY,37102044.0,73196094210.0,23.663,0.638,55.251,0.898,19.427,0.169,1.69,0.323,2656.801,486.195,0.139,Bajo,Alta
Egypt,1974.0,EGY,37969667.0,76018039937.0,25.972,0.684,57.662,1.543,20.268,0.081,1.496,0.342,2950.706,512.166,0.153,Bajo,Alta
Egypt,1975.0,EGY,38875326.0,83697412500.0,30.899,0.795,64.334,3.561,23.12,0.088,1.609,0.369,3197.098,543.065,0.182,Bajo,Alta
Egypt,1976.0,EGY,39795558.0,96606690000.0,34.272,0.861,69.705,2.283,26.875,0.729,1.48,0.355,3734.689,577.337,0.192,Medio,Alta
Egypt,1977.0,EGY,40748878.0,109254142863.0,37.616,0.923,74.724,2.539,29.572,2.096,1.405,0.344,3957.69,614.954,0.205,Medio,Alta
Egypt,1978.0,EGY,41761437.0,117620134695.0,39.054,0.935,78.299,1.99,31.129,3.078,1.267,0.332,4079.214,654.008,0.205,Medio,Alta
Egypt,1979.0,EGY,42818635.0,126908742875.0,42.662,0.996,82.662,1.817,33.108,5.529,1.222,0.336,4345.811,696.669,0.219,Medio,Alta
Egypt,1980.0,EGY,43950413.0,140607640554.0,44.918,1.022,87.168,1.817,38.703,3.078,1.225,0.319,4815.932,741.587,0.231,Medio,Alta
Egypt,1981.0,EGY,45147226.0,146244912996.0,50.58,1.12,93.643,2.895,42.601,3.661,1.384,0.346,5340.203,792.167,0.268,Medio,Alta
Egypt,1982.0,EGY,46407612.0,161850661687.0,56.0,1.207,101.187,3.221,47.005,4.082,1.645,0.346,5796.433,848.167,0.299,Medio,Alta
Egypt,1983.0,EGY,47786401.0,174291279742.0,56.38,1.18,103.112,2.257,47.848,4.199,2.075,0.323,6085.674,904.547,0.298,Medio,Alta
Egypt,1984.0,EGY,49247336.0,184976095312.0,62.942,1.278,112.537,2.257,52.941,5.35,2.394,0.34,6439.177,967.489,0.323,Medio,Alta
Egypt,1985.0,EGY,50734974.0,197156335898.0,63.087,1.243,114.934,2.275,51.864,6.881,2.066,0.32,6481.711,1030.575,0.313,Medio,Alta
Egypt,1986.0,EGY,52206296.0,202297853121.0,73.378,1.406,124.703,2.763,59.906,8.042,2.666,0.363,6442.069,1103.953,0.359,Medio,Alta
Egypt,1987.0,EGY,53674436.0,207425830324.0,73.377,1.367,127.647,2.924,57.484,9.984,2.985,0.354,6644.321,1177.331,0.348,Medio,Alta
Egypt,1988.0,EGY,55187680.0,216114296320.0,72.847,1.32,126.586,2.583,55.488,11.523,3.253,0.337,6557.203,1250.178,0.332,Medio,Alta
Egypt,1989.0,EGY,56710641.0,222664804375.0,69.94,1.233,125.328,2.832,50.762,12.31,4.035,0.314,6726.564,1320.117,0.315,Medio,Alta
Egypt,1990.0,EGY,58396625.0,227979905812.0,72.884,1.248,129.264,3.36,52.075,13.015,4.433,0.32,6701.131,1393.001,0.321,Medio,Alta
Egypt,1991.0,EGY,60029001.0,241323329041.0,74.447,1.24,141.137,2.697,51.839,14.904,5.006,0.308,6604.019,1467.448,0.321,Medio,Media
Egypt,1992.0,EGY,61480663.0,254191038156.0,77.419,1.259,141.343,2.59,53.132,16.118,5.579,0.305,6386.172,1544.867,0.344,Medio,Media
Egypt,1993.0,EGY,62915681.0,269984893134.0,90.835,1.444,155.092,3.415,62.757,18.511,6.152,0.336,6245.07,1635.702,0.399,Medio,Alta
Egypt,1994.0,EGY,64285596.0,286215812013.0,87.483,1.361,153.291,3.693,53.089,20.158,6.725,0.306,6427.995,1723.185,0.381,Medio,Media
Egypt,1995.0,EGY,65652621.0,305979220895.0,97.968,1.492,165.182,2.451,58.104,26.011,7.298,0.32,6668.746,1821.153,0.417,Medio,Alta
Egypt,1996.0,EGY,67028045.0,328668878031.0,97.042,1.448,166.247,3.43,53.652,27.707,7.872,0.295,6881.848,1918.195,0.4,Medio,Media
Egypt,1997.0,EGY,68431738.0,354503266736.0,110.934,1.621,178.861,2.851,70.384,25.063,8.445,0.313,7021.602,2029.13,0.455,Medio,Alta
Egypt,1998.0,EGY,69943297.0,380551417847.0,124.256,1.777,191.674,2.792,82.594,26.293,9.018,0.327,7153.041,2153.386,0.511,Medio,Alta
Egypt,1999.0,EGY,71520953.0,409935668443.0,126.987,1.776,194.761,2.506,79.54,31.625,9.591,0.31,7506.734,2280.373,0.511,Medio,Media
Egypt,2000.0,EGY,73083287.0,444250275939.0,142.837,1.954,210.582,3.144,85.32,40.718,10.169,0.322,7779.254,2423.21,0.56,Medio,Alta
Egypt,2001.0,EGY,74652035.0,475679003242.0,126.372,1.693,194.289,2.748,66.434,43.361,10.466,0.266,7947.725,2549.582,0.492,Medio,Media
Egypt,2002.0,EGY,76239140.0,501912285229.0,128.362,1.684,197.826,2.957,57.133,52.97,11.929,0.256,8004.338,2677.944,0.489,Medio,Media
Egypt,2003.0,EGY,77853548.0,528750466385.0,149.954,1.926,221.16,3.063,73.293,58.212,11.929,0.284,8297.523,2827.898,0.542,Medio,Media
Egypt,2004.0,EGY,79477441.0,561597926809.0,151.917,1.911,225.003,3.191,75.638,57.625,12.03,0.271,8581.729,2979.815,0.531,Medio,Media
Egypt,2005.0,EGY,81101012.0,600297394092.0,166.934,2.058,240.169,3.067,79.21,68.622,12.862,0.278,8624.019,3146.749,0.564,Medio,Media
Egypt,2006.0,EGY,82700404.0,650403845291.0,178.389,2.157,252.567,2.928,83.689,73.833,14.764,0.274,8907.385,3325.138,0.583,Medio,Media
Egypt,2007.0,EGY,84276224.0,713462332878.0,189.201,2.245,262.79,2.917,84.763,81.128,17.496,0.265,9309.617,3514.339,0.601,Alto,Media
Egypt,2008.0,EGY,85864791.0,775303694329.0,195.86,2.281,272.889,2.854,92.404,83.31,14.327,0.253,9687.769,3710.199,0.611,Alto,Media
Egypt,2009.0,EGY,87501635.0,831415021492.0,205.243,2.346,281.384,2.689,98.338,81.788,19.119,0.247,9847.488,3915.442,0.651,Alto,Media
Egypt,2010.0,EGY,89196073.0,898751418203.0,202.704,2.273,276.046,4.126,95.594,81.949,18.27,0.226,10035.327,4118.146,0.608,Alto,Media
Egypt,2011.0,EGY,91093066.0,923052843843.0,221.675,2.434,297.452,1.7,106.393,92.679,17.012,0.24,10336.393,4339.821,0.643,Alto,Media
Egypt,2012.0,EGY,93161000.0,950287307199.0,212.524,2.281,289.324,1.803,97.477,92.919,15.31,0.224,10518.4,4552.346,0.608,Alto,Media
Egypt,2013.0,EGY,95333551.0,984556585202.0,219.087,2.298,293.691,1.7,103.374,90.4,19.143,0.223,10209.089,4771.432,0.621,Alto,Media
Egypt,2014.0,EGY,97528655.0,1035721838706.0,227.254,2.33,302.445,1.495,118.497,81.7,20.331,0.219,9863.477,4998.686,0.641,Alto,Media
Egypt,2015.0,EGY,99597334.0,1079611566322.0,226.654,2.276,300.73,1.345,111.266,84.152,24.578,0.21,9800.544,5225.34,0.64,Alto,Media
Egypt,2016.0,EGY,101644583.0,1121578599865.0,245.164,2.412,320.884,1.608,118.243,94.823,25.226,0.219,10135.914,5470.504,0.693,Alto,Media
Egypt,2017.0,EGY,103696055.0,1158060486104.0,253.364,2.443,329.105,6.507,108.447,108.407,25.612,0.219,10325.806,5723.868,0.704,Alto,Media
Egypt,2018.0,EGY,105682092.0,1220661740193.0,241.903,2.289,316.985,13.007,97.802,102.697,24.134,0.198,10137.438,5965.771,0.659,Alto,Media
Egypt,2019.0,EGY,107553159.0,1289253465646.0,234.06,2.176,303.625,10.124,76.284,120.52,22.768,0.182,9749.406,6199.831,0.631,Alto,Media
Egypt,2020.0,EGY,109315118.0,1307778142529.0,246.323,2.253,316.237,5.401,98.241,116.631,21.615,0.188,9028.072,6446.154,0.701,Alto,Media
Egypt,2021.0,EGY,110957005.0,1400985648780.0,266.839,2.405,337.687,8.702,104.622,122.938,26.662,0.19,9564.884,6712.993,0.724,Alto,Media
Egypt,2022.0,EGY,112618252.0,1460427350416.0,249.899,2.219,323.034,7.762,109.147,104.011,25.276,0.171,9857.579,6962.892,0.666,Alto,Media
Egypt,2023.0,EGY,114535772.0,778227607897.7098,250.23,2.185,322.882,8.639,106.311,103.064,28.698,0.1649877793595968,9566.154,7213.122,0.657,,
Egypt,2024.0,EGY,116538256.0,791859024572.1361,258.368,2.217,332.462,12.121,112.97,102.624,27.594,0.14289398985797103,9660.864,7471.49,0.669,,
El Salvador,1950.0,SLV,2183513.0,4607025115.0,0.268,0.123,9.239,0.0,0.267,0.9279610545109676,0.0,0.058,986.6365986872061,0.372,0.005,Bajo,Baja
El Salvador,1951.0,SLV,2235309.0,4697813872.0,0.323,0.145,8.978,0.001,0.322,0.9051455073061915,0.0,0.069,1052.1962022923967,0.695,0.005,Bajo,Baja
El Salvador,1952.0,SLV,2287960.0,5049962255.0,0.389,0.17,8.836,0.0,0.388,0.8900907184570461,0.0,0.077,1146.8961568745244,1.084,0.006,Bajo,Baja
El Salvador,1953.0,SLV,2341981.0,5409457708.0,0.418,0.178,9.486,0.0,0.399,0.8897034671374449,0.018,0.077,1187.0592918569841,1.502,0.006,Medio,Baja
El Salvador,1954.0,SLV,2397832.0,5474092830.0,0.47,0.196,9.694,0.001,0.443,0.8724697310802225,0.025,0.086,1247.591359957722,1.971,0.007,Medio,Baja
El Salvador,1955.0,SLV,2456598.0,5752749792.0,0.462,0.188,10.543,0.001,0.432,0.8808229633225628,0.029,0.08,1225.0562621717568,2.433,0.006,Medio,Baja
El Salvador,1956.0,SLV,2518179.0,6208903406.0,0.527,0.209,11.325,0.0,0.495,0.8698229625263612,0.033,0.085,1311.6899320441794,2.961,0.007,Medio,Baja
El Salvador,1957.0,SLV,2582514.0,6537358685.0,0.597,0.231,11.587,0.0,0.553,0.858218057635636,0.044,0.091,1395.7452940743183,3.558,0.007,Medio,Baja
El Salvador,1958.0,SLV,2648670.0,6679128452.0,0.597,0.225,11.271,0.0,0.553,0.8588065181684393,0.044,0.089,1373.7759926381073,4.155,0.007,Medio,Baja
El Salvador,1959.0,SLV,2717539.0,6978779205.0,0.604,0.222,12.515,0.0,0.564,0.8609810018855817,0.04,0.087,1365.221153722655,4.759,0.007,Medio,Baja
El Salvador,1960.0,SLV,2791448.0,7261993000.0,0.619,0.222,11.122,0.0,0.575,0.8602249473623966,0.044,0.085,1371.416183837277,5.378,0.007,Medio,Baja
El Salvador,1961.0,SLV,2870022.0,7517507689.0,0.582,0.203,11.053,-7.7481480148094946,0.546,8.45075626314482,0.036,0.077,1887.1338205925126,5.96,0.006,Medio,Baja
El Salvador,1962.0,SLV,2949211.0,8413417629.0,0.648,0.22,11.369,-7.759821689297661,0.616,8.45829910682789,0.033,0.077,1970.9475027974754,6.608,0.007,Medio,Baja
El Salvador,1963.0,SLV,3028678.0,8780534912.0,1.125,0.371,11.836,-7.880999450409114,1.085,8.480223705203162,0.04,0.128,2518.577508288383,7.733,0.011,Medio,Baja
El Salvador,1964.0,SLV,3111893.0,9596141724.0,1.231,0.395,11.127,-7.903679539735155,1.187,8.49710867662251,0.044,0.128,2630.258607509375,8.963,0.011,Medio,Baja
El Salvador,1965.0,SLV,3199474.0,10112822222.0,1.04,0.325,10.589,-7.859124447795917,1.0,8.49545362582786,0.04,0.103,2378.917892583996,10.004,0.009,Medio,Baja
El Salvador,1966.0,SLV,3290962.0,10836105773.0,1.304,0.396,10.182,-7.909730469936875,1.235,8.509138183305657,0.069,0.12,2666.4946627252884,11.307,0.011,Medio,Baja
El Salvador,1967.0,SLV,3385192.0,11425164024.0,1.157,0.342,10.244,-7.875095117549154,1.088,8.506680531959114,0.069,0.101,2469.303911492478,12.465,0.009,Medio,Baja
El Salvador,1968.0,SLV,3480775.0,11795955920.0,1.26,0.362,9.425,-7.900500419110955,1.183,8.516077802637245,0.076,0.107,2547.538912182155,13.725,0.01,Medio,Baja
El Salvador,1969.0,SLV,3576488.0,12211503046.0,1.19,0.333,8.574,-7.8942857220166935,1.121,8.52227108295341,0.069,0.097,2439.4653929174438,14.915,0.009,Medio,Baja
El Salvador,1970.0,SLV,3668799.0,12570427554.0,1.428,0.389,12.765,-7.922448385760664,1.348,8.517814546351548,0.08,0.114,2648.7671620872907,16.343,0.01,Medio,Baja
El Salvador,1971.0,SLV,3757531.0,13182820116.0,1.509,0.402,13.78,-7.928840839967231,1.418,8.520984363281281,0.091,0.114,2711.126175124207,17.852,0.01,Medio,Baja
El Salvador,1972.0,SLV,3846835.0,13906455445.0,1.677,0.436,13.009,-7.965378128041246,1.568,8.537321295830274,0.109,0.121,2846.8048769507186,19.529,0.01,Medio,Baja
El Salvador,1973.0,SLV,3938073.0,14612158971.0,1.967,0.499,11.847,-8.026520319216782,1.847,8.562921534492393,0.12,0.135,3103.2780672770696,21.496,0.012,Medio,Baja
El Salvador,1974.0,SLV,4029675.0,15542391281.0,1.97,0.489,12.723,-8.008816497670011,1.825,8.558357630934214,0.145,0.127,3089.3764175073557,23.466,0.012,Medio,Baja
El Salvador,1975.0,SLV,4120451.0,16413573103.0,2.105,0.511,12.518,-8.030673680117957,1.942,8.571141444886434,0.164,0.128,3190.8789122762246,25.571,0.012,Medio,Baja
El Salvador,1976.0,SLV,4210312.0,17058357500.0,2.207,0.524,13.178,-8.04812923983727,2.048,8.58291803666365,0.158,0.129,3245.6417143228437,27.778,0.012,Medio,Baja
El Salvador,1977.0,SLV,4301259.0,18087910404.0,2.281,0.53,15.308,-8.041351841114484,2.099,8.57896819354977,0.182,0.126,3288.387931432695,30.059,0.012,Medio,Baja
El Salvador,1978.0,SLV,4394126.0,19247498474.0,2.381,0.542,17.439,-8.031049861060286,2.162,8.571360287374413,0.219,0.124,3364.0749210778795,32.44,0.013,Medio,Baja
El Salvador,1979.0,SLV,4480389.0,18922279500.0,2.376,0.53,16.39,-8.024499626481578,2.096,8.558851908975253,0.28,0.126,3307.2221419090065,34.816,0.012,Medio,Baja
El Salvador,1980.0,SLV,4540377.0,17280720800.0,2.118,0.467,12.809,-8.070264623738993,1.872,8.538328149570383,0.246,0.123,2224.909,36.934,0.011,Medio,Baja
El Salvador,1981.0,SLV,4570602.0,15850662218.0,1.818,0.398,11.124,-8.044856300103401,1.605,8.53073656,0.213,0.115,1947.302,38.752,0.01,Medio,Baja
El Salvador,1982.0,SLV,4622478.0,14958442836.0,1.751,0.379,10.541,-8.055113973837273,1.557,8.543202329647674,0.194,0.117,1948.948,40.503,0.009,Medio,Baja
El Salvador,1983.0,SLV,4707368.0,15073953925.0,1.884,0.4,13.374,-8.06521626573948,1.685,8.53594996736156,0.198,0.125,2006.782,42.386,0.01,Medio,Baja
El Salvador,1984.0,SLV,4798003.0,15421202358.0,1.587,0.331,11.299,-8.032934096104498,1.407,8.564640038815952,0.18,0.103,2021.178,43.973,0.008,Medio,Baja
El Salvador,1985.0,SLV,4894703.0,15722768434.0,1.963,0.401,12.447,-8.093290626495357,1.762,8.5577303992936,0.201,0.125,2077.305,45.937,0.01,Medio,Baja
El Salvador,1986.0,SLV,4992772.0,15830936553.0,1.965,0.394,11.544,-8.107917388509314,1.77,8.577770938134389,0.196,0.124,2168.1,47.902,0.01,Medio,Baja
El Salvador,1987.0,SLV,5092443.0,16252801599.0,2.411,0.474,13.53,-8.15584074903961,2.143,8.540807985147381,0.268,0.148,2073.657,50.314,0.011,Medio,Baja
El Salvador,1988.0,SLV,5195828.0,16515978445.0,2.43,0.468,10.239,-8.184648467000617,2.158,8.576371954078189,0.272,0.147,2218.028,52.743,0.011,Medio,Baja
El Salvador,1989.0,SLV,5298977.0,16692308713.0,2.544,0.48,11.124,-8.205070896272463,2.272,8.572036264971146,0.272,0.152,2144.943,55.287,0.011,Medio,Media
El Salvador,1990.0,SLV,5399728.0,17260964768.0,2.471,0.458,12.261,-8.185594290815395,2.198,8.579865384589432,0.273,0.143,2210.895,57.758,0.011,Medio,Baja
El Salvador,1991.0,SLV,5495081.0,18153449125.0,3.149,0.573,14.138,-8.292496033705536,2.862,8.58743151391636,0.288,0.173,2354.288,60.907,0.014,Medio,Media
El Salvador,1992.0,SLV,5585611.0,19825256603.0,3.313,0.593,13.63,-8.357691411013246,3.136,8.66702249248791,0.176,0.167,2651.586,64.22,0.015,Medio,Media
El Salvador,1993.0,SLV,5659959.0,21604952339.0,3.966,0.701,13.657,0.004,3.602,0.46317705961215727,0.361,0.184,2670.243,68.187,0.017,Medio,Media
El Salvador,1994.0,SLV,5714138.0,23258530978.0,4.502,0.788,15.12,0.004,4.144,0.4225332568003741,0.354,0.194,2925.279,72.689,0.02,Medio,Media
El Salvador,1995.0,SLV,5762135.0,25119269330.0,4.986,0.865,13.795,0.004,4.613,0.43172571586033914,0.369,0.198,3643.881,77.674,0.021,Medio,Media
El Salvador,1996.0,SLV,5805286.0,25931149474.0,4.4,0.758,13.815,0.004,4.005,0.5220701382575982,0.391,0.17,3573.513,82.074,0.018,Medio,Media
El Salvador,1997.0,SLV,5844578.0,27444887250.0,5.398,0.924,17.424,0.004,4.976,0.40225497953723055,0.419,0.197,3666.203,87.472,0.022,Medio,Media
El Salvador,1998.0,SLV,5880786.0,28907125564.0,5.711,0.971,18.795,0.004,5.272,0.4215521368630579,0.435,0.198,4211.862,93.184,0.024,Medio,Media
El Salvador,1999.0,SLV,5913908.0,30355223155.0,5.567,0.941,19.47,0.004,5.144,0.46830734253260875,0.419,0.183,4341.954,98.75,0.022,Medio,Media
El Salvador,2000.0,SLV,5943363.0,31478454275.0,5.648,0.95,15.57,0.004,5.214,0.47091199235987524,0.43,0.179,4442.162,104.398,0.022,Medio,Media
El Salvador,2001.0,SLV,5968058.0,32499941192.0,5.829,0.977,12.149,0.004,5.357,0.44907910931250405,0.469,0.179,4427.587,110.227,0.023,Medio,Media
El Salvador,2002.0,SLV,5986629.0,33751219265.0,6.036,1.008,10.055,0.0,5.514,0.44685439714715003,0.521,0.179,4612.663,116.263,0.023,Medio,Media
El Salvador,2003.0,SLV,5998597.0,35029541311.0,6.396,1.066,10.002,0.004,5.851,0.426341476104093,0.541,0.183,4833.146,122.659,0.023,Medio,Media
El Salvador,2004.0,SLV,6004673.0,36185189370.0,6.216,1.035,7.851,0.004,5.727,0.45515701182063606,0.485,0.172,4849.703,128.875,0.022,Medio,Media
El Salvador,2005.0,SLV,6005583.0,38001442916.0,6.262,1.043,7.494,0.004,5.83,0.4645503557376449,0.428,0.165,4925.601,135.137,0.021,Medio,Media
El Salvador,2006.0,SLV,6002321.0,40054319005.0,6.689,1.114,9.883,0.004,6.181,0.4444889279527544,0.505,0.167,5134.85,141.826,0.022,Medio,Media
El Salvador,2007.0,SLV,6009820.0,42202462933.0,6.819,1.135,10.042,0.004,6.321,0.4565745003411781,0.495,0.162,5342.946,148.645,0.022,Medio,Media
El Salvador,2008.0,SLV,6029302.0,43393063628.0,6.375,1.057,9.12,0.004,5.885,0.49422443367264735,0.486,0.147,5063.321,155.02,0.02,Medio,Baja
El Salvador,2009.0,SLV,6048284.0,42668179532.0,6.283,1.039,9.631,0.004,5.83,0.49655613618544914,0.449,0.147,5005.614,161.303,0.02,Medio,Baja
El Salvador,2010.0,SLV,6068253.0,43862777197.0,6.287,1.036,9.277,0.004,5.808,0.5036987111232443,0.475,0.143,5024.517,167.589,0.019,Medio,Baja
El Salvador,2011.0,SLV,6090128.0,45520507146.0,6.467,1.062,9.029,0.004,5.98,0.4891567293465202,0.483,0.142,5032.225,174.056,0.019,Medio,Baja
El Salvador,2012.0,SLV,6113977.0,46608113564.0,6.436,1.053,9.375,0.004,5.932,0.5063917652860379,0.501,0.138,5140.093,180.493,0.018,Medio,Baja
El Salvador,2013.0,SLV,6138845.0,48017379514.0,6.058,0.987,8.74,0.004,5.625,0.5397988901317149,0.43,0.126,4971.976,186.551,0.017,Medio,Baja
El Salvador,2014.0,SLV,6162952.0,49026874064.0,6.12,0.993,9.875,0.004,5.76,0.5464508111209406,0.357,0.125,5116.345,192.671,0.017,Alto,Baja
El Salvador,2015.0,SLV,6183675.0,50319726389.0,6.637,1.073,9.081,0.004,6.28,0.5175052953487819,0.353,0.132,5442.877,199.308,0.019,Alto,Baja
El Salvador,2016.0,SLV,6200808.0,51794877474.0,6.572,1.06,8.484,0.004,6.254,0.5328356627603112,0.314,0.127,5503.396,205.88,0.019,Alto,Baja
El Salvador,2017.0,SLV,6213538.0,53295513328.0,5.942,0.956,7.736,0.0,5.621,0.5945357115187071,0.321,0.111,5317.579,211.822,0.017,Alto,Baja
El Salvador,2018.0,SLV,6219803.0,55053057931.0,6.452,1.037,8.188,0.0,6.064,0.5841999102368705,0.388,0.117,5810.084,218.274,0.018,Alto,Baja
El Salvador,2019.0,SLV,6222316.0,56393644127.0,7.634,1.227,8.837,0.0,7.178,0.5112397139745757,0.457,0.135,6477.021,225.908,0.021,Alto,Baja
El Salvador,2020.0,SLV,6234679.0,51960808936.0,6.135,0.984,6.529,0.0,5.778,0.5708342575693075,0.357,0.118,5385.433,232.043,0.017,Alto,Baja
El Salvador,2021.0,SLV,6255780.0,57771997522.0,6.977,1.115,7.705,0.0,6.595,0.0,0.382,0.121,6263.183,239.019,0.019,Alto,Baja
El Salvador,2022.0,SLV,6280316.0,59270934820.0,7.913,1.26,8.763,0.0,7.133,0.399,0.38,0.134,6867.604,246.932,0.021,Alto,Baja
El Salvador,2023.0,SLV,6309629.0,41519467638.29864,8.67,1.374,9.409,0.0,7.562,0.728,0.38,0.2291541703791496,7157.062,255.602,0.023,,
El Salvador,2024.0,SLV,6338197.0,41712228652.343254,8.972,1.416,9.874,0.0,7.853,0.739,0.38,0.2364563633683656,5473.914267547084,264.574,0.023,,
Equatorial Guinea,1950.0,GNQ,226570.0,168167000.0,0.011,0.049,-1.178,-7.656132410041948,0.011,8.448093154222377,0.0,0.065,1170.6164117843682,0.011,0.0,Bajo,Baja
Equatorial Guinea,1951.0,GNQ,230628.0,176978000.0,0.011,0.048,-0.844,-7.649787726993075,0.011,8.44769312411374,0.0,0.062,1176.9913788661943,0.022,0.0,Bajo,Baja
Equatorial Guinea,1952.0,GNQ,234690.0,183365000.0,0.011,0.047,-0.834,-7.646886927881143,0.011,8.448381074929845,0.0,0.06,1179.5890814764953,0.033,0.0,Bajo,Baja
Equatorial Guinea,1953.0,GNQ,238805.0,190740000.0,0.011,0.046,0.657,-7.635075156134533,0.011,8.442208062506774,0.0,0.058,1182.6951007093267,0.044,0.0,Bajo,Baja
Equatorial Guinea,1954.0,GNQ,242985.0,200923000.0,0.029,0.121,-0.651,-7.776560456243805,0.029,8.421978043593931,0.0,0.146,1214.5542427090704,0.073,0.0,Bajo,Baja
Equatorial Guinea,1955.0,GNQ,247228.0,206790000.0,0.037,0.148,-0.282,-7.821722493094532,0.037,8.411231277687449,0.0,0.177,1228.791328823028,0.11,0.0,Bajo,Media
Equatorial Guinea,1956.0,GNQ,251534.0,215260000.0,0.037,0.146,0.214,-7.808438143546791,0.037,8.41161958644353,0.0,0.17,1245.1680013627097,0.147,0.0,Bajo,Media
Equatorial Guinea,1957.0,GNQ,255931.0,223214000.0,0.033,0.129,-0.609,-7.780261785184127,0.033,8.422297218777516,0.0,0.148,1245.0898235406985,0.18,0.0,Bajo,Baja
Equatorial Guinea,1958.0,GNQ,260397.0,230838000.0,0.048,0.183,0.686,-7.8578392472876075,0.048,8.397206294300673,0.0,0.206,1294.539720539422,0.227,0.001,Bajo,Media
Equatorial Guinea,1959.0,GNQ,265003.0,243600000.0,0.048,0.18,-0.923,-7.852770697964539,0.048,8.408486059110334,0.0,0.196,1316.4556601636177,0.275,0.001,Bajo,Media
Equatorial Guinea,1960.0,GNQ,269813.0,268644000.0,0.022,0.081,0.542,-7.674142726641113,0.022,8.438033720358625,0.0,0.082,1260.2737514044657,0.297,0.0,Bajo,Baja
Equatorial Guinea,1961.0,GNQ,274907.0,295368000.0,0.022,0.08,0.541,-7.662411356478421,0.022,8.441281917476545,0.0,0.074,1284.853922895722,0.319,0.0,Bajo,Baja
Equatorial Guinea,1962.0,GNQ,280294.0,326190000.0,0.022,0.078,-0.96,-7.661251644508788,0.022,8.450983774934349,0.0,0.067,1300.4992094309491,0.341,0.0,Bajo,Baja
Equatorial Guinea,1963.0,GNQ,285974.0,371500000.0,0.026,0.09,-1.085,-7.665704043376817,0.026,8.452505985801238,0.0,0.069,1349.8736946669355,0.366,0.0,Bajo,Baja
Equatorial Guinea,1964.0,GNQ,291954.0,425880000.0,0.026,0.088,0.652,-7.642156431088633,0.026,8.448090391165326,0.0,0.06,1373.93183327614,0.392,0.0,Bajo,Baja
Equatorial Guinea,1965.0,GNQ,298248.0,480194000.0,0.029,0.098,0.061,-7.647869186230928,0.029,8.451917366426983,0.0,0.061,1417.3330316872562,0.421,0.0,Bajo,Baja
Equatorial Guinea,1966.0,GNQ,304868.0,499968000.0,0.026,0.084,0.294,-7.6315502561469355,0.026,8.453257738917202,0.0,0.051,1387.7629267186348,0.447,0.0,Bajo,Baja
Equatorial Guinea,1967.0,GNQ,311814.0,535080000.0,0.026,0.082,-1.044,-7.635483461247368,0.026,8.460596516916748,0.0,0.048,1388.7778222626894,0.473,0.0,Bajo,Baja
Equatorial Guinea,1968.0,GNQ,318853.0,552826000.0,0.029,0.092,-0.05,-7.637544094424495,0.029,8.455336977054934,0.0,0.053,1418.1135836059175,0.502,0.0,Bajo,Baja
Equatorial Guinea,1969.0,GNQ,322525.0,538005000.0,0.044,0.136,-0.277,-7.683846752554963,0.044,8.450470003377541,0.0,0.082,1520.0195697079794,0.546,0.0,Bajo,Baja
Equatorial Guinea,1970.0,GNQ,320815.0,522180000.0,0.037,0.114,0.048,-7.663213752708023,0.037,8.450924941445281,0.0,0.07,1460.0114774141152,0.583,0.0,Bajo,Baja
Equatorial Guinea,1971.0,GNQ,315946.0,544986000.0,0.066,0.209,-0.32,-7.744390714218479,0.066,8.444443620392368,0.0,0.121,1722.6268700751357,0.649,0.0,Bajo,Baja
Equatorial Guinea,1972.0,GNQ,309474.0,557946000.0,0.088,0.284,-0.388,-7.798961345247292,0.088,8.437037489542165,0.0,0.158,1948.1240026764112,0.736,0.001,Bajo,Media
Equatorial Guinea,1973.0,GNQ,302293.0,597284000.0,0.029,0.097,-0.521,-7.634258502613738,0.029,8.460041165541284,0.0,0.049,1456.2815936688794,0.766,0.0,Bajo,Baja
Equatorial Guinea,1974.0,GNQ,294957.0,616500000.0,0.051,0.174,-0.531,-7.6870084226611795,0.051,8.45630881278927,0.0,0.083,1696.1806212482534,0.817,0.0,Bajo,Baja
Equatorial Guinea,1975.0,GNQ,287912.0,656040000.0,0.062,0.216,-0.56,-7.706020171828156,0.062,8.457079881088418,0.0,0.095,1851.0118495658858,0.879,0.0,Medio,Baja
Equatorial Guinea,1976.0,GNQ,281042.0,659523000.0,0.062,0.222,-0.462,-7.703721682553011,0.062,8.457731026981367,0.0,0.094,1883.1569239315495,0.942,0.0,Medio,Baja
Equatorial Guinea,1977.0,GNQ,276784.0,707924000.0,0.062,0.225,-0.956,-7.697763888814885,0.062,8.462980379895752,0.0,0.088,1919.145623936443,1.004,0.0,Medio,Baja
Equatorial Guinea,1978.0,GNQ,276534.0,672945000.0,0.07,0.252,-0.942,-7.720772008885417,0.07,8.46027454584959,0.0,0.103,1992.061866221091,1.074,0.0,Medio,Baja
Equatorial Guinea,1979.0,GNQ,279848.0,636922000.0,0.062,0.223,-0.855,-7.712151560240503,0.062,8.45812565619553,0.0,0.098,1873.1576135941864,1.136,0.0,Medio,Baja
Equatorial Guinea,1980.0,GNQ,288652.0,668928000.0,0.059,0.203,-0.32,-7.743315919089673,0.059,8.42389961870661,0.0,0.088,851.152,1.194,0.0,Medio,Baja
Equatorial Guinea,1981.0,GNQ,303262.0,708016000.0,0.07,0.23,-1.302,-7.76308800303698,0.07,8.41429056170568,0.0,0.098,807.951,1.264,0.0,Medio,Baja
Equatorial Guinea,1982.0,GNQ,322226.0,721905000.0,0.073,0.227,-0.31,-7.767495213852223,0.073,8.42558803552712,0.0,0.102,948.949,1.337,0.0,Bajo,Baja
Equatorial Guinea,1983.0,GNQ,343429.0,760200000.0,0.062,0.181,-0.45,-7.740404840650802,0.062,8.438013072145022,0.0,0.082,890.362,1.4,0.0,Bajo,Baja
Equatorial Guinea,1984.0,GNQ,364905.0,767655000.0,0.081,0.221,-0.86,-7.776800568898672,0.081,8.42026790246391,0.0,0.105,840.242,1.48,0.0,Bajo,Baja
Equatorial Guinea,1985.0,GNQ,385553.0,865150000.0,0.066,0.171,-0.041,-7.732980072470639,0.066,8.447109755796635,0.0,0.076,950.664,1.546,0.0,Medio,Baja
Equatorial Guinea,1986.0,GNQ,404740.0,846356000.0,0.081,0.199,-0.235,-7.75980440921253,0.081,8.41791494655444,0.0,0.095,755.488,1.627,0.0,Bajo,Baja
Equatorial Guinea,1987.0,GNQ,422529.0,882018000.0,0.099,0.234,-1.123,-7.7908975103067775,0.099,8.4092382950506,0.0,0.112,751.829,1.726,0.0,Bajo,Baja
Equatorial Guinea,1988.0,GNQ,439659.0,907104000.0,0.106,0.242,0.233,-7.790808235566994,0.106,8.39763789254447,0.0,0.117,724.433,1.832,0.0,Bajo,Baja
Equatorial Guinea,1989.0,GNQ,456821.0,894919000.0,0.117,0.257,1.25,-7.810928072073667,0.117,8.423495261517123,0.0,0.131,1104.593,1.949,0.001,Bajo,Baja
Equatorial Guinea,1990.0,GNQ,474289.0,917854000.0,0.062,0.131,0.113,-7.728879244451678,0.062,8.474126171523253,0.0,0.068,1063.911,2.012,0.0,Bajo,Baja
Equatorial Guinea,1991.0,GNQ,492220.0,925022421.0,0.066,0.134,1.089,-7.727813624267672,0.066,8.46479487403574,0.0,0.071,1025.154,2.077,0.0,Bajo,Baja
Equatorial Guinea,1992.0,GNQ,510775.0,1054728158.0,0.066,0.129,1.053,-7.716375133353736,0.066,8.463993429485592,0.0,0.063,990.548,2.143,0.0,Bajo,Baja
Equatorial Guinea,1993.0,GNQ,530030.0,1160722252.0,0.07,0.131,2.587,-7.7029844974888615,0.07,8.452909070367319,0.0,0.06,952.024,2.213,0.0,Bajo,Baja
Equatorial Guinea,1994.0,GNQ,550148.0,1275597171.0,1.149,2.089,3.49,-7.72585949085266,0.073,7.655213301936559,0.0,0.901,917.21,3.362,0.005,Medio,Alta
Equatorial Guinea,1995.0,GNQ,571274.0,1433333474.0,1.223,2.142,3.658,-7.581738101059145,0.081,7.633505544154266,0.0,0.854,883.237,4.586,0.005,Medio,Alta
Equatorial Guinea,1996.0,GNQ,593496.0,1938735996.0,1.359,2.29,8.079,-7.217578366701359,0.132,7.5580658842216675,0.0,0.701,852.487,5.945,0.006,Medio,Alta
Equatorial Guinea,1997.0,GNQ,616897.0,3808985683.0,1.975,3.201,9.039,-6.402034247722851,0.304,7.222676765088522,0.0,0.518,920.595,7.92,0.008,Medio,Alta
Equatorial Guinea,1998.0,GNQ,641478.0,4506473125.0,2.295,3.578,11.899,1.880303101423367,0.22,0.037,0.0,0.509,1223.171,10.215,0.009,Medio,Alta
Equatorial Guinea,1999.0,GNQ,667222.0,5587884417.0,2.511,3.763,12.63,2.0837368710749224,0.292,0.037,0.0,0.449,1175.983,12.725,0.01,Alto,Alta
Equatorial Guinea,2000.0,GNQ,703287.0,6341192117.0,2.699,3.838,13.83,2.398158601760606,0.374,0.059,0.0,0.426,4588.026,15.425,0.011,Alto,Alta
Equatorial Guinea,2001.0,GNQ,749836.0,10710877546.0,3.091,4.122,14.278,2.7659533762970048,0.454,0.037,0.0,0.289,2431.702,18.516,0.012,Alto,Media
Equatorial Guinea,2002.0,GNQ,797968.0,12944267386.0,2.765,3.465,12.564,4.37208020358887,0.616,0.191,0.0,0.214,35377.777,21.281,0.011,Alto,Media
Equatorial Guinea,2003.0,GNQ,847867.0,14778140796.0,3.13,3.691,12.858,4.545970645175984,0.799,0.191,0.0,0.212,36078.625,24.41,0.011,Alto,Media
Equatorial Guinea,2004.0,GNQ,899924.0,18414357582.0,6.137,6.82,17.579,2.3988339915002053,1.118,2.495,0.0,0.333,6878.594,30.548,0.021,Alto,Alta
Equatorial Guinea,2005.0,GNQ,947370.0,20168023886.0,6.206,6.551,16.748,3.543087517631751,1.162,2.496,0.0,0.308,23845.182,36.754,0.021,Alto,Media
Equatorial Guinea,2006.0,GNQ,990349.0,21346957199.0,6.172,6.233,17.883,3.792394640523785,1.209,2.495,0.0,0.289,27874.07,42.926,0.02,Alto,Media
Equatorial Guinea,2007.0,GNQ,1036053.0,24766652343.0,5.711,5.513,18.614,4.180608094005878,1.238,1.924,0.0,0.231,29474.863,48.638,0.018,Alto,Media
Equatorial Guinea,2008.0,GNQ,1084538.0,29298389312.0,5.926,5.464,18.163,3.932359914578322,1.235,2.341,0.0,0.202,27828.389,54.563,0.018,Alto,Media
Equatorial Guinea,2009.0,GNQ,1135683.0,29853093503.0,4.883,4.3,16.98,3.8797861699443446,1.197,1.666,0.0,0.164,28164.0,59.446,0.015,Alto,Media
Equatorial Guinea,2010.0,GNQ,1189097.0,27366671882.0,6.377,5.363,16.117,3.5543988813974283,1.202,3.048,0.0,0.233,25870.34,65.823,0.019,Alto,Media
Equatorial Guinea,2011.0,GNQ,1241843.0,29285788000.0,6.067,4.885,16.081,3.282979551802501,1.221,3.16,0.0,0.207,26635.107,71.89,0.018,Alto,Media
Equatorial Guinea,2012.0,GNQ,1293485.0,31730930000.0,6.875,5.315,16.251,2.6447569680573473,1.26,4.367,0.0,0.217,24796.076,78.765,0.02,Alto,Media
Equatorial Guinea,2013.0,GNQ,1346220.0,30419136000.0,8.168,6.068,18.158,2.4354249331467495,1.253,5.644,0.0,0.269,24355.91,86.933,0.023,Alto,Media
Equatorial Guinea,2014.0,GNQ,1399829.0,30256854000.0,7.641,5.459,16.614,2.3702603477826605,1.272,5.131,0.0,0.253,21868.369,94.575,0.022,Alto,Media
Equatorial Guinea,2015.0,GNQ,1453925.0,28026102000.0,7.01,4.821,17.559,2.134481686664959,1.276,4.648,0.0,0.25,18663.375,101.585,0.02,Alto,Media
Equatorial Guinea,2016.0,GNQ,1508192.0,25203837269.0,7.538,4.998,16.571,1.7566632114436103,1.216,5.454,0.0,0.299,17766.676,109.122,0.021,Alto,Media
Equatorial Guinea,2017.0,GNQ,1562401.0,23511758900.0,6.816,4.362,16.143,1.688123002469458,1.124,5.117,0.0,0.29,19361.629,115.938,0.019,Alto,Media
Equatorial Guinea,2018.0,GNQ,1616425.0,21813514918.0,7.034,4.352,13.977,1.2481878615117434,1.066,5.349,0.0,0.322,12356.137,122.972,0.019,Alto,Alta
Equatorial Guinea,2019.0,GNQ,1670184.0,20617750095.0,5.514,3.301,12.295,1.3934291436227841,1.096,3.884,0.0,0.267,11941.993,128.486,0.015,Alto,Media
Equatorial Guinea,2020.0,GNQ,1716479.0,19743252847.0,6.39,3.722,13.889,1.6253486074420231,0.971,4.606,0.0,0.324,13696.714,134.875,0.018,Alto,Alta
Equatorial Guinea,2021.0,GNQ,1758796.0,19556604569.0,7.088,4.03,13.557,1.280004069772076,0.975,5.634,0.0,0.362,15327.771,141.963,0.019,Alto,Alta
Equatorial Guinea,2022.0,GNQ,1803549.0,20191378731.0,7.497,4.157,14.087,1.2045449120115161,0.953,6.13,0.0,0.371,15718.9,149.46,0.02,Alto,Alta
Equatorial Guinea,2023.0,GNQ,1847556.0,11153801603.484705,6.913,3.742,11.81,1.2955722313105327,0.983,5.542,0.0,0.3500736961914733,15974.835,156.373,0.018,,
Equatorial Guinea,2024.0,GNQ,1892523.0,11459998996.10311,7.01,3.704,11.687,1.3172114785564175,0.997,5.619,0.0,0.3461106503231499,16682.963559854004,163.384,0.018,,
Eritrea,1950.0,ERI,814880.0,4133075577.9009514,84.94711185873857,4.729780632697179,2.607,54.13515294608693,14.31895782074038,10.497298596755087,5.414606756246199,0.39435602432994166,21852.362338634975,2056.9410505364863,0.2372925123967271,,
Eritrea,1951.0,ERI,827035.0,4215812199.289304,84.94418112219543,4.729185979972098,2.5,54.13892343915118,14.312173206507083,10.49751306285782,5.414118725271917,0.39436365248510363,21849.530434565848,2057.0812227273595,0.23735313266955627,,
Eritrea,1952.0,ERI,840352.0,4306460192.12917,84.94471347602921,4.728990942425422,2.519,54.13911471037786,14.312350162411441,10.497711803753354,5.41361077429883,0.39437915364948106,21848.63435585592,2057.2038794460445,0.2374122529612947,,
Eritrea,1953.0,ERI,854708.0,4404180435.643864,84.94497185440896,4.728742213852052,2.528,54.13965296966843,14.311899483184888,10.497929104078857,5.413060939271842,0.3943952620939558,21847.48238011922,2057.338711718467,0.2374766007447061,,
Eritrea,1954.0,ERI,870030.0,4508475694.825855,84.94429673554436,4.7283607954976015,2.503,54.14122822442181,14.30948530398286,10.498170229096765,5.412467315057553,0.3944106397617167,21845.692369696688,2057.490470082797,0.23754713158361382,,
Eritrea,1955.0,ERI,886245.0,4618850343.262877,84.94524349173628,4.728159720893143,2.537,54.14114690085993,14.310307736340036,10.498409329864472,5.411850957850147,0.39443008400547597,21844.77727836365,2057.6373531767754,0.23761853558514895,,
Eritrea,1956.0,ERI,903421.0,4735765684.053247,84.94467971455248,4.727755688870247,2.516,54.14270960408405,14.30799387682881,10.498677763409113,5.411186882306742,0.3944476907991936,21842.884459717712,2057.805880416769,0.2376972246320111,,
Eritrea,1957.0,ERI,918807.0,4840497383.432676,84.94559835325995,4.727567368019488,2.549,54.14261108791847,14.308815503765054,10.498904443700404,5.410602181555786,0.3944661796605264,21842.028110866562,2057.9450864971463,0.23776493853331576,,
Eritrea,1958.0,ERI,932595.0,4934351063.599269,84.94538917193819,4.727272711665714,2.541,54.143609384363785,14.307452876195981,10.499117572636663,5.410070834559013,0.3944807779722254,21840.65212596142,2058.0783612431246,0.23782763167155518,,
Eritrea,1959.0,ERI,950562.0,5056651350.486594,84.94617241382258,4.727017497849144,2.569,54.14379903062102,14.307823772063784,10.49938508033145,5.409385982666803,0.39450181585002886,21839.481473362164,2058.243310105127,0.2379072687720498,,
Eritrea,1960.0,ERI,972558.0,5206370235.763306,84.93401675542694,4.725105833954286,2.126,54.15783386822578,14.281615589234171,10.499839499516298,5.408453890250632,0.3945025431400214,21830.317649868495,2058.553561170102,0.23803032276755415,,
Eritrea,1961.0,ERI,995576.0,5363069178.089948,84.96860149982373,4.728873862617863,3.384,54.122733488514434,14.350362571985805,10.499857205968262,5.407816351855443,0.39459358300313385,21848.613153670598,2058.4875325287717,0.23806690187478347,,
Eritrea,1962.0,ERI,1019789.0,5527885174.496105,84.96878505188076,4.728423596249947,3.39,54.12390678974515,14.349089655841027,10.500226148413844,5.406887192088261,0.39462027032897745,21846.521533918214,2058.7170254308808,0.23817592318102898,,
Eritrea,1963.0,ERI,1045096.0,5700137504.326763,84.9481138532002,4.725408893637639,2.637,54.14709084177885,14.305344030331213,10.500813676068134,5.405767043253546,0.3946083477318429,21832.037220602517,2059.1291958251336,0.23833052998447307,,
Eritrea,1964.0,ERI,1071293.0,5878470278.091476,84.9719847372629,4.727808391600453,3.505,54.12344589393864,14.352093293439182,10.500983745628304,5.404930820229195,0.3946823987822187,21843.728378088035,2059.1819831281796,0.2384023498785644,,
Eritrea,1965.0,ERI,1098337.0,6062603309.597775,85.06540240270408,4.7386720654701096,6.904,54.02665281191511,14.540175672827168,10.500493699681009,5.404558763308954,0.3948900964965447,21896.33849352944,2058.668462582946,0.23834245735132728,,
Eritrea,1966.0,ERI,1124959.0,6243796494.28891,85.02426131201824,4.733135543232769,5.406,54.07145503464247,14.454724742990301,10.501299471499237,5.403241881422181,0.3948405388401937,21869.66827179604,2059.2622404040217,0.23854289794511732,,
Eritrea,1967.0,ERI,1152345.0,6430229554.557146,85.06184449956753,4.737183944190974,6.773,54.03344539433615,14.529270699193518,10.501355035891017,5.402457902473719,0.39494205220337864,21889.33443018037,2059.213121295204,0.23859336529630343,,
Eritrea,1968.0,ERI,1181742.0,6630315306.084661,85.02743759359102,4.732414436096545,5.52,54.07131669618691,14.457321915368198,10.502138120602709,5.401082478039859,0.39490836471682395,21866.381708181525,2059.777756726355,0.23879321743889792,,
Eritrea,1969.0,ERI,1212005.0,6836303933.122195,85.00918825956244,4.729598318306775,4.855,54.092231503841326,14.418163087615248,10.502778089119722,5.399789174635478,0.39490645483933684,21852.874750876752,2060.217208560162,0.2389654923834003,,
Eritrea,1970.0,ERI,1243457.0,7050406815.319465,85.03256859993084,4.731835418059618,5.705,54.069399409834745,14.463557807669496,10.503033364157858,5.398747505979818,0.39498528570265057,21863.799314961438,2060.3241836329594,0.23906200705850622,,
Eritrea,1971.0,ERI,1276160.0,7273005505.507736,85.01668423344836,4.729260060421371,5.126,54.08796286271243,14.429041150477182,10.503687802380206,5.397377327894274,0.3949905432502602,21851.464760014565,2060.767382430867,0.2392406953324111,,
Eritrea,1972.0,ERI,1309248.0,7498237824.262018,85.026711660898,4.729836936839136,5.49,54.07927664484307,14.447177776055995,10.504097357186922,5.396177421309579,0.39504567049008377,21854.369514897353,2061.00024816395,0.23937062370398088,,
Eritrea,1973.0,ERI,1342677.0,7725803497.249153,85.06111209559671,4.733379262688503,6.741,54.04495780062647,14.514842276069459,10.504276247503306,5.395138486802763,0.3951476828912548,21871.610504806133,2061.035069923963,0.2394545923262722,,
Eritrea,1974.0,ERI,1375687.0,7950486054.433113,85.03352245421404,4.729370541552586,5.736,54.075858035823714,14.456507572038056,10.505048671447554,5.393672910059243,0.39513093563847707,21852.348121204403,2061.5778719090517,0.23965747965885248,,
Eritrea,1975.0,ERI,1408218.0,8171912332.321924,85.01439558317713,4.726403142260451,5.039,54.09782442208804,14.41541049871551,10.50573185764614,5.392286183159873,0.3951298179955485,21838.117825896163,2062.0462096433434,0.2398417102117771,,
Eritrea,1976.0,ERI,1443811.0,8414195225.3559265,85.02291366878916,4.72674706695146,5.348,54.09086811409733,14.430308288429458,10.50619437347678,5.390979233052468,0.3951847895031078,21839.905279135524,2062.3154405155815,0.23998589612247836,,
Eritrea,1977.0,ERI,1482567.0,8677998612.06035,85.01187005353732,4.724643845302716,4.945,54.10467842610852,14.405221520327459,10.50689463811051,5.389411020371467,0.3952058692847657,21829.87428163901,2062.7764092440934,0.24018249395985197,,
Eritrea,1978.0,ERI,1522382.0,8949013618.745703,85.00700974417522,4.723273959374182,4.767,54.112040756807744,14.392633604608868,10.50755127389607,5.387846274081189,0.3952399013888733,21823.391959389653,2063.19641347257,0.24037182514187888,,
Eritrea,1979.0,ERI,1563332.0,9227754546.497265,85.0022876993534,4.721898778037283,4.594,54.119321622993674,14.38024962365644,10.508223949224721,5.386238898884299,0.39527543192680603,21816.888022357136,2063.626104459891,0.24056601407483086,,
Eritrea,1980.0,ERI,1605800.0,9516828926.2453,84.99866593509584,4.720628135609351,4.461,54.1255301461648,14.369999347323798,10.508909217580353,5.384581047526366,0.395314713439339,21810.89475584651,2064.061190975173,0.24076491605265082,,
Eritrea,1981.0,ERI,1649946.0,9817326607.353762,84.99762837215074,4.719639861849803,4.422,54.129113573272576,14.364888753772796,10.509595167083447,5.3828771698554885,0.39536075192521586,21806.27235378172,2064.4909437866477,0.2409663618643146,,
Eritrea,1982.0,ERI,1695465.0,10127170379.8329,84.99697655696119,4.718671825536556,4.397,54.132368498847924,14.360469055749455,10.510298404907289,5.381123284848405,0.3954090200280141,21801.75259850189,2064.930610071719,0.24117325824429559,,
Eritrea,1983.0,ERI,1736163.0,10404199360.084557,84.99904131630223,4.718129163357511,4.471,54.132492232027076,14.36189998360858,10.510901538268286,5.3795740661732605,0.39545722861990795,21799.27219031961,2065.3018443978585,0.2413530821043145,,
Eritrea,1984.0,ERI,1771736.0,10646340271.563755,84.99588135238837,4.717049427675655,4.355,54.13782559788769,14.353057307072667,10.511476769718563,5.3781844779954096,0.39548989159956477,21794.17757237438,2065.6673337946654,0.24151993683529646,,
Eritrea,1985.0,ERI,1807812.0,10891908610.129805,84.99981103028713,4.716824401981948,4.497,54.13572571221427,14.358593889902416,10.511991087901855,5.376826195695022,0.3955366318091228,21793.216403867653,2065.979068610863,0.24167524691053094,,
Eritrea,1986.0,ERI,1845169.0,11146197023.557528,85.0045660285794,4.716675012212874,4.669,54.13282949566625,14.365721287129944,10.512517031571093,5.375424580989522,0.39558634045998226,21792.6253565541,2066.296208713911,0.2418347352800172,,
Eritrea,1987.0,ERI,1888672.0,11442315395.156197,84.99860945623533,4.715099453716619,4.451,54.14155374669912,14.350653912876176,10.513240743146817,5.373710280470233,0.3956222919410082,21785.161752406657,2066.7604530946414,0.24204286300444716,,
Eritrea,1988.0,ERI,1938264.0,11779883911.043123,84.99829051699481,4.714092502256253,4.438,54.14468819390113,14.346634065123801,10.514003119983684,5.3718022533949235,0.3956756256096504,21780.46817490375,2067.2362294012833,0.2422675098869997,,
Eritrea,1989.0,ERI,1987021.0,12111771111.12431,85.00288944654886,4.713701547700794,4.604,54.14259960525388,14.352669158713262,10.514705116516723,5.369961438433583,0.3957374364522671,21778.74940755383,2067.663422410788,0.24247880040999648,,
Eritrea,1990.0,ERI,2032749.0,12425248253.704838,66.55999700163741,5.32599726395371,4.71,42.42797477728978,12.134036011721115,11.494580231817615,0.0,0.4182724711474196,24086.955502855842,2290.1976858879957,0.2422456582717965,,
Eritrea,1991.0,ERI,1919575.0,11652673758.654934,85.00695905610974,4.715514383842021,4.754,54.134510080235515,14.36552800834486,10.513633082247338,5.372582356955901,0.39567184048551574,21787.275987538724,2066.986329632726,0.24216619081910196,,
Eritrea,1992.0,ERI,1798750.0,10830200998.32063,84.95320181149,4.711317650918549,2.801,54.18426911697617,14.264452012174985,10.51230343268719,5.376841544236582,0.3954378243015635,21766.564862360498,2066.2775576718745,0.2417251464987874,,
Eritrea,1993.0,ERI,1856017.0,11222229807.888441,66.51068574755652,5.324966081168639,2.92,42.47366882533225,12.046477347980264,11.49416067497689,0.0,0.4180496598253763,24080.064381700646,2289.8313655665165,0.24163095303106175,,
Eritrea,1994.0,ERI,1913919.0,11592964484.659994,0.707,0.37,4.144,-7.97919377131983,0.689,8.52895043215273,0.018,0.15628226095046396,2029.208,0.776,0.003,,
Eritrea,1995.0,ERI,2025273.0,12351098773.029484,0.79,0.39,4.587,-7.99478784727618,0.769,8.545414989166803,0.02,0.15751084920122801,2196.818,1.566,0.003,,
Eritrea,1996.0,ERI,2128464.0,13053466838.548674,0.862,0.405,5.202,-8.004673238391852,0.843,8.536670286815117,0.019,0.15912583314099493,2136.523,2.428,0.004,,
Eritrea,1997.0,ERI,2152146.0,13214670126.815495,0.768,0.357,5.625,-7.992885807081297,0.744,8.548548573875806,0.024,0.15509388956912978,2135.258,3.196,0.003,,
Eritrea,1998.0,ERI,2180423.0,13407242987.148417,0.586,0.269,5.736,-7.9768461635826675,0.568,8.5846358558574,0.018,0.14746484067565052,2238.139,3.782,0.002,,
Eritrea,1999.0,ERI,2212785.0,13627576702.666874,0.615,0.278,5.77,-7.983531844927583,0.597,8.589758329552161,0.018,0.1480684184994574,2289.135,4.398,0.002,,
Eritrea,2000.0,ERI,2247036.0,13859724667.835852,0.604,0.269,5.998,-7.967984795525371,0.586,8.476571521339013,0.018,0.1510443291928028,1155.856,5.002,0.002,,
Eritrea,2001.0,ERI,2312083.0,14302565708.725206,0.637,0.276,5.652,-7.9797352436473705,0.619,8.487771977404897,0.018,0.151514430243858,1230.658,5.639,0.002,,
Eritrea,2002.0,ERI,2392981.0,14853109096.003803,0.509,0.213,7.895,-7.952152078875663,0.491,8.479004341180264,0.018,0.1467681646127929,1084.119,6.148,0.002,,
Eritrea,2003.0,ERI,2493906.0,15540249325.345167,0.78,0.313,10.707,-7.97595639272717,0.762,8.465107736299197,0.018,0.1543367749561695,1246.978,6.929,0.003,,
Eritrea,2004.0,ERI,2598288.0,16250826993.535896,0.633,0.244,9.88,-7.973197951134731,0.616,8.496038292247118,0.018,0.14872123169317203,1303.522,7.562,0.002,,
Eritrea,2005.0,ERI,2661215.0,16679144716.842094,0.586,0.22,9.532,-7.971802380584116,0.568,8.502042434697243,0.018,0.14701831872258478,1273.509,8.148,0.002,,
Eritrea,2006.0,ERI,2703501.0,16966622266.162159,0.454,0.168,9.682,-7.953960366781862,0.436,8.473306571764446,0.018,0.14409871640370078,861.288,8.601,0.001,,
Eritrea,2007.0,ERI,2743226.0,17237039571.89217,0.424,0.155,8.284,-7.961845723108553,0.407,8.485105145326688,0.017,0.14323033661430604,871.684,9.026,0.001,,
Eritrea,2008.0,ERI,2816331.0,17734429821.86478,0.398,0.141,8.517,-7.958001140184752,0.381,8.46208072723231,0.017,0.14308203702941527,604.969,9.424,0.001,,
Eritrea,2009.0,ERI,2887887.0,18221606964.620995,0.446,0.154,9.213,-7.965941070944998,0.429,8.470735486948927,0.017,0.14383951686901286,713.438,9.87,0.001,,
Eritrea,2010.0,ERI,2945184.0,18611613534.4142,0.468,0.159,9.544,-7.970280629766739,0.451,8.469059030144276,0.017,0.14436563550494008,697.403,10.338,0.001,,
Eritrea,2011.0,ERI,2998493.0,18974488615.453083,0.578,0.193,9.025,-7.972664515309704,0.517,8.451520384924978,0.061,0.1475554423412689,697.969,10.916,0.002,,
Eritrea,2012.0,ERI,3036998.0,19236623161.627438,0.608,0.2,8.877,-7.971055478763859,0.52,8.448135326493475,0.088,0.14819768100531122,732.57,11.524,0.002,,
Eritrea,2013.0,ERI,3074367.0,19490999420.951435,0.57,0.185,8.577,-7.9699880408407875,0.48,8.453587813471161,0.09,0.1470685318329043,738.286,12.094,0.002,,
Eritrea,2014.0,ERI,3095168.0,19632616931.96532,0.569,0.184,9.122,-7.968940281486585,0.48,8.455456038758438,0.089,0.14685750598005384,765.92,12.663,0.002,,
Eritrea,2015.0,ERI,3105554.0,19703307760.994423,0.557,0.18,9.549,-7.9700260916229055,0.48,8.457742887556932,0.077,0.14646479172035975,757.379,13.22,0.002,,
Eritrea,2016.0,ERI,3124700.0,19833643148.002785,0.554,0.177,9.951,-7.968864424523289,0.477,8.458614892002977,0.077,0.14616541267760974,766.268,13.775,0.002,,
Eritrea,2017.0,ERI,3150350.0,20008303837.01073,0.553,0.176,10.458,-7.972121786911403,0.484,8.466953318007437,0.07,0.14580922671097885,834.887,14.328,0.002,,
Eritrea,2018.0,ERI,3192763.0,20296996470.742226,0.616,0.193,10.606,-7.981076121829414,0.546,8.46458929460696,0.07,0.14727172420581222,819.977,14.944,0.002,,
Eritrea,2019.0,ERI,3240194.0,20619840839.91032,0.645,0.199,10.858,-7.986307982188178,0.575,8.462832517049918,0.07,0.1478690667568631,798.517,15.589,0.002,,
Eritrea,2020.0,ERI,3291277.0,20967538853.966824,0.641,0.195,10.989,-7.990990873304103,0.579,8.464894721098553,0.062,0.14767114198979386,770.878,16.23,0.002,,
Eritrea,2021.0,ERI,3350185.0,21368553251.786102,0.682,0.203,9.707,-8.005776528941606,0.612,8.473556270693473,0.07,0.14847901944902062,801.942,16.911,0.002,,
Eritrea,2022.0,ERI,3409450.0,21772025922.94177,0.718,0.211,10.133,-8.01383489901581,0.649,8.479802206758686,0.07,0.1489666905931406,864.744,17.629,0.002,,
Eritrea,2023.0,ERI,3470391.0,22186858608.186848,0.731,0.211,10.295,-8.017679192085698,0.661,8.482819316786987,0.07,0.14902237941086557,872.543,18.36,0.002,,
Eritrea,2024.0,ERI,3535610.0,22631706840.908962,0.743,0.21,10.419,-7.97244175742231,0.673,8.50745470498261,0.07,0.14502145216496767,1637.793855256541,19.103,0.002,,
Estonia,1950.0,EST,1102046.0,6088330193.000545,6.853,6.218,9.666,6.156,0.651,0.015,0.031,0.587161899308704,26854.844102967116,110.264,0.116,,
Estonia,1951.0,EST,1116196.0,6186365294.845444,7.428,6.655,10.382,6.673,0.703,0.016,0.037,0.6171994742808323,28799.19513187365,117.692,0.116,,
Estonia,1952.0,EST,1129878.0,6281043333.720547,7.955,7.041,11.023,7.101,0.797,0.016,0.042,0.6442564214735809,30556.057991810143,125.647,0.123,,
Estonia,1953.0,EST,1142644.0,6369242965.809479,8.417,7.367,11.308,7.469,0.883,0.018,0.047,0.6668821020257234,32029.739012014095,134.065,0.127,,
Estonia,1954.0,EST,1154811.0,6454428363.597513,9.195,7.962,12.022,8.136,0.983,0.019,0.056,0.70855182499171,34720.0607126769,143.259,0.135,,
Estonia,1955.0,EST,1166878.0,6540403268.836948,10.427,8.936,13.283,9.186,1.151,0.023,0.067,0.7761347602734165,39082.31109966998,153.686,0.14,,
Estonia,1956.0,EST,1178166.0,6620269870.602641,11.432,9.703,14.067,9.975,1.351,0.032,0.074,0.8291329625308825,42521.746936581054,165.118,0.144,,
Estonia,1957.0,EST,1188785.0,6695813631.763512,12.511,10.524,14.743,10.827,1.548,0.05,0.086,0.8863396019347225,46229.77959067655,177.628,0.153,,
Estonia,1958.0,EST,1200410.0,6777342019.710538,13.355,11.125,15.073,11.413,1.766,0.077,0.099,0.9278861676044823,48947.93039875466,190.983,0.159,,
Estonia,1959.0,EST,1209942.0,6844137616.251732,14.043,11.606,13.893,11.867,1.961,0.099,0.116,0.9606639027107791,51101.826714971394,205.026,0.159,,
Estonia,1960.0,EST,1220464.0,6917255142.120486,14.623,11.982,14.559,12.169,2.189,0.129,0.136,0.9855917914997363,52776.132607979074,219.65,0.156,,
Estonia,1961.0,EST,1235168.0,7018284985.0265465,15.081,12.209,15.272,12.319,2.438,0.172,0.152,1.000717078468078,53827.266408992524,234.73,0.16,,
Estonia,1962.0,EST,1249633.0,7118580222.912334,15.827,12.665,16.214,12.627,2.809,0.22,0.172,1.031362696297952,55893.036737933,250.558,0.162,,
Estonia,1963.0,EST,1263754.0,7217733189.418713,16.971,13.429,17.639,13.375,3.137,0.275,0.183,1.0835553046717672,59323.51361166683,267.528,0.165,,
Estonia,1964.0,EST,1278341.0,7319756658.462969,18.046,14.116,18.81,14.076,3.433,0.342,0.195,1.1302861556270534,62408.91138704505,285.574,0.167,,
Estonia,1965.0,EST,1292807.0,7420974212.372124,19.143,14.807,20.111,14.802,3.721,0.402,0.218,1.1772930300806461,65511.84694820159,304.717,0.169,,
Estonia,1966.0,EST,1306445.0,7516460486.475725,20.216,15.474,21.528,15.497,4.027,0.451,0.241,1.2224518512625404,68502.6646281616,324.932,0.17,,
Estonia,1967.0,EST,1320059.0,7611292688.058113,21.135,16.011,22.743,15.908,4.469,0.503,0.256,1.2584528517224896,70935.7688654681,346.068,0.173,,
Estonia,1968.0,EST,1334308.0,7709381946.176502,21.726,16.282,23.663,16.051,4.855,0.555,0.264,1.2752645362274684,72139.32820989296,367.793,0.168,,
Estonia,1969.0,EST,1348696.0,7809281936.220947,22.623,16.774,24.752,16.484,5.265,0.602,0.272,1.307462421989469,74330.42277331912,390.416,0.164,,
Estonia,1970.0,EST,1361872.0,7901736733.793989,23.799,17.475,26.07,17.311,5.652,0.549,0.288,1.3542847001038267,77434.36470564273,414.215,0.16,,
Estonia,1971.0,EST,1374523.0,7991431569.426558,25.259,18.376,27.743,18.05,6.151,0.634,0.308,1.4164133789558313,81396.21002991595,439.474,0.163,,
Estonia,1972.0,EST,1387217.0,8080976754.564024,26.582,19.162,29.229,18.744,6.731,0.672,0.325,1.4690702042779915,84931.82519358746,466.057,0.164,,
Estonia,1973.0,EST,1399344.0,19468126786.0,27.712,19.803,30.809,19.186,7.327,0.72,0.346,1.423,87965.27977369036,493.768,0.162,Alto,Alta
Estonia,1974.0,EST,1411552.0,8251564071.117893,28.774,20.385,31.921,19.515,7.967,0.774,0.369,1.5505558201404845,90444.17597389832,522.542,0.169,,
Estonia,1975.0,EST,1423506.0,8336426403.969357,30.254,21.253,33.616,20.323,8.513,0.854,0.397,1.6097787729593216,94372.68738008892,552.796,0.178,,
Estonia,1976.0,EST,1434868.0,8416333969.010321,31.417,21.896,35.124,21.074,8.804,0.948,0.405,1.6526256338169372,97227.3662969122,584.213,0.176,,
Estonia,1977.0,EST,1446571.0,8498257435.628729,32.485,22.456,36.264,21.631,9.208,1.027,0.415,1.6897719879107027,99736.50305118343,616.698,0.177,,
Estonia,1978.0,EST,1458228.0,8579974152.692873,33.595,23.039,37.449,21.837,10.027,1.094,0.415,1.72766242021669,102363.98492893051,650.294,0.177,,
Estonia,1979.0,EST,1468020.0,8646829136.292439,33.871,23.073,37.944,22.027,10.147,1.173,0.403,1.727093675759424,102596.00535765213,684.165,0.174,,
Estonia,1980.0,EST,1476465.0,22298157299.0,35.207,23.846,39.526,23.113,10.344,1.219,0.41,1.579,106493.64071704347,719.372,0.181,Alto,Alta
Estonia,1981.0,EST,1485343.0,23113575898.0,34.534,23.25,38.888,21.768,10.863,1.358,0.42,1.494,104010.04273721242,753.906,0.183,Alto,Alta
Estonia,1982.0,EST,1494911.0,23954892363.0,35.186,23.537,39.715,22.216,10.986,1.447,0.412,1.469,105421.63001108177,789.092,0.188,Alto,Alta
Estonia,1983.0,EST,1505247.0,24781532566.0,35.69,23.71,40.316,22.403,11.153,1.578,0.431,1.44,106311.75240426984,824.782,0.189,Alto,Alta
Estonia,1984.0,EST,1515613.0,25425293342.0,36.009,23.759,40.794,22.631,11.075,1.736,0.441,1.416,106582.8644221638,860.79,0.185,Alto,Alta
Estonia,1985.0,EST,1525281.0,25443763167.0,38.842,25.465,43.894,25.381,11.006,1.876,0.447,1.527,77659.539,899.632,0.193,Alto,Alta
Estonia,1986.0,EST,1535594.0,26143514714.0,38.839,25.293,43.933,25.818,10.843,1.598,0.465,1.486,76766.938,938.471,0.19,Alto,Alta
Estonia,1987.0,EST,1547258.0,26398461135.0,37.908,24.5,43.029,25.848,9.576,1.902,0.476,1.436,77340.914,976.379,0.18,Alto,Alta
Estonia,1988.0,EST,1559101.0,27713411813.0,38.014,24.382,42.98,25.446,9.775,2.075,0.486,1.372,75449.164,1014.393,0.173,Alto,Alta
Estonia,1989.0,EST,1567590.0,29500419830.0,38.945,24.844,43.881,26.246,9.938,2.042,0.492,1.32,77332.117,1053.338,0.175,Alto,Alta
Estonia,1990.0,EST,1570309.0,27066096904.0,36.906,23.503,41.827,24.435,9.137,2.717,0.483,1.364,81248.344,1090.244,0.162,Alto,Alta
Estonia,1991.0,EST,1565380.0,23940083198.0,34.135,21.806,39.032,22.547,8.208,2.754,0.479,1.426,74582.453,1124.379,0.147,Alto,Alta
Estonia,1992.0,EST,1540214.0,20201098370.0,24.413,15.85,28.524,17.796,4.632,1.605,0.315,1.209,52778.336,1148.792,0.108,Alto,Alta
Estonia,1993.0,EST,1504344.0,18206161939.0,19.433,12.918,21.348,13.589,4.793,0.802,0.228,1.067,44911.559,1168.225,0.085,Alto,Alta
Estonia,1994.0,EST,1475716.0,17713297126.0,20.039,13.579,20.746,14.118,4.453,1.118,0.33,1.131,46444.621,1188.264,0.087,Alto,Alta
Estonia,1995.0,EST,1452774.0,18632898028.0,18.053,12.427,19.475,12.916,3.485,1.284,0.348,0.969,42790.797,1206.318,0.077,Alto,Alta
Estonia,1996.0,EST,1434655.0,19286856884.0,19.033,13.267,20.688,13.451,3.779,1.42,0.361,0.987,46012.625,1225.351,0.079,Alto,Alta
Estonia,1997.0,EST,1421494.0,21171918456.0,18.673,13.136,21.155,13.191,3.668,1.391,0.396,0.882,45745.91,1244.024,0.077,Alto,Alta
Estonia,1998.0,EST,1411206.0,21698756967.0,16.933,11.999,18.853,11.5,3.637,1.332,0.404,0.78,41336.574,1260.957,0.07,Alto,Alta
Estonia,1999.0,EST,1403578.0,21126870271.0,15.93,11.349,18.81,10.921,3.315,1.277,0.361,0.754,38286.332,1276.886,0.064,Alto,Alta
Estonia,2000.0,EST,1397001.0,23525730943.0,15.471,11.074,15.419,10.851,2.716,1.482,0.374,0.658,39725.285,1292.357,0.061,Alto,Alta
Estonia,2001.0,EST,1388174.0,24618992841.0,15.87,11.432,15.038,10.679,3.166,1.594,0.38,0.645,41670.422,1308.227,0.062,Alto,Alta
Estonia,2002.0,EST,1379438.0,25689833693.0,15.358,11.134,16.928,10.382,3.217,1.347,0.356,0.598,41761.258,1323.585,0.058,Alto,Alta
Estonia,2003.0,EST,1370849.0,27160243367.0,17.251,12.584,17.359,12.172,3.158,1.528,0.335,0.635,45822.414,1340.836,0.062,Alto,Alta
Estonia,2004.0,EST,1362682.0,28392969678.0,17.322,12.712,22.176,12.012,3.167,1.727,0.365,0.61,47044.355,1358.158,0.061,Alto,Alta
Estonia,2005.0,EST,1354847.0,30566893529.0,17.09,12.614,19.492,11.745,3.196,1.727,0.373,0.559,47580.188,1375.248,0.058,Alto,Alta
Estonia,2006.0,EST,1346885.0,33162229951.0,16.438,12.205,18.99,11.047,3.206,1.717,0.414,0.496,47279.691,1391.686,0.054,Alto,Alta
Estonia,2007.0,EST,1340709.0,35115520992.0,19.93,14.866,21.959,14.258,3.31,1.711,0.597,0.568,55004.875,1411.617,0.063,Alto,Alta
Estonia,2008.0,EST,1337078.0,32659893005.0,17.815,13.324,20.694,12.322,3.187,1.656,0.603,0.545,50749.477,1429.431,0.056,Alto,Alta
Estonia,2009.0,EST,1334528.0,27402480486.0,14.405,10.794,18.411,10.022,2.901,1.199,0.257,0.526,44005.977,1443.836,0.046,Alto,Alta
Estonia,2010.0,EST,1331450.0,27586968284.0,18.965,14.244,22.514,14.262,3.053,1.301,0.31,0.687,54937.555,1462.801,0.057,Alto,Alta
Estonia,2011.0,EST,1327366.0,29217295065.0,18.948,14.275,22.391,14.182,3.145,1.164,0.416,0.649,54968.051,1481.749,0.055,Alto,Alta
Estonia,2012.0,EST,1322615.0,30160490093.0,17.761,13.429,21.872,12.602,3.228,1.254,0.407,0.589,55562.555,1499.511,0.051,Alto,Alta
Estonia,2013.0,EST,1317920.0,30600421813.0,19.634,14.898,23.82,14.532,3.206,1.194,0.399,0.642,58776.996,1519.144,0.056,Alto,Alta
Estonia,2014.0,EST,1314457.0,31521829560.0,18.784,14.29,23.816,14.072,3.23,1.008,0.422,0.596,56419.855,1537.928,0.053,Alto,Alta
Estonia,2015.0,EST,1314580.0,32106015454.0,15.78,12.004,21.132,11.271,3.333,0.903,0.206,0.491,52204.055,1553.708,0.045,Alto,Alta
Estonia,2016.0,EST,1315850.0,33119083785.0,17.433,13.248,21.906,12.763,3.427,0.991,0.185,0.526,53777.426,1571.141,0.049,Alto,Alta
Estonia,2017.0,EST,1317430.0,35037377711.0,18.616,14.131,23.461,13.877,3.435,0.912,0.307,0.531,59573.93,1589.757,0.052,Alto,Alta
Estonia,2018.0,EST,1321972.0,36363239216.0,17.801,13.465,23.01,13.063,3.397,0.958,0.298,0.49,58911.23,1607.558,0.048,Alto,Alta
Estonia,2019.0,EST,1326822.0,37723175050.0,12.288,9.261,17.148,7.776,3.255,0.882,0.295,0.326,47301.492,1619.846,0.033,Alto,Alta
Estonia,2020.0,EST,1329675.0,37515273353.0,9.198,6.918,13.143,5.277,3.029,0.806,0.02,0.245,44171.176,1629.044,0.026,Alto,Media
Estonia,2021.0,EST,1331750.0,40521483538.0,10.391,7.802,14.398,6.458,2.929,0.916,0.0,0.256,46137.703,1639.435,0.028,Alto,Media
Estonia,2022.0,EST,1350093.0,39999856613.0,11.966,8.863,16.096,8.086,3.133,0.679,0.0,0.299,46890.336,1651.401,0.032,Alto,Media
Estonia,2023.0,EST,1367195.0,7908826418.133612,8.744,6.396,12.976,4.974,3.131,0.58,0.0,0.4878644633378771,41162.695,1660.145,0.023,,
Estonia,2024.0,EST,1360548.0,7863439258.35557,8.307,6.105,12.116,4.547,3.073,0.627,0.0,0.46457573428785454,40986.305,1668.452,0.022,,
Eswatini,1950.0,SWZ,271670.0,167539937.0,0.004,0.013,3.513,0.004,8.95300395298401,-8.114692204939098,0.0,0.022,-924.1258422581723,0.004,0.0,Bajo,Baja
Eswatini,1951.0,SWZ,278618.0,176744480.0,0.004,0.013,3.383,0.004,8.946183797661579,-8.106259907477819,0.0,0.021,-919.9550581028407,0.007,0.0,Bajo,Baja
Eswatini,1952.0,SWZ,285637.0,182272611.0,0.004,0.013,3.392,0.004,8.946683490494191,-8.105104318415673,0.0,0.02,-916.5060814579792,0.011,0.0,Bajo,Baja
Eswatini,1953.0,SWZ,292742.0,189501946.0,0.004,0.013,3.354,0.004,8.94469606714388,-8.101479392428184,0.0,0.019,-912.8129489900066,0.015,0.0,Bajo,Baja
Eswatini,1954.0,SWZ,299943.0,200069510.0,0.004,0.012,3.421,0.004,8.948369195970892,-8.103608958113567,0.0,0.018,-914.4356262156443,0.018,0.0,Bajo,Baja
Eswatini,1955.0,SWZ,307222.0,206422403.0,0.004,0.012,3.44,0.004,8.948496618083759,-8.103923503231641,0.0,0.018,-914.4614644649992,0.022,0.0,Bajo,Baja
Eswatini,1956.0,SWZ,314620.0,214622386.0,0.004,0.012,3.501,0.004,8.95170186719781,-8.105469076113996,0.0,0.017,-911.2894528118841,0.026,0.0,Bajo,Baja
Eswatini,1957.0,SWZ,322131.0,222837360.0,0.004,0.011,3.473,0.004,8.950315597231302,-8.10257486609364,0.0,0.016,-912.4005444775212,0.029,0.0,Bajo,Baja
Eswatini,1958.0,SWZ,329770.0,229028511.0,0.004,0.011,3.505,0.004,8.951084555498593,-8.103536158292187,0.0,0.016,-912.4899128044963,0.033,0.0,Bajo,Baja
Eswatini,1959.0,SWZ,337521.0,242299898.0,0.004,0.011,3.946,0.004,8.974319808372863,-8.125007561751174,0.0,0.015,-911.3317621188444,0.037,0.0,Bajo,Baja
Eswatini,1960.0,SWZ,345339.0,275492294.0,0.033,0.095,3.033,0.033,8.822740517809862,-8.156960036545241,0.0,0.12,-867.831046798472,0.07,0.0,Bajo,Baja
Eswatini,1961.0,SWZ,353265.0,310627269.0,0.004,0.01,3.071,0.004,8.92913414190486,-8.07515461030016,0.0,0.012,-901.1962401768906,0.073,0.0,Bajo,Baja
Eswatini,1962.0,SWZ,361376.0,376296114.0,90.81260484536705,4.618847310990677,2.478,60.30585312849882,14.513645016433905,10.872925281657203,4.476148886414242,0.37402635894182146,21160.6766741833,2368.3033730993216,0.26982275584607446,Bajo,
Eswatini,1963.0,SWZ,369768.0,397363723.0,90.80891459469692,4.6183106936326705,2.362,60.30928579258263,14.506680974940501,10.872937921249772,4.475804256704192,0.3740236240221083,21158.19409182185,2368.3250803468704,0.26986356493608465,Bajo,
Eswatini,1964.0,SWZ,378660.0,456314666.0,0.011,0.029,2.566,0.011,8.886769576199464,-8.053502260174714,0.0,0.024,-849.6705802835841,0.084,0.0,Bajo,Baja
Eswatini,1965.0,SWZ,388342.0,527314903.0,0.081,0.208,2.733,0.081,8.77557569868773,-8.15830240711936,0.0,0.153,-440.2229776100903,0.165,0.001,Bajo,Media
Eswatini,1966.0,SWZ,398773.0,549730893.0,0.202,0.505,2.697,0.202,8.563556914778928,-8.304639122582374,0.0,0.367,238.28263946682546,0.366,0.002,Bajo,Alta
Eswatini,1967.0,SWZ,409044.0,602007393.0,0.227,0.555,2.416,0.227,8.532175198993748,-8.286170884146395,0.0,0.377,442.14686028204414,0.594,0.002,Bajo,Alta
Eswatini,1968.0,SWZ,419154.0,573858209.0,0.278,0.664,2.107,0.278,8.405846711065522,-8.345886034050288,0.0,0.485,590.3040507910364,0.872,0.002,Bajo,Alta
Eswatini,1969.0,SWZ,429884.0,598423960.0,0.304,0.707,2.09,0.304,8.377827809869196,-8.355458866658799,0.0,0.508,715.0380744181839,1.176,0.002,Bajo,Alta
Eswatini,1970.0,SWZ,441223.0,775567061.0,0.366,0.83,2.134,0.366,8.393872172121018,-8.291299807705759,0.0,0.472,1419.77541079209,1.543,0.002,Bajo,Alta
Eswatini,1971.0,SWZ,453192.0,804890326.0,0.399,0.881,3.157,0.399,8.43584126600915,-8.371338890655151,0.0,0.496,1577.3289518668826,1.942,0.003,Bajo,Alta
Eswatini,1972.0,SWZ,465791.0,906918365.0,0.381,0.818,2.979,0.381,8.482602875544073,-8.28658599927744,0.0,0.42,1535.5496445493436,2.323,0.002,Bajo,Alta
Eswatini,1973.0,SWZ,479043.0,938127253.0,0.37,0.773,2.458,0.37,8.482275353705203,-8.244423610868536,0.0,0.394,1413.9027410694025,2.693,0.002,Bajo,Alta
Eswatini,1974.0,SWZ,493004.0,1117013673.0,0.311,0.632,2.628,0.311,8.609378467854851,-8.177287077529087,0.0,0.279,1138.5119025167223,3.004,0.002,Medio,Media
Eswatini,1975.0,SWZ,507675.0,1487587623.0,0.337,0.664,2.52,0.337,8.643634792786369,-8.112970900359025,0.0,0.227,1467.23374734145,3.342,0.002,Medio,Media
Eswatini,1976.0,SWZ,523339.0,1682911696.0,0.333,0.637,2.074,0.333,8.6475789956665,-8.067574508301222,0.0,0.198,1440.3034379780493,3.675,0.002,Medio,Media
Eswatini,1977.0,SWZ,540353.0,1700027807.0,0.341,0.631,4.113,0.341,8.752142956017131,-8.176477326354739,0.0,0.2,1393.9979360308062,4.016,0.002,Medio,Media
Eswatini,1978.0,SWZ,558446.0,1722091364.0,0.44,0.787,3.239,0.44,8.634108687243828,-8.142155857602715,0.0,0.255,1947.9148223699813,4.455,0.002,Medio,Media
Eswatini,1979.0,SWZ,577208.0,1758990136.0,0.447,0.774,2.702,0.447,8.60609684193272,-8.114674792129717,0.0,0.254,1892.1911104571209,4.902,0.002,Medio,Media
Eswatini,1980.0,SWZ,596657.0,1801349357.0,0.465,0.78,0.721,0.465,7.463127692520268,-6.7751654991899795,0.0,0.258,4241.058,5.368,0.002,Medio,Media
Eswatini,1981.0,SWZ,616816.0,1924760526.0,0.436,0.707,1.659,0.436,7.531033868190921,-6.797376841773117,0.0,0.227,3967.81,5.804,0.002,Medio,Media
Eswatini,1982.0,SWZ,637656.0,1952841361.0,0.436,0.684,1.843,0.436,7.515184081670679,-6.813000126932227,0.0,0.223,3447.811,6.24,0.002,Medio,Media
Eswatini,1983.0,SWZ,658958.0,1942272365.0,0.271,0.411,4.043,0.271,7.689998696190996,-6.821258129556643,0.0,0.14,2967.756,6.511,0.001,Medio,Baja
Eswatini,1984.0,SWZ,680790.0,1990645668.0,0.333,0.49,2.662,0.333,7.611680984161636,-6.7891209356261415,0.0,0.167,3204.471,6.844,0.002,Medio,Media
Eswatini,1985.0,SWZ,706204.0,2029726967.0,0.44,0.623,2.896,0.44,7.5949554083956246,-6.836745721303086,0.0,0.217,3816.512,7.284,0.002,Medio,Media
Eswatini,1986.0,SWZ,734736.0,2406443975.0,0.458,0.623,3.203,0.458,7.6204465130453025,-6.839299851484749,0.0,0.19,3601.117,7.742,0.002,Medio,Media
Eswatini,1987.0,SWZ,763812.0,2646884098.0,0.436,0.571,3.43,0.436,7.668740444293485,-6.818557729299766,0.0,0.165,3797.22,8.178,0.002,Medio,Media
Eswatini,1988.0,SWZ,799806.0,2846423533.0,0.436,0.545,3.787,0.436,7.688867074782161,-6.826107853299841,0.0,0.153,3648.87,8.614,0.002,Medio,Media
Eswatini,1989.0,SWZ,837810.0,3114432666.0,0.436,0.52,3.037,0.436,7.662996860491613,-6.769718724736568,0.0,0.14,3710.241,9.05,0.002,Medio,Baja
Eswatini,1990.0,SWZ,872436.0,3420534889.0,0.96,1.1,2.861,0.423,0.537,0.5414987924594645,0.0,0.281,3596.085,10.01,0.004,Medio,Media
Eswatini,1991.0,SWZ,908193.0,3548878922.0,0.872,0.96,2.675,0.326,0.546,0.619630673550114,0.0,0.246,3426.701,10.882,0.004,Medio,Media
Eswatini,1992.0,SWZ,943426.0,3732391463.0,0.832,0.882,2.511,0.265,0.567,0.6585056057264829,0.0,0.223,3226.84,11.714,0.004,Medio,Media
Eswatini,1993.0,SWZ,971327.0,3919793436.0,0.707,0.728,2.276,0.132,0.575,0.759004097867297,0.0,0.18,3123.902,12.421,0.003,Medio,Media
Eswatini,1994.0,SWZ,971221.0,4084365870.0,1.077,1.109,2.263,0.484,0.594,0.6059848870187226,0.0,0.264,4168.957,13.498,0.005,Medio,Media
Eswatini,1995.0,SWZ,970439.0,4356450718.0,1.059,1.091,2.307,0.453,0.606,0.6353508660121355,0.0,0.243,4064.329,14.557,0.005,Medio,Media
Eswatini,1996.0,SWZ,989847.0,4598027973.0,0.788,0.796,2.36,0.341,0.447,0.8133217476633589,0.0,0.171,3789.51,15.345,0.003,Medio,Media
Eswatini,1997.0,SWZ,1006647.0,4766768452.0,1.14,1.132,2.333,0.564,0.575,0.6119691708332718,0.0,0.239,3845.313,16.484,0.005,Medio,Media
Eswatini,1998.0,SWZ,1019657.0,4867682233.0,1.161,1.139,2.246,0.564,0.597,0.6881366001882459,0.0,0.239,4801.696,17.646,0.005,Medio,Media
Eswatini,1999.0,SWZ,1030785.0,4986982563.0,1.242,1.205,2.333,0.585,0.658,0.654765553082416,0.0,0.249,4856.928,18.888,0.005,Medio,Media
Eswatini,2000.0,SWZ,1041428.0,5050303320.0,1.205,1.158,2.656,0.533,0.672,0.8232928918067337,0.0,0.239,6508.233,20.093,0.005,Medio,Media
Eswatini,2001.0,SWZ,1051066.0,5125500508.0,1.099,1.046,2.152,0.507,0.592,0.9011616069275701,0.0,0.214,6569.679,21.193,0.004,Medio,Media
Eswatini,2002.0,SWZ,1059456.0,5280506497.0,1.081,1.02,1.983,0.487,0.594,0.9235092075651216,0.0,0.205,6589.496,22.273,0.004,Medio,Media
Eswatini,2003.0,SWZ,1066706.0,5518729007.0,1.004,0.941,2.006,0.398,0.606,0.9502438596419098,0.0,0.182,6225.074,23.277,0.004,Medio,Media
Eswatini,2004.0,SWZ,1073170.0,5696422388.0,1.004,0.935,2.058,0.393,0.61,0.9357756683250468,0.0,0.176,5916.697,24.281,0.004,Medio,Media
Eswatini,2005.0,SWZ,1079022.0,6002942535.0,1.015,0.941,1.824,0.381,0.634,0.9444379365014159,0.0,0.169,5940.479,25.296,0.003,Medio,Media
Eswatini,2006.0,SWZ,1084442.0,6319744849.0,1.015,0.936,1.872,0.386,0.629,0.9844526236757718,0.0,0.161,6252.654,26.311,0.003,Medio,Media
Eswatini,2007.0,SWZ,1090713.0,6589486313.0,1.044,0.957,1.966,0.403,0.641,0.9952897462343573,0.0,0.158,6405.87,27.355,0.003,Medio,Media
Eswatini,2008.0,SWZ,1098098.0,6906669172.0,1.019,0.928,1.958,0.413,0.606,1.0032470722414908,0.0,0.147,6189.895,28.374,0.003,Medio,Baja
Eswatini,2009.0,SWZ,1105158.0,7131566747.0,1.055,0.955,1.89,0.381,0.674,0.9590157867638538,0.0,0.148,5810.702,29.429,0.003,Medio,Baja
Eswatini,2010.0,SWZ,1111651.0,7332277029.0,0.997,0.897,1.718,0.369,0.628,0.9757580244992974,0.0,0.136,5578.974,30.426,0.003,Medio,Baja
Eswatini,2011.0,SWZ,1117845.0,7567466177.0,0.96,0.859,1.66,0.33,0.63,0.9592360117044991,0.0,0.127,5094.847,31.386,0.003,Medio,Baja
Eswatini,2012.0,SWZ,1123870.0,7793097968.0,1.11,0.988,1.694,0.458,0.652,0.8806476113097207,0.0,0.142,4890.275,32.496,0.003,Medio,Baja
Eswatini,2013.0,SWZ,1130000.0,8126636123.0,1.315,1.164,1.705,0.597,0.718,0.7801523980946201,0.0,0.162,4697.807,33.811,0.004,Medio,Media
Eswatini,2014.0,SWZ,1136305.0,8327527350.0,0.762,0.671,1.684,0.048,0.714,1.041050659438099,0.0,0.092,4833.424,34.574,0.002,Medio,Baja
Eswatini,2015.0,SWZ,1142822.0,8445665268.0,0.85,0.744,1.614,0.121,0.729,1.0141023016356772,0.0,0.101,4938.754,35.424,0.002,Medio,Baja
Eswatini,2016.0,SWZ,1149516.0,8545156780.0,1.022,0.889,1.702,0.216,0.806,0.9545125590653262,0.0,0.12,5110.425,36.446,0.003,Medio,Baja
Eswatini,2017.0,SWZ,1158198.0,8725282454.0,0.971,0.838,1.809,0.143,0.828,0.9945317562667314,0.0,0.111,5259.742,37.417,0.003,Medio,Baja
Eswatini,2018.0,SWZ,1168933.0,8936238936.0,1.015,0.868,1.75,0.143,0.872,0.9961300662454433,0.0,0.114,5461.989,38.432,0.003,Medio,Baja
Eswatini,2019.0,SWZ,1179885.0,9177836965.0,1.099,0.932,1.823,0.176,0.923,0.9986760687651343,0.0,0.12,5847.509,39.531,0.003,Medio,Baja
Eswatini,2020.0,SWZ,1192734.0,9034694873.0,0.989,0.829,1.637,0.142,0.847,1.037231997474903,0.0,0.109,5728.297,40.52,0.003,Medio,Baja
Eswatini,2021.0,SWZ,1206598.0,9746927305.0,0.989,0.82,1.739,0.161,0.828,1.03314822047434,0.0,0.101,5502.061,41.509,0.003,Alto,Baja
Eswatini,2022.0,SWZ,1218921.0,9594910875.0,1.028,0.844,1.656,0.18,0.849,0.9836835039814315,0.0,0.107,5134.687,42.538,0.003,Alto,Baja
Eswatini,2023.0,SWZ,1230507.0,6944138397.4868,1.03,0.837,1.744,0.172,0.857,0.9043595699812148,0.0,0.1814165925553736,5516.521,43.567,0.003,,
Eswatini,2024.0,SWZ,1242829.0,7027934275.926779,1.045,0.841,1.622,0.18,0.865,0.770635272964075,0.0,0.18148177933460458,3968.6719238788073,44.612,0.003,,
Ethiopia,1950.0,ETH,17670418.0,12816444847.0,0.088,0.005,156.626,0.021,0.063,0.753608818180155,0.003,0.007,582.2223173650189,0.128,0.001,Bajo,Baja
Ethiopia,1951.0,ETH,17989060.0,13194631406.0,0.062,0.003,146.14,0.015,0.044,0.7340582384438297,0.004,0.005,575.4659378474412,0.19,0.001,Bajo,Baja
Ethiopia,1952.0,ETH,18326176.0,13543810054.0,0.099,0.005,139.191,0.011,0.084,0.7122447411119098,0.004,0.007,579.7300755709286,0.289,0.002,Bajo,Baja
Ethiopia,1953.0,ETH,18674772.0,14338910949.0,0.183,0.01,136.052,0.007,0.172,0.684469638977584,0.004,0.013,584.256154346823,0.472,0.003,Bajo,Baja
Ethiopia,1954.0,ETH,19038036.0,14324960253.0,0.271,0.014,136.673,0.037,0.219,0.6627088004887803,0.015,0.019,587.9903248674111,0.743,0.004,Bajo,Baja
Ethiopia,1955.0,ETH,19419768.0,15096087974.0,0.227,0.012,137.636,0.029,0.183,0.6609551779423288,0.015,0.015,585.4787800162835,0.97,0.003,Bajo,Baja
Ethiopia,1956.0,ETH,19818886.0,15575803718.0,0.242,0.012,139.09,0.029,0.198,0.6487308483478105,0.015,0.016,580.6745131729967,1.212,0.003,Bajo,Baja
Ethiopia,1957.0,ETH,20173747.0,15468633837.0,0.322,0.016,142.393,0.0,0.311,0.6299397585520832,0.011,0.021,587.6012941857805,1.534,0.004,Bajo,Baja
Ethiopia,1958.0,ETH,20480281.0,15973565679.0,0.319,0.016,146.449,0.026,0.278,0.6289725164373248,0.015,0.02,590.796224765417,1.853,0.004,Bajo,Baja
Ethiopia,1959.0,ETH,20878098.0,16448278125.0,0.337,0.016,150.058,0.015,0.311,0.6205344571782985,0.011,0.02,589.5118011901186,2.19,0.004,Bajo,Baja
Ethiopia,1960.0,ETH,21376688.0,17260063074.0,0.352,0.016,154.416,0.026,0.311,0.6112478228586988,0.015,0.02,588.6075508637355,2.542,0.004,Bajo,Baja
Ethiopia,1961.0,ETH,21906102.0,18125804359.0,0.341,0.016,163.784,0.026,0.3,0.609511496810469,0.015,0.019,592.3673449534401,2.882,0.004,Bajo,Baja
Ethiopia,1962.0,ETH,22465125.0,18844801312.0,0.396,0.018,154.354,0.022,0.352,0.5763416613259609,0.022,0.021,590.31688029772,3.278,0.004,Bajo,Baja
Ethiopia,1963.0,ETH,23051639.0,21366755925.0,0.421,0.018,137.977,0.025,0.378,0.5391868856199264,0.018,0.02,581.2415160212422,3.699,0.004,Bajo,Baja
Ethiopia,1964.0,ETH,23666547.0,22389040078.0,0.407,0.017,151.845,0.004,0.381,0.5417417888110877,0.022,0.018,585.9634760311619,4.106,0.004,Bajo,Baja
Ethiopia,1965.0,ETH,24310615.0,23721571218.0,0.644,0.027,153.337,0.026,0.572,0.501070114528001,0.047,0.027,611.0339171882931,4.75,0.006,Bajo,Baja
Ethiopia,1966.0,ETH,24952691.0,24660953250.0,0.824,0.033,147.833,0.026,0.747,0.45943651026702326,0.051,0.033,618.0342276947804,5.574,0.007,Bajo,Baja
Ethiopia,1967.0,ETH,25620283.0,25707798964.0,1.073,0.042,152.184,0.004,0.997,0.4194202597952065,0.073,0.042,640.2967563537004,6.647,0.009,Bajo,Baja
Ethiopia,1968.0,ETH,26337933.0,26106776265.0,1.725,0.065,154.536,0.015,1.623,0.33655159494809106,0.087,0.066,681.3471678419542,8.372,0.013,Bajo,Baja
Ethiopia,1969.0,ETH,27072575.0,27119812917.0,1.666,0.062,140.869,0.026,1.557,0.30866765815971875,0.084,0.061,671.0433715095605,10.038,0.012,Bajo,Baja
Ethiopia,1970.0,ETH,27829135.0,28633734539.0,1.652,0.059,146.744,0.0,1.561,0.2992865125200481,0.091,0.058,661.5108066141936,11.69,0.011,Bajo,Baja
Ethiopia,1971.0,ETH,28600114.0,29865520609.0,1.849,0.065,149.0,0.0,1.744,0.26560745329032975,0.105,0.062,678.5755578654816,13.54,0.012,Bajo,Baja
Ethiopia,1972.0,ETH,29374611.0,31385113984.0,1.406,0.048,138.432,0.0,1.312,0.276113910370695,0.094,0.045,636.2017404443152,14.946,0.009,Bajo,Baja
Ethiopia,1973.0,ETH,30166789.0,32393312882.0,1.751,0.058,132.545,0.0,1.689,0.21487080188577856,0.062,0.054,642.0267355818382,16.697,0.01,Bajo,Baja
Ethiopia,1974.0,ETH,30957277.0,32791202859.0,1.736,0.056,125.508,0.0,1.678,0.18573723919023877,0.058,0.053,631.1774509883098,18.433,0.01,Bajo,Baja
Ethiopia,1975.0,ETH,31723255.0,32856117328.0,1.209,0.038,121.638,0.0,1.136,0.20832302242117573,0.073,0.037,592.0354969930036,19.641,0.007,Bajo,Baja
Ethiopia,1976.0,ETH,32534428.0,33758170375.0,1.175,0.036,120.183,0.0,1.103,0.18794470589497325,0.072,0.035,586.0179170358683,20.816,0.007,Bajo,Baja
Ethiopia,1977.0,ETH,33167276.0,34642511796.0,1.047,0.032,120.445,0.0,1.011,0.1817880866267425,0.036,0.03,570.7539222603803,21.863,0.006,Bajo,Baja
Ethiopia,1978.0,ETH,33734601.0,34323218343.0,1.369,0.041,115.912,0.0,1.326,0.1311942495374171,0.042,0.04,579.7292057236937,23.231,0.007,Bajo,Baja
Ethiopia,1979.0,ETH,34238655.0,36463055132.0,1.844,0.054,111.962,0.0,1.799,0.07206941002538292,0.045,0.051,602.0748183861256,25.076,0.009,Bajo,Baja
Ethiopia,1980.0,ETH,34428515.0,38082969410.0,1.817,0.053,106.34,0.0,1.766,0.03395804511836287,0.051,0.048,228.44,26.893,0.009,Bajo,Baja
Ethiopia,1981.0,ETH,35304010.0,38888412914.0,1.86,0.053,102.627,0.0,1.799,0.0026191893325424598,0.061,0.048,223.025,28.753,0.01,Bajo,Baja
Ethiopia,1982.0,ETH,36701293.0,39483909062.0,1.474,0.04,101.633,0.0,1.407,-0.0003736453873184331,0.067,0.037,233.234,30.227,0.008,Bajo,Baja
Ethiopia,1983.0,ETH,37740821.0,41460915550.0,1.835,0.049,94.949,0.0,1.759,-0.0640006624240601,0.076,0.044,260.662,32.062,0.01,Bajo,Baja
Ethiopia,1984.0,ETH,38735728.0,40637087843.0,1.65,0.043,87.251,0.0,1.543,-0.08719448877113312,0.108,0.041,256.167,33.712,0.008,Bajo,Baja
Ethiopia,1985.0,ETH,39842136.0,37958074687.0,1.799,0.045,90.093,0.0,1.689,-0.12544221330576977,0.11,0.047,296.282,35.511,0.009,Bajo,Baja
Ethiopia,1986.0,ETH,41037658.0,40403510625.0,2.195,0.053,88.358,0.0,2.077,-0.19286584337573087,0.118,0.054,277.478,37.706,0.011,Bajo,Baja
Ethiopia,1987.0,ETH,42460039.0,44197123359.0,2.554,0.06,83.613,0.0,2.404,-0.26073270707619955,0.151,0.058,303.285,40.26,0.012,Bajo,Baja
Ethiopia,1988.0,ETH,44150834.0,45041421375.0,2.64,0.06,83.317,0.0,2.47,-0.3151386024319518,0.171,0.059,282.859,42.9,0.012,Bajo,Baja
Ethiopia,1989.0,ETH,45879686.0,45764085968.0,2.794,0.061,86.781,0.0,2.638,-0.36889740296672824,0.156,0.061,286.041,45.695,0.013,Bajo,Baja
Ethiopia,1990.0,ETH,47609760.0,45030920800.0,2.987,0.063,87.623,-9.015551014058754,2.847,8.328503935535393,0.14,0.066,278.254,48.681,0.013,Bajo,Baja
Ethiopia,1991.0,ETH,49717203.0,41447817951.0,2.958,0.06,90.555,-9.058485534437981,2.84,8.303913693042315,0.119,0.071,224.466,51.64,0.013,Bajo,Baja
Ethiopia,1992.0,ETH,51853756.0,37455354506.0,2.937,0.057,61.614,-9.287225508683003,2.814,8.432044529476252,0.123,0.078,303.965,54.576,0.013,Bajo,Baja
Ethiopia,1993.0,ETH,53708892.0,37874279529.0,2.994,0.056,70.744,-9.290236716735265,2.851,8.387995815482153,0.143,0.079,274.483,57.57,0.013,Bajo,Baja
Ethiopia,1994.0,ETH,55611514.0,40711848289.0,2.197,0.04,76.762,-9.172590407766613,2.008,8.296144435902452,0.189,0.054,183.879,59.767,0.01,Bajo,Baja
Ethiopia,1995.0,ETH,57537340.0,42631100913.0,2.506,0.044,82.206,-9.22583594345723,2.257,8.280502950898104,0.249,0.059,191.527,62.273,0.011,Bajo,Baja
Ethiopia,1996.0,ETH,59467640.0,46130264957.0,2.794,0.047,85.15,-9.303628372162123,2.514,8.284266950541067,0.281,0.061,144.92,65.067,0.012,Bajo,Baja
Ethiopia,1997.0,ETH,61404541.0,49275077370.0,2.98,0.049,87.089,-9.37348218433008,2.675,8.293551229651317,0.305,0.06,140.928,68.047,0.012,Bajo,Baja
Ethiopia,1998.0,ETH,63363523.0,48734081758.0,3.147,0.05,97.88,-9.391916786136774,2.843,8.258658761475065,0.304,0.065,191.173,71.195,0.013,Bajo,Baja
Ethiopia,1999.0,ETH,65374561.0,48438288398.0,3.094,0.047,95.64,-9.476387943176409,2.836,8.287825299308018,0.258,0.064,227.92,74.289,0.012,Bajo,Baja
Ethiopia,2000.0,ETH,67411496.0,50326965912.0,3.463,0.051,131.96,-9.33891720022077,3.107,8.119246501507185,0.356,0.069,237.98,77.752,0.014,Bajo,Baja
Ethiopia,2001.0,ETH,69487767.0,52434129516.0,4.265,0.061,128.049,-9.540338906969234,3.902,8.198421701688268,0.362,0.081,244.971,82.017,0.017,Bajo,Baja
Ethiopia,2002.0,ETH,71635521.0,54501781462.0,4.432,0.062,210.645,-9.140020325428454,4.071,7.837978697164466,0.361,0.081,246.018,86.448,0.017,Bajo,Baja
Ethiopia,2003.0,ETH,73832664.0,53892038989.0,4.87,0.066,256.698,-8.961554811382772,4.419,7.628209951640645,0.451,0.09,256.372,91.318,0.018,Bajo,Baja
Ethiopia,2004.0,ETH,76077211.0,55845384136.0,5.159,0.068,250.465,-9.08794899232246,4.635,7.66711769132549,0.524,0.092,264.853,96.477,0.018,Bajo,Baja
Ethiopia,2005.0,ETH,78367476.0,61634778962.0,4.956,0.063,253.664,-9.085316866325677,4.335,7.634750858759092,0.622,0.08,297.265,101.433,0.017,Bajo,Baja
Ethiopia,2006.0,ETH,80703495.0,67217118145.0,5.318,0.066,263.997,-9.139171060551327,4.639,7.620398436983072,0.68,0.079,313.911,106.751,0.017,Bajo,Baja
Ethiopia,2007.0,ETH,83103218.0,73421784125.0,5.84,0.07,244.401,-9.43212506733428,5.21,7.790295360474128,0.629,0.08,342.712,112.591,0.019,Bajo,Baja
Ethiopia,2008.0,ETH,85543670.0,79756503135.0,6.418,0.075,255.004,0.04,5.672,-1.4559178268744106,0.705,0.08,353.999,119.009,0.02,Bajo,Baja
Ethiopia,2009.0,ETH,88007641.0,86391027022.0,6.453,0.073,273.254,0.11,5.693,-1.4998874568719618,0.65,0.075,354.188,125.462,0.02,Bajo,Baja
Ethiopia,2010.0,ETH,90538518.0,94148625646.0,6.344,0.07,290.404,0.132,5.58,-1.535588109247639,0.632,0.067,360.906,131.806,0.019,Bajo,Baja
Ethiopia,2011.0,ETH,93149977.0,104948629242.0,7.355,0.079,276.229,0.396,6.163,-1.6623886651531103,0.796,0.07,383.195,139.161,0.021,Bajo,Baja
Ethiopia,2012.0,ETH,95798771.0,116345224724.0,7.988,0.083,289.163,0.524,6.108,-1.727987760438614,1.357,0.069,408.92,147.149,0.023,Bajo,Baja
Ethiopia,2013.0,ETH,98438752.0,128310309167.0,9.744,0.099,286.604,0.678,7.317,-1.8738530967452136,1.749,0.076,466.467,156.893,0.028,Bajo,Baja
Ethiopia,2014.0,ETH,101115615.0,141950543442.0,11.543,0.114,250.171,0.946,8.496,-2.059598323737622,2.102,0.081,521.377,168.436,0.033,Bajo,Baja
Ethiopia,2015.0,ETH,103867140.0,157107146471.0,12.564,0.121,224.231,0.99,8.668,-2.187284377453729,2.906,0.08,533.245,181.0,0.035,Bajo,Baja
Ethiopia,2016.0,ETH,106718163.0,173708917362.0,14.323,0.134,216.784,1.245,9.784,-2.3356616102182883,3.294,0.082,597.668,195.323,0.04,Bajo,Baja
Ethiopia,2017.0,ETH,109666482.0,190761659136.0,14.603,0.133,214.109,1.212,9.861,-2.4242742967222335,3.526,0.077,581.11,209.926,0.041,Bajo,Baja
Ethiopia,2018.0,ETH,112664157.0,206205566995.0,16.117,0.143,208.567,1.392,11.036,-2.5707009917015817,3.681,0.078,614.368,226.043,0.044,Bajo,Baja
Ethiopia,2019.0,ETH,115737384.0,221885291686.0,17.177,0.148,230.209,1.495,12.311,-2.690726132947837,3.371,0.077,688.227,243.22,0.046,Bajo,Baja
Ethiopia,2020.0,ETH,118917670.0,237860193068.0,16.735,0.141,243.9,1.7,11.237,-2.727969444380514,3.797,0.07,576.793,259.955,0.048,Bajo,Baja
Ethiopia,2021.0,ETH,122138588.0,251849804145.0,17.906,0.147,231.147,2.308,11.917,-2.874063802803571,3.681,0.071,585.118,277.861,0.049,Bajo,Baja
Ethiopia,2022.0,ETH,125384285.0,269977225159.0,16.96,0.135,233.825,2.455,11.56,-2.9301939159048738,2.945,0.063,642.378,294.821,0.045,Bajo,Baja
Ethiopia,2023.0,ETH,128691695.0,874566865377.8538,17.571,0.137,241.434,2.838,11.787,-3.7937483063144075,2.945,0.4025631479770271,693.361,312.391,0.046,,
Ethiopia,2024.0,ETH,132059770.0,897493944092.394,17.837,0.135,247.136,2.898,11.994,-4.087217416959728,2.945,0.4057830591395593,-1447.966017212616,330.228,0.046,,
